2026-10-05 17:58:07,333 | INFO | gender_networks.cli | Etapa report (execução main)
2026-10-05 17:58:08,055 | INFO | fontTools.subset | maxp pruned
2026-10-05 17:58:08,064 | INFO | fontTools.subset | cmap pruned
2026-10-05 17:58:08,065 | INFO | fontTools.subset | kern dropped
2026-10-05 17:58:08,065 | INFO | fontTools.subset | post pruned
2026-10-05 17:58:08,065 | INFO | fontTools.subset | FFTM dropped
2026-10-05 17:58:08,066 | INFO | fontTools.subset | GPOS pruned
2026-10-05 17:58:08,069 | INFO | fontTools.subset | GSUB pruned
2026-10-05 17:58:08,074 | INFO | fontTools.subset | glyf pruned
2026-10-05 17:58:08,075 | INFO | fontTools.subset | Added gid0 to subset
2026-10-05 17:58:08,075 | INFO | fontTools.subset | Added first four glyphs to subset
2026-10-05 17:58:08,075 | INFO | fontTools.subset | Closing glyph list over 'MATH': 51 glyphs before
2026-10-05 17:58:08,076 | INFO | fontTools.subset | Glyph names: ['.notdef', '.null', 'B', 'C', 'E', 'F', 'G', 'M', 'P', 'T', 'a', 'aacute', 'atilde', 'c', 'ccedilla', 'comma', 'd', 'e', 'eight', 'f', 'five', 'four', 'g', 'h', 'i', 'iacute', 'l', 'm', 'n', 'nine', 'nonmarkingreturn', 'o', 'one', 'p', 'parenleft', 'parenright', 'percent', 'period', 'q', 'r', 's', 'seven', 'six', 'space', 't', 'three', 'two', 'u', 'uacute', 'v', 'zero']
2026-10-05 17:58:08,076 | INFO | fontTools.subset | Glyph IDs:   [0, 1, 2, 3, 8, 11, 12, 15, 17, 19, 20, 21, 22, 23, 24, 25, 26, 27, 28, 37, 38, 40, 41, 42, 48, 51, 55, 68, 70, 71, 72, 73, 74, 75, 76, 79, 80, 81, 82, 83, 84, 85, 86, 87, 88, 89, 163, 165, 169, 175, 188]
2026-10-05 17:58:08,077 | INFO | fontTools.subset | Closed glyph list over 'MATH': 57 glyphs after
2026-10-05 17:58:08,077 | INFO | fontTools.subset | Glyph names: ['.notdef', '.null', 'B', 'C', 'E', 'F', 'G', 'M', 'P', 'T', 'a', 'aacute', 'atilde', 'c', 'ccedilla', 'comma', 'd', 'e', 'eight', 'f', 'five', 'four', 'g', 'h', 'i', 'iacute', 'l', 'm', 'n', 'nine', 'nonmarkingreturn', 'o', 'one', 'p', 'parenleft', 'parenright', 'percent', 'period', 'q', 'r', 's', 'seven', 'six', 'space', 't', 'three', 'two', 'u', 'uacute', 'uni239B', 'uni239C', 'uni239D', 'uni239E', 'uni239F', 'uni23A0', 'v', 'zero']
2026-10-05 17:58:08,077 | INFO | fontTools.subset | Glyph IDs:   [0, 1, 2, 3, 8, 11, 12, 15, 17, 19, 20, 21, 22, 23, 24, 25, 26, 27, 28, 37, 38, 40, 41, 42, 48, 51, 55, 68, 70, 71, 72, 73, 74, 75, 76, 79, 80, 81, 82, 83, 84, 85, 86, 87, 88, 89, 163, 165, 169, 175, 188, 3506, 3507, 3508, 3509, 3510, 3511]
2026-10-05 17:58:08,077 | INFO | fontTools.subset | Closing glyph list over 'GSUB': 57 glyphs before
2026-10-05 17:58:08,077 | INFO | fontTools.subset | Glyph names: ['.notdef', '.null', 'B', 'C', 'E', 'F', 'G', 'M', 'P', 'T', 'a', 'aacute', 'atilde', 'c', 'ccedilla', 'comma', 'd', 'e', 'eight', 'f', 'five', 'four', 'g', 'h', 'i', 'iacute', 'l', 'm', 'n', 'nine', 'nonmarkingreturn', 'o', 'one', 'p', 'parenleft', 'parenright', 'percent', 'period', 'q', 'r', 's', 'seven', 'six', 'space', 't', 'three', 'two', 'u', 'uacute', 'uni239B', 'uni239C', 'uni239D', 'uni239E', 'uni239F', 'uni23A0', 'v', 'zero']
2026-10-05 17:58:08,077 | INFO | fontTools.subset | Glyph IDs:   [0, 1, 2, 3, 8, 11, 12, 15, 17, 19, 20, 21, 22, 23, 24, 25, 26, 27, 28, 37, 38, 40, 41, 42, 48, 51, 55, 68, 70, 71, 72, 73, 74, 75, 76, 79, 80, 81, 82, 83, 84, 85, 86, 87, 88, 89, 163, 165, 169, 175, 188, 3506, 3507, 3508, 3509, 3510, 3511]
2026-10-05 17:58:08,081 | INFO | fontTools.subset | Closed glyph list over 'GSUB': 62 glyphs after
2026-10-05 17:58:08,081 | INFO | fontTools.subset | Glyph names: ['.notdef', '.null', 'B', 'C', 'E', 'F', 'G', 'M', 'P', 'T', 'a', 'aacute', 'atilde', 'c', 'ccedilla', 'comma', 'd', 'e', 'eight', 'f', 'fi', 'five', 'fl', 'four', 'g', 'h', 'i', 'iacute', 'l', 'm', 'n', 'nine', 'nonmarkingreturn', 'o', 'one', 'p', 'parenleft', 'parenright', 'percent', 'period', 'q', 'r', 's', 'seven', 'six', 'space', 't', 'three', 'two', 'u', 'uacute', 'uni239B', 'uni239C', 'uni239D', 'uni239E', 'uni239F', 'uni23A0', 'uniFB00', 'uniFB03', 'uniFB04', 'v', 'zero']
2026-10-05 17:58:08,081 | INFO | fontTools.subset | Glyph IDs:   [0, 1, 2, 3, 8, 11, 12, 15, 17, 19, 20, 21, 22, 23, 24, 25, 26, 27, 28, 37, 38, 40, 41, 42, 48, 51, 55, 68, 70, 71, 72, 73, 74, 75, 76, 79, 80, 81, 82, 83, 84, 85, 86, 87, 88, 89, 163, 165, 169, 175, 188, 3506, 3507, 3508, 3509, 3510, 3511, 5038, 5039, 5040, 5041, 5042]
2026-10-05 17:58:08,081 | INFO | fontTools.subset | Closing glyph list over 'glyf': 62 glyphs before
2026-10-05 17:58:08,081 | INFO | fontTools.subset | Glyph names: ['.notdef', '.null', 'B', 'C', 'E', 'F', 'G', 'M', 'P', 'T', 'a', 'aacute', 'atilde', 'c', 'ccedilla', 'comma', 'd', 'e', 'eight', 'f', 'fi', 'five', 'fl', 'four', 'g', 'h', 'i', 'iacute', 'l', 'm', 'n', 'nine', 'nonmarkingreturn', 'o', 'one', 'p', 'parenleft', 'parenright', 'percent', 'period', 'q', 'r', 's', 'seven', 'six', 'space', 't', 'three', 'two', 'u', 'uacute', 'uni239B', 'uni239C', 'uni239D', 'uni239E', 'uni239F', 'uni23A0', 'uniFB00', 'uniFB03', 'uniFB04', 'v', 'zero']
2026-10-05 17:58:08,081 | INFO | fontTools.subset | Glyph IDs:   [0, 1, 2, 3, 8, 11, 12, 15, 17, 19, 20, 21, 22, 23, 24, 25, 26, 27, 28, 37, 38, 40, 41, 42, 48, 51, 55, 68, 70, 71, 72, 73, 74, 75, 76, 79, 80, 81, 82, 83, 84, 85, 86, 87, 88, 89, 163, 165, 169, 175, 188, 3506, 3507, 3508, 3509, 3510, 3511, 5038, 5039, 5040, 5041, 5042]
2026-10-05 17:58:08,081 | INFO | fontTools.subset | Closed glyph list over 'glyf': 66 glyphs after
2026-10-05 17:58:08,081 | INFO | fontTools.subset | Glyph names: ['.notdef', '.null', 'B', 'C', 'E', 'F', 'G', 'M', 'P', 'T', 'a', 'aacute', 'acute', 'atilde', 'c', 'ccedilla', 'cedilla', 'comma', 'd', 'dotlessi', 'e', 'eight', 'f', 'fi', 'five', 'fl', 'four', 'g', 'h', 'i', 'iacute', 'l', 'm', 'n', 'nine', 'nonmarkingreturn', 'o', 'one', 'p', 'parenleft', 'parenright', 'percent', 'period', 'q', 'r', 's', 'seven', 'six', 'space', 't', 'three', 'tilde', 'two', 'u', 'uacute', 'uni239B', 'uni239C', 'uni239D', 'uni239E', 'uni239F', 'uni23A0', 'uniFB00', 'uniFB03', 'uniFB04', 'v', 'zero']
2026-10-05 17:58:08,081 | INFO | fontTools.subset | Glyph IDs:   [0, 1, 2, 3, 8, 11, 12, 15, 17, 19, 20, 21, 22, 23, 24, 25, 26, 27, 28, 37, 38, 40, 41, 42, 48, 51, 55, 68, 70, 71, 72, 73, 74, 75, 76, 79, 80, 81, 82, 83, 84, 85, 86, 87, 88, 89, 118, 122, 163, 165, 169, 175, 188, 243, 670, 3506, 3507, 3508, 3509, 3510, 3511, 5038, 5039, 5040, 5041, 5042]
2026-10-05 17:58:08,082 | INFO | fontTools.subset | Retaining 66 glyphs
2026-10-05 17:58:08,082 | INFO | fontTools.subset | head subsetting not needed
2026-10-05 17:58:08,082 | INFO | fontTools.subset | hhea subsetting not needed
2026-10-05 17:58:08,082 | INFO | fontTools.subset | maxp subsetting not needed
2026-10-05 17:58:08,082 | INFO | fontTools.subset | OS/2 subsetting not needed
2026-10-05 17:58:08,085 | INFO | fontTools.subset | hmtx subsetted
2026-10-05 17:58:08,087 | INFO | fontTools.subset | cmap subsetted
2026-10-05 17:58:08,087 | INFO | fontTools.subset | fpgm subsetting not needed
2026-10-05 17:58:08,087 | INFO | fontTools.subset | prep subsetting not needed
2026-10-05 17:58:08,087 | INFO | fontTools.subset | cvt  subsetting not needed
2026-10-05 17:58:08,087 | INFO | fontTools.subset | loca subsetting not needed
2026-10-05 17:58:08,087 | INFO | fontTools.subset | post subsetted
2026-10-05 17:58:08,087 | INFO | fontTools.subset | gasp subsetting not needed
2026-10-05 17:58:08,087 | INFO | fontTools.subset | MATH subsetted
2026-10-05 17:58:08,089 | INFO | fontTools.subset | GDEF subsetted
2026-10-05 17:58:08,104 | INFO | fontTools.subset | GPOS subsetted
2026-10-05 17:58:08,106 | INFO | fontTools.subset | GSUB subsetted
2026-10-05 17:58:08,106 | INFO | fontTools.subset | name subsetting not needed
2026-10-05 17:58:08,107 | INFO | fontTools.subset | glyf subsetted
2026-10-05 17:58:08,107 | INFO | fontTools.subset | head pruned
2026-10-05 17:58:08,108 | INFO | fontTools.subset | OS/2 Unicode ranges pruned: [0, 1]
2026-10-05 17:58:08,108 | INFO | fontTools.subset | OS/2 CodePage ranges pruned: [0]
2026-10-05 17:58:08,108 | INFO | fontTools.subset | glyf pruned
2026-10-05 17:58:08,108 | INFO | fontTools.subset | GDEF pruned
2026-10-05 17:58:08,109 | INFO | fontTools.subset | GPOS pruned
2026-10-05 17:58:08,109 | INFO | fontTools.subset | GSUB pruned
2026-10-05 17:58:08,115 | INFO | fontTools.subset | name pruned
2026-10-05 17:58:08,123 | INFO | fontTools.subset | maxp pruned
2026-10-05 17:58:08,131 | INFO | fontTools.subset | cmap pruned
2026-10-05 17:58:08,131 | INFO | fontTools.subset | kern dropped
2026-10-05 17:58:08,131 | INFO | fontTools.subset | post pruned
2026-10-05 17:58:08,131 | INFO | fontTools.subset | FFTM dropped
2026-10-05 17:58:08,132 | INFO | fontTools.subset | GPOS pruned
2026-10-05 17:58:08,135 | INFO | fontTools.subset | GSUB pruned
2026-10-05 17:58:08,139 | INFO | fontTools.subset | glyf pruned
2026-10-05 17:58:08,140 | INFO | fontTools.subset | Added gid0 to subset
2026-10-05 17:58:08,140 | INFO | fontTools.subset | Added first four glyphs to subset
2026-10-05 17:58:08,140 | INFO | fontTools.subset | Closing glyph list over 'MATH': 5 glyphs before
2026-10-05 17:58:08,140 | INFO | fontTools.subset | Glyph names: ['.notdef', '.null', 'fi', 'nonmarkingreturn', 'space']
2026-10-05 17:58:08,141 | INFO | fontTools.subset | Glyph IDs:   [0, 1, 2, 3, 5039]
2026-10-05 17:58:08,142 | INFO | fontTools.subset | Closed glyph list over 'MATH': 5 glyphs after
2026-10-05 17:58:08,142 | INFO | fontTools.subset | Glyph names: ['.notdef', '.null', 'fi', 'nonmarkingreturn', 'space']
2026-10-05 17:58:08,142 | INFO | fontTools.subset | Glyph IDs:   [0, 1, 2, 3, 5039]
2026-10-05 17:58:08,142 | INFO | fontTools.subset | Closing glyph list over 'GSUB': 5 glyphs before
2026-10-05 17:58:08,142 | INFO | fontTools.subset | Glyph names: ['.notdef', '.null', 'fi', 'nonmarkingreturn', 'space']
2026-10-05 17:58:08,142 | INFO | fontTools.subset | Glyph IDs:   [0, 1, 2, 3, 5039]
2026-10-05 17:58:08,143 | INFO | fontTools.subset | Closed glyph list over 'GSUB': 5 glyphs after
2026-10-05 17:58:08,143 | INFO | fontTools.subset | Glyph names: ['.notdef', '.null', 'fi', 'nonmarkingreturn', 'space']
2026-10-05 17:58:08,144 | INFO | fontTools.subset | Glyph IDs:   [0, 1, 2, 3, 5039]
2026-10-05 17:58:08,144 | INFO | fontTools.subset | Closing glyph list over 'glyf': 5 glyphs before
2026-10-05 17:58:08,144 | INFO | fontTools.subset | Glyph names: ['.notdef', '.null', 'fi', 'nonmarkingreturn', 'space']
2026-10-05 17:58:08,144 | INFO | fontTools.subset | Glyph IDs:   [0, 1, 2, 3, 5039]
2026-10-05 17:58:08,144 | INFO | fontTools.subset | Closed glyph list over 'glyf': 5 glyphs after
2026-10-05 17:58:08,144 | INFO | fontTools.subset | Glyph names: ['.notdef', '.null', 'fi', 'nonmarkingreturn', 'space']
2026-10-05 17:58:08,144 | INFO | fontTools.subset | Glyph IDs:   [0, 1, 2, 3, 5039]
2026-10-05 17:58:08,144 | INFO | fontTools.subset | Retaining 5 glyphs
2026-10-05 17:58:08,145 | INFO | fontTools.subset | head subsetting not needed
2026-10-05 17:58:08,145 | INFO | fontTools.subset | hhea subsetting not needed
2026-10-05 17:58:08,145 | INFO | fontTools.subset | maxp subsetting not needed
2026-10-05 17:58:08,145 | INFO | fontTools.subset | OS/2 subsetting not needed
2026-10-05 17:58:08,147 | INFO | fontTools.subset | hmtx subsetted
2026-10-05 17:58:08,149 | INFO | fontTools.subset | cmap subsetted
2026-10-05 17:58:08,149 | INFO | fontTools.subset | fpgm subsetting not needed
2026-10-05 17:58:08,149 | INFO | fontTools.subset | prep subsetting not needed
2026-10-05 17:58:08,149 | INFO | fontTools.subset | cvt  subsetting not needed
2026-10-05 17:58:08,149 | INFO | fontTools.subset | loca subsetting not needed
2026-10-05 17:58:08,149 | INFO | fontTools.subset | post subsetted
2026-10-05 17:58:08,149 | INFO | fontTools.subset | gasp subsetting not needed
2026-10-05 17:58:08,149 | INFO | fontTools.subset | MATH subsetted
2026-10-05 17:58:08,151 | INFO | fontTools.subset | GDEF subsetted
2026-10-05 17:58:08,166 | INFO | fontTools.subset | GPOS subsetted
2026-10-05 17:58:08,166 | INFO | fontTools.subset | GSUB subsetted
2026-10-05 17:58:08,166 | INFO | fontTools.subset | name subsetting not needed
2026-10-05 17:58:08,167 | INFO | fontTools.subset | glyf subsetted
2026-10-05 17:58:08,168 | INFO | fontTools.subset | head pruned
2026-10-05 17:58:08,168 | INFO | fontTools.subset | OS/2 Unicode ranges pruned: [62]
2026-10-05 17:58:08,168 | INFO | fontTools.subset | OS/2 CodePage ranges pruned: [0]
2026-10-05 17:58:08,168 | INFO | fontTools.subset | glyf pruned
2026-10-05 17:58:08,168 | INFO | fontTools.subset | GDEF pruned
2026-10-05 17:58:08,168 | INFO | fontTools.subset | GPOS pruned
2026-10-05 17:58:08,169 | INFO | fontTools.subset | GSUB pruned
2026-10-05 17:58:08,170 | INFO | fontTools.subset | name pruned
2026-10-05 17:58:08,530 | INFO | fontTools.subset | maxp pruned
2026-10-05 17:58:08,538 | INFO | fontTools.subset | cmap pruned
2026-10-05 17:58:08,538 | INFO | fontTools.subset | kern dropped
2026-10-05 17:58:08,538 | INFO | fontTools.subset | post pruned
2026-10-05 17:58:08,538 | INFO | fontTools.subset | FFTM dropped
2026-10-05 17:58:08,539 | INFO | fontTools.subset | GPOS pruned
2026-10-05 17:58:08,542 | INFO | fontTools.subset | GSUB pruned
2026-10-05 17:58:08,547 | INFO | fontTools.subset | glyf pruned
2026-10-05 17:58:08,548 | INFO | fontTools.subset | Added gid0 to subset
2026-10-05 17:58:08,548 | INFO | fontTools.subset | Added first four glyphs to subset
2026-10-05 17:58:08,548 | INFO | fontTools.subset | Closing glyph list over 'MATH': 45 glyphs before
2026-10-05 17:58:08,548 | INFO | fontTools.subset | Glyph names: ['.notdef', '.null', 'B', 'C', 'E', 'F', 'G', 'M', 'P', 'a', 'aacute', 'atilde', 'b', 'c', 'ccedilla', 'd', 'e', 'eight', 'f', 'five', 'four', 'g', 'i', 'iacute', 'l', 'm', 'n', 'nine', 'nonmarkingreturn', 'o', 'one', 'p', 'parenleft', 'parenright', 'r', 's', 'seven', 'six', 'space', 't', 'three', 'two', 'u', 'uacute', 'zero']
2026-10-05 17:58:08,549 | INFO | fontTools.subset | Glyph IDs:   [0, 1, 2, 3, 11, 12, 19, 20, 21, 22, 23, 24, 25, 26, 27, 28, 37, 38, 40, 41, 42, 48, 51, 68, 69, 70, 71, 72, 73, 74, 76, 79, 80, 81, 82, 83, 85, 86, 87, 88, 163, 165, 169, 175, 188]
2026-10-05 17:58:08,550 | INFO | fontTools.subset | Closed glyph list over 'MATH': 51 glyphs after
2026-10-05 17:58:08,550 | INFO | fontTools.subset | Glyph names: ['.notdef', '.null', 'B', 'C', 'E', 'F', 'G', 'M', 'P', 'a', 'aacute', 'atilde', 'b', 'c', 'ccedilla', 'd', 'e', 'eight', 'f', 'five', 'four', 'g', 'i', 'iacute', 'l', 'm', 'n', 'nine', 'nonmarkingreturn', 'o', 'one', 'p', 'parenleft', 'parenright', 'r', 's', 'seven', 'six', 'space', 't', 'three', 'two', 'u', 'uacute', 'uni239B', 'uni239C', 'uni239D', 'uni239E', 'uni239F', 'uni23A0', 'zero']
2026-10-05 17:58:08,550 | INFO | fontTools.subset | Glyph IDs:   [0, 1, 2, 3, 11, 12, 19, 20, 21, 22, 23, 24, 25, 26, 27, 28, 37, 38, 40, 41, 42, 48, 51, 68, 69, 70, 71, 72, 73, 74, 76, 79, 80, 81, 82, 83, 85, 86, 87, 88, 163, 165, 169, 175, 188, 3506, 3507, 3508, 3509, 3510, 3511]
2026-10-05 17:58:08,550 | INFO | fontTools.subset | Closing glyph list over 'GSUB': 51 glyphs before
2026-10-05 17:58:08,550 | INFO | fontTools.subset | Glyph names: ['.notdef', '.null', 'B', 'C', 'E', 'F', 'G', 'M', 'P', 'a', 'aacute', 'atilde', 'b', 'c', 'ccedilla', 'd', 'e', 'eight', 'f', 'five', 'four', 'g', 'i', 'iacute', 'l', 'm', 'n', 'nine', 'nonmarkingreturn', 'o', 'one', 'p', 'parenleft', 'parenright', 'r', 's', 'seven', 'six', 'space', 't', 'three', 'two', 'u', 'uacute', 'uni239B', 'uni239C', 'uni239D', 'uni239E', 'uni239F', 'uni23A0', 'zero']
2026-10-05 17:58:08,550 | INFO | fontTools.subset | Glyph IDs:   [0, 1, 2, 3, 11, 12, 19, 20, 21, 22, 23, 24, 25, 26, 27, 28, 37, 38, 40, 41, 42, 48, 51, 68, 69, 70, 71, 72, 73, 74, 76, 79, 80, 81, 82, 83, 85, 86, 87, 88, 163, 165, 169, 175, 188, 3506, 3507, 3508, 3509, 3510, 3511]
2026-10-05 17:58:08,553 | INFO | fontTools.subset | Closed glyph list over 'GSUB': 56 glyphs after
2026-10-05 17:58:08,553 | INFO | fontTools.subset | Glyph names: ['.notdef', '.null', 'B', 'C', 'E', 'F', 'G', 'M', 'P', 'a', 'aacute', 'atilde', 'b', 'c', 'ccedilla', 'd', 'e', 'eight', 'f', 'fi', 'five', 'fl', 'four', 'g', 'i', 'iacute', 'l', 'm', 'n', 'nine', 'nonmarkingreturn', 'o', 'one', 'p', 'parenleft', 'parenright', 'r', 's', 'seven', 'six', 'space', 't', 'three', 'two', 'u', 'uacute', 'uni239B', 'uni239C', 'uni239D', 'uni239E', 'uni239F', 'uni23A0', 'uniFB00', 'uniFB03', 'uniFB04', 'zero']
2026-10-05 17:58:08,553 | INFO | fontTools.subset | Glyph IDs:   [0, 1, 2, 3, 11, 12, 19, 20, 21, 22, 23, 24, 25, 26, 27, 28, 37, 38, 40, 41, 42, 48, 51, 68, 69, 70, 71, 72, 73, 74, 76, 79, 80, 81, 82, 83, 85, 86, 87, 88, 163, 165, 169, 175, 188, 3506, 3507, 3508, 3509, 3510, 3511, 5038, 5039, 5040, 5041, 5042]
2026-10-05 17:58:08,553 | INFO | fontTools.subset | Closing glyph list over 'glyf': 56 glyphs before
2026-10-05 17:58:08,553 | INFO | fontTools.subset | Glyph names: ['.notdef', '.null', 'B', 'C', 'E', 'F', 'G', 'M', 'P', 'a', 'aacute', 'atilde', 'b', 'c', 'ccedilla', 'd', 'e', 'eight', 'f', 'fi', 'five', 'fl', 'four', 'g', 'i', 'iacute', 'l', 'm', 'n', 'nine', 'nonmarkingreturn', 'o', 'one', 'p', 'parenleft', 'parenright', 'r', 's', 'seven', 'six', 'space', 't', 'three', 'two', 'u', 'uacute', 'uni239B', 'uni239C', 'uni239D', 'uni239E', 'uni239F', 'uni23A0', 'uniFB00', 'uniFB03', 'uniFB04', 'zero']
2026-10-05 17:58:08,553 | INFO | fontTools.subset | Glyph IDs:   [0, 1, 2, 3, 11, 12, 19, 20, 21, 22, 23, 24, 25, 26, 27, 28, 37, 38, 40, 41, 42, 48, 51, 68, 69, 70, 71, 72, 73, 74, 76, 79, 80, 81, 82, 83, 85, 86, 87, 88, 163, 165, 169, 175, 188, 3506, 3507, 3508, 3509, 3510, 3511, 5038, 5039, 5040, 5041, 5042]
2026-10-05 17:58:08,553 | INFO | fontTools.subset | Closed glyph list over 'glyf': 60 glyphs after
2026-10-05 17:58:08,553 | INFO | fontTools.subset | Glyph names: ['.notdef', '.null', 'B', 'C', 'E', 'F', 'G', 'M', 'P', 'a', 'aacute', 'acute', 'atilde', 'b', 'c', 'ccedilla', 'cedilla', 'd', 'dotlessi', 'e', 'eight', 'f', 'fi', 'five', 'fl', 'four', 'g', 'i', 'iacute', 'l', 'm', 'n', 'nine', 'nonmarkingreturn', 'o', 'one', 'p', 'parenleft', 'parenright', 'r', 's', 'seven', 'six', 'space', 't', 'three', 'tilde', 'two', 'u', 'uacute', 'uni239B', 'uni239C', 'uni239D', 'uni239E', 'uni239F', 'uni23A0', 'uniFB00', 'uniFB03', 'uniFB04', 'zero']
2026-10-05 17:58:08,554 | INFO | fontTools.subset | Glyph IDs:   [0, 1, 2, 3, 11, 12, 19, 20, 21, 22, 23, 24, 25, 26, 27, 28, 37, 38, 40, 41, 42, 48, 51, 68, 69, 70, 71, 72, 73, 74, 76, 79, 80, 81, 82, 83, 85, 86, 87, 88, 118, 122, 163, 165, 169, 175, 188, 243, 670, 3506, 3507, 3508, 3509, 3510, 3511, 5038, 5039, 5040, 5041, 5042]
2026-10-05 17:58:08,554 | INFO | fontTools.subset | Retaining 60 glyphs
2026-10-05 17:58:08,554 | INFO | fontTools.subset | head subsetting not needed
2026-10-05 17:58:08,554 | INFO | fontTools.subset | hhea subsetting not needed
2026-10-05 17:58:08,554 | INFO | fontTools.subset | maxp subsetting not needed
2026-10-05 17:58:08,554 | INFO | fontTools.subset | OS/2 subsetting not needed
2026-10-05 17:58:08,557 | INFO | fontTools.subset | hmtx subsetted
2026-10-05 17:58:08,559 | INFO | fontTools.subset | cmap subsetted
2026-10-05 17:58:08,559 | INFO | fontTools.subset | fpgm subsetting not needed
2026-10-05 17:58:08,559 | INFO | fontTools.subset | prep subsetting not needed
2026-10-05 17:58:08,559 | INFO | fontTools.subset | cvt  subsetting not needed
2026-10-05 17:58:08,559 | INFO | fontTools.subset | loca subsetting not needed
2026-10-05 17:58:08,559 | INFO | fontTools.subset | post subsetted
2026-10-05 17:58:08,559 | INFO | fontTools.subset | gasp subsetting not needed
2026-10-05 17:58:08,559 | INFO | fontTools.subset | MATH subsetted
2026-10-05 17:58:08,561 | INFO | fontTools.subset | GDEF subsetted
2026-10-05 17:58:08,576 | INFO | fontTools.subset | GPOS subsetted
2026-10-05 17:58:08,577 | INFO | fontTools.subset | GSUB subsetted
2026-10-05 17:58:08,577 | INFO | fontTools.subset | name subsetting not needed
2026-10-05 17:58:08,579 | INFO | fontTools.subset | glyf subsetted
2026-10-05 17:58:08,579 | INFO | fontTools.subset | head pruned
2026-10-05 17:58:08,579 | INFO | fontTools.subset | OS/2 Unicode ranges pruned: [0, 1]
2026-10-05 17:58:08,579 | INFO | fontTools.subset | OS/2 CodePage ranges pruned: [0]
2026-10-05 17:58:08,580 | INFO | fontTools.subset | glyf pruned
2026-10-05 17:58:08,580 | INFO | fontTools.subset | GDEF pruned
2026-10-05 17:58:08,580 | INFO | fontTools.subset | GPOS pruned
2026-10-05 17:58:08,580 | INFO | fontTools.subset | GSUB pruned
2026-10-05 17:58:08,585 | INFO | fontTools.subset | name pruned
2026-10-05 17:58:08,592 | INFO | fontTools.subset | maxp pruned
2026-10-05 17:58:08,600 | INFO | fontTools.subset | cmap pruned
2026-10-05 17:58:08,600 | INFO | fontTools.subset | kern dropped
2026-10-05 17:58:08,600 | INFO | fontTools.subset | post pruned
2026-10-05 17:58:08,600 | INFO | fontTools.subset | FFTM dropped
2026-10-05 17:58:08,601 | INFO | fontTools.subset | GPOS pruned
2026-10-05 17:58:08,604 | INFO | fontTools.subset | GSUB pruned
2026-10-05 17:58:08,608 | INFO | fontTools.subset | glyf pruned
2026-10-05 17:58:08,609 | INFO | fontTools.subset | Added gid0 to subset
2026-10-05 17:58:08,609 | INFO | fontTools.subset | Added first four glyphs to subset
2026-10-05 17:58:08,609 | INFO | fontTools.subset | Closing glyph list over 'MATH': 5 glyphs before
2026-10-05 17:58:08,609 | INFO | fontTools.subset | Glyph names: ['.notdef', '.null', 'fi', 'nonmarkingreturn', 'space']
2026-10-05 17:58:08,610 | INFO | fontTools.subset | Glyph IDs:   [0, 1, 2, 3, 5039]
2026-10-05 17:58:08,610 | INFO | fontTools.subset | Closed glyph list over 'MATH': 5 glyphs after
2026-10-05 17:58:08,610 | INFO | fontTools.subset | Glyph names: ['.notdef', '.null', 'fi', 'nonmarkingreturn', 'space']
2026-10-05 17:58:08,610 | INFO | fontTools.subset | Glyph IDs:   [0, 1, 2, 3, 5039]
2026-10-05 17:58:08,610 | INFO | fontTools.subset | Closing glyph list over 'GSUB': 5 glyphs before
2026-10-05 17:58:08,611 | INFO | fontTools.subset | Glyph names: ['.notdef', '.null', 'fi', 'nonmarkingreturn', 'space']
2026-10-05 17:58:08,611 | INFO | fontTools.subset | Glyph IDs:   [0, 1, 2, 3, 5039]
2026-10-05 17:58:08,612 | INFO | fontTools.subset | Closed glyph list over 'GSUB': 5 glyphs after
2026-10-05 17:58:08,612 | INFO | fontTools.subset | Glyph names: ['.notdef', '.null', 'fi', 'nonmarkingreturn', 'space']
2026-10-05 17:58:08,612 | INFO | fontTools.subset | Glyph IDs:   [0, 1, 2, 3, 5039]
2026-10-05 17:58:08,612 | INFO | fontTools.subset | Closing glyph list over 'glyf': 5 glyphs before
2026-10-05 17:58:08,612 | INFO | fontTools.subset | Glyph names: ['.notdef', '.null', 'fi', 'nonmarkingreturn', 'space']
2026-10-05 17:58:08,612 | INFO | fontTools.subset | Glyph IDs:   [0, 1, 2, 3, 5039]
2026-10-05 17:58:08,612 | INFO | fontTools.subset | Closed glyph list over 'glyf': 5 glyphs after
2026-10-05 17:58:08,612 | INFO | fontTools.subset | Glyph names: ['.notdef', '.null', 'fi', 'nonmarkingreturn', 'space']
2026-10-05 17:58:08,612 | INFO | fontTools.subset | Glyph IDs:   [0, 1, 2, 3, 5039]
2026-10-05 17:58:08,613 | INFO | fontTools.subset | Retaining 5 glyphs
2026-10-05 17:58:08,613 | INFO | fontTools.subset | head subsetting not needed
2026-10-05 17:58:08,613 | INFO | fontTools.subset | hhea subsetting not needed
2026-10-05 17:58:08,613 | INFO | fontTools.subset | maxp subsetting not needed
2026-10-05 17:58:08,613 | INFO | fontTools.subset | OS/2 subsetting not needed
2026-10-05 17:58:08,616 | INFO | fontTools.subset | hmtx subsetted
2026-10-05 17:58:08,617 | INFO | fontTools.subset | cmap subsetted
2026-10-05 17:58:08,617 | INFO | fontTools.subset | fpgm subsetting not needed
2026-10-05 17:58:08,617 | INFO | fontTools.subset | prep subsetting not needed
2026-10-05 17:58:08,617 | INFO | fontTools.subset | cvt  subsetting not needed
2026-10-05 17:58:08,617 | INFO | fontTools.subset | loca subsetting not needed
2026-10-05 17:58:08,617 | INFO | fontTools.subset | post subsetted
2026-10-05 17:58:08,617 | INFO | fontTools.subset | gasp subsetting not needed
2026-10-05 17:58:08,617 | INFO | fontTools.subset | MATH subsetted
2026-10-05 17:58:08,619 | INFO | fontTools.subset | GDEF subsetted
2026-10-05 17:58:08,634 | INFO | fontTools.subset | GPOS subsetted
2026-10-05 17:58:08,635 | INFO | fontTools.subset | GSUB subsetted
2026-10-05 17:58:08,635 | INFO | fontTools.subset | name subsetting not needed
2026-10-05 17:58:08,636 | INFO | fontTools.subset | glyf subsetted
2026-10-05 17:58:08,636 | INFO | fontTools.subset | head pruned
2026-10-05 17:58:08,637 | INFO | fontTools.subset | OS/2 Unicode ranges pruned: [62]
2026-10-05 17:58:08,637 | INFO | fontTools.subset | OS/2 CodePage ranges pruned: [0]
2026-10-05 17:58:08,637 | INFO | fontTools.subset | glyf pruned
2026-10-05 17:58:08,637 | INFO | fontTools.subset | GDEF pruned
2026-10-05 17:58:08,637 | INFO | fontTools.subset | GPOS pruned
2026-10-05 17:58:08,637 | INFO | fontTools.subset | GSUB pruned
2026-10-05 17:58:08,638 | INFO | fontTools.subset | name pruned
2026-10-05 17:58:09,109 | INFO | fontTools.subset | maxp pruned
2026-10-05 17:58:09,119 | INFO | fontTools.subset | cmap pruned
2026-10-05 17:58:09,119 | INFO | fontTools.subset | kern dropped
2026-10-05 17:58:09,119 | INFO | fontTools.subset | post pruned
2026-10-05 17:58:09,119 | INFO | fontTools.subset | FFTM dropped
2026-10-05 17:58:09,121 | INFO | fontTools.subset | GPOS pruned
2026-10-05 17:58:09,123 | INFO | fontTools.subset | GSUB pruned
2026-10-05 17:58:09,128 | INFO | fontTools.subset | glyf pruned
2026-10-05 17:58:09,129 | INFO | fontTools.subset | Added gid0 to subset
2026-10-05 17:58:09,129 | INFO | fontTools.subset | Added first four glyphs to subset
2026-10-05 17:58:09,129 | INFO | fontTools.subset | Closing glyph list over 'MATH': 51 glyphs before
2026-10-05 17:58:09,129 | INFO | fontTools.subset | Glyph names: ['.notdef', '.null', 'B', 'C', 'E', 'F', 'G', 'M', 'P', 'T', 'a', 'atilde', 'c', 'ccedilla', 'd', 'e', 'ecircumflex', 'eight', 'f', 'five', 'four', 'g', 'i', 'iacute', 'k', 'l', 'm', 'n', 'nine', 'nonmarkingreturn', 'o', 'one', 'p', 'parenleft', 'parenright', 'period', 'q', 'r', 's', 'seven', 'six', 'space', 't', 'three', 'two', 'u', 'uacute', 'underscore', 'v', 'x', 'zero']
2026-10-05 17:58:09,130 | INFO | fontTools.subset | Glyph IDs:   [0, 1, 2, 3, 11, 12, 17, 19, 20, 21, 22, 23, 24, 25, 26, 27, 28, 37, 38, 40, 41, 42, 48, 51, 55, 66, 68, 70, 71, 72, 73, 74, 76, 78, 79, 80, 81, 82, 83, 84, 85, 86, 87, 88, 89, 91, 165, 169, 172, 175, 188]
2026-10-05 17:58:09,130 | INFO | fontTools.subset | Closed glyph list over 'MATH': 57 glyphs after
2026-10-05 17:58:09,130 | INFO | fontTools.subset | Glyph names: ['.notdef', '.null', 'B', 'C', 'E', 'F', 'G', 'M', 'P', 'T', 'a', 'atilde', 'c', 'ccedilla', 'd', 'e', 'ecircumflex', 'eight', 'f', 'five', 'four', 'g', 'i', 'iacute', 'k', 'l', 'm', 'n', 'nine', 'nonmarkingreturn', 'o', 'one', 'p', 'parenleft', 'parenright', 'period', 'q', 'r', 's', 'seven', 'six', 'space', 't', 'three', 'two', 'u', 'uacute', 'underscore', 'uni239B', 'uni239C', 'uni239D', 'uni239E', 'uni239F', 'uni23A0', 'v', 'x', 'zero']
2026-10-05 17:58:09,130 | INFO | fontTools.subset | Glyph IDs:   [0, 1, 2, 3, 11, 12, 17, 19, 20, 21, 22, 23, 24, 25, 26, 27, 28, 37, 38, 40, 41, 42, 48, 51, 55, 66, 68, 70, 71, 72, 73, 74, 76, 78, 79, 80, 81, 82, 83, 84, 85, 86, 87, 88, 89, 91, 165, 169, 172, 175, 188, 3506, 3507, 3508, 3509, 3510, 3511]
2026-10-05 17:58:09,131 | INFO | fontTools.subset | Closing glyph list over 'GSUB': 57 glyphs before
2026-10-05 17:58:09,131 | INFO | fontTools.subset | Glyph names: ['.notdef', '.null', 'B', 'C', 'E', 'F', 'G', 'M', 'P', 'T', 'a', 'atilde', 'c', 'ccedilla', 'd', 'e', 'ecircumflex', 'eight', 'f', 'five', 'four', 'g', 'i', 'iacute', 'k', 'l', 'm', 'n', 'nine', 'nonmarkingreturn', 'o', 'one', 'p', 'parenleft', 'parenright', 'period', 'q', 'r', 's', 'seven', 'six', 'space', 't', 'three', 'two', 'u', 'uacute', 'underscore', 'uni239B', 'uni239C', 'uni239D', 'uni239E', 'uni239F', 'uni23A0', 'v', 'x', 'zero']
2026-10-05 17:58:09,131 | INFO | fontTools.subset | Glyph IDs:   [0, 1, 2, 3, 11, 12, 17, 19, 20, 21, 22, 23, 24, 25, 26, 27, 28, 37, 38, 40, 41, 42, 48, 51, 55, 66, 68, 70, 71, 72, 73, 74, 76, 78, 79, 80, 81, 82, 83, 84, 85, 86, 87, 88, 89, 91, 165, 169, 172, 175, 188, 3506, 3507, 3508, 3509, 3510, 3511]
2026-10-05 17:58:09,134 | INFO | fontTools.subset | Closed glyph list over 'GSUB': 62 glyphs after
2026-10-05 17:58:09,134 | INFO | fontTools.subset | Glyph names: ['.notdef', '.null', 'B', 'C', 'E', 'F', 'G', 'M', 'P', 'T', 'a', 'atilde', 'c', 'ccedilla', 'd', 'e', 'ecircumflex', 'eight', 'f', 'fi', 'five', 'fl', 'four', 'g', 'i', 'iacute', 'k', 'l', 'm', 'n', 'nine', 'nonmarkingreturn', 'o', 'one', 'p', 'parenleft', 'parenright', 'period', 'q', 'r', 's', 'seven', 'six', 'space', 't', 'three', 'two', 'u', 'uacute', 'underscore', 'uni239B', 'uni239C', 'uni239D', 'uni239E', 'uni239F', 'uni23A0', 'uniFB00', 'uniFB03', 'uniFB04', 'v', 'x', 'zero']
2026-10-05 17:58:09,134 | INFO | fontTools.subset | Glyph IDs:   [0, 1, 2, 3, 11, 12, 17, 19, 20, 21, 22, 23, 24, 25, 26, 27, 28, 37, 38, 40, 41, 42, 48, 51, 55, 66, 68, 70, 71, 72, 73, 74, 76, 78, 79, 80, 81, 82, 83, 84, 85, 86, 87, 88, 89, 91, 165, 169, 172, 175, 188, 3506, 3507, 3508, 3509, 3510, 3511, 5038, 5039, 5040, 5041, 5042]
2026-10-05 17:58:09,134 | INFO | fontTools.subset | Closing glyph list over 'glyf': 62 glyphs before
2026-10-05 17:58:09,134 | INFO | fontTools.subset | Glyph names: ['.notdef', '.null', 'B', 'C', 'E', 'F', 'G', 'M', 'P', 'T', 'a', 'atilde', 'c', 'ccedilla', 'd', 'e', 'ecircumflex', 'eight', 'f', 'fi', 'five', 'fl', 'four', 'g', 'i', 'iacute', 'k', 'l', 'm', 'n', 'nine', 'nonmarkingreturn', 'o', 'one', 'p', 'parenleft', 'parenright', 'period', 'q', 'r', 's', 'seven', 'six', 'space', 't', 'three', 'two', 'u', 'uacute', 'underscore', 'uni239B', 'uni239C', 'uni239D', 'uni239E', 'uni239F', 'uni23A0', 'uniFB00', 'uniFB03', 'uniFB04', 'v', 'x', 'zero']
2026-10-05 17:58:09,134 | INFO | fontTools.subset | Glyph IDs:   [0, 1, 2, 3, 11, 12, 17, 19, 20, 21, 22, 23, 24, 25, 26, 27, 28, 37, 38, 40, 41, 42, 48, 51, 55, 66, 68, 70, 71, 72, 73, 74, 76, 78, 79, 80, 81, 82, 83, 84, 85, 86, 87, 88, 89, 91, 165, 169, 172, 175, 188, 3506, 3507, 3508, 3509, 3510, 3511, 5038, 5039, 5040, 5041, 5042]
2026-10-05 17:58:09,134 | INFO | fontTools.subset | Closed glyph list over 'glyf': 67 glyphs after
2026-10-05 17:58:09,134 | INFO | fontTools.subset | Glyph names: ['.notdef', '.null', 'B', 'C', 'E', 'F', 'G', 'M', 'P', 'T', 'a', 'acute', 'atilde', 'c', 'ccedilla', 'cedilla', 'circumflex', 'd', 'dotlessi', 'e', 'ecircumflex', 'eight', 'f', 'fi', 'five', 'fl', 'four', 'g', 'i', 'iacute', 'k', 'l', 'm', 'n', 'nine', 'nonmarkingreturn', 'o', 'one', 'p', 'parenleft', 'parenright', 'period', 'q', 'r', 's', 'seven', 'six', 'space', 't', 'three', 'tilde', 'two', 'u', 'uacute', 'underscore', 'uni239B', 'uni239C', 'uni239D', 'uni239E', 'uni239F', 'uni23A0', 'uniFB00', 'uniFB03', 'uniFB04', 'v', 'x', 'zero']
2026-10-05 17:58:09,135 | INFO | fontTools.subset | Glyph IDs:   [0, 1, 2, 3, 11, 12, 17, 19, 20, 21, 22, 23, 24, 25, 26, 27, 28, 37, 38, 40, 41, 42, 48, 51, 55, 66, 68, 70, 71, 72, 73, 74, 76, 78, 79, 80, 81, 82, 83, 84, 85, 86, 87, 88, 89, 91, 118, 122, 165, 169, 172, 175, 188, 243, 648, 670, 3506, 3507, 3508, 3509, 3510, 3511, 5038, 5039, 5040, 5041, 5042]
2026-10-05 17:58:09,135 | INFO | fontTools.subset | Retaining 67 glyphs
2026-10-05 17:58:09,135 | INFO | fontTools.subset | head subsetting not needed
2026-10-05 17:58:09,135 | INFO | fontTools.subset | hhea subsetting not needed
2026-10-05 17:58:09,135 | INFO | fontTools.subset | maxp subsetting not needed
2026-10-05 17:58:09,135 | INFO | fontTools.subset | OS/2 subsetting not needed
2026-10-05 17:58:09,139 | INFO | fontTools.subset | hmtx subsetted
2026-10-05 17:58:09,140 | INFO | fontTools.subset | cmap subsetted
2026-10-05 17:58:09,140 | INFO | fontTools.subset | fpgm subsetting not needed
2026-10-05 17:58:09,141 | INFO | fontTools.subset | prep subsetting not needed
2026-10-05 17:58:09,141 | INFO | fontTools.subset | cvt  subsetting not needed
2026-10-05 17:58:09,141 | INFO | fontTools.subset | loca subsetting not needed
2026-10-05 17:58:09,141 | INFO | fontTools.subset | post subsetted
2026-10-05 17:58:09,141 | INFO | fontTools.subset | gasp subsetting not needed
2026-10-05 17:58:09,141 | INFO | fontTools.subset | MATH subsetted
2026-10-05 17:58:09,142 | INFO | fontTools.subset | GDEF subsetted
2026-10-05 17:58:09,217 | INFO | fontTools.subset | GPOS subsetted
2026-10-05 17:58:09,218 | INFO | fontTools.subset | GSUB subsetted
2026-10-05 17:58:09,218 | INFO | fontTools.subset | name subsetting not needed
2026-10-05 17:58:09,220 | INFO | fontTools.subset | glyf subsetted
2026-10-05 17:58:09,220 | INFO | fontTools.subset | head pruned
2026-10-05 17:58:09,220 | INFO | fontTools.subset | OS/2 Unicode ranges pruned: [0, 1]
2026-10-05 17:58:09,220 | INFO | fontTools.subset | OS/2 CodePage ranges pruned: [0]
2026-10-05 17:58:09,221 | INFO | fontTools.subset | glyf pruned
2026-10-05 17:58:09,221 | INFO | fontTools.subset | GDEF pruned
2026-10-05 17:58:09,221 | INFO | fontTools.subset | GPOS pruned
2026-10-05 17:58:09,221 | INFO | fontTools.subset | GSUB pruned
2026-10-05 17:58:09,228 | INFO | fontTools.subset | name pruned
2026-10-05 17:58:09,236 | INFO | fontTools.subset | maxp pruned
2026-10-05 17:58:09,244 | INFO | fontTools.subset | cmap pruned
2026-10-05 17:58:09,244 | INFO | fontTools.subset | kern dropped
2026-10-05 17:58:09,244 | INFO | fontTools.subset | post pruned
2026-10-05 17:58:09,244 | INFO | fontTools.subset | FFTM dropped
2026-10-05 17:58:09,245 | INFO | fontTools.subset | GPOS pruned
2026-10-05 17:58:09,247 | INFO | fontTools.subset | GSUB pruned
2026-10-05 17:58:09,252 | INFO | fontTools.subset | glyf pruned
2026-10-05 17:58:09,253 | INFO | fontTools.subset | Added gid0 to subset
2026-10-05 17:58:09,253 | INFO | fontTools.subset | Added first four glyphs to subset
2026-10-05 17:58:09,253 | INFO | fontTools.subset | Closing glyph list over 'MATH': 6 glyphs before
2026-10-05 17:58:09,253 | INFO | fontTools.subset | Glyph names: ['.notdef', '.null', 'endash', 'fi', 'nonmarkingreturn', 'space']
2026-10-05 17:58:09,253 | INFO | fontTools.subset | Glyph IDs:   [0, 1, 2, 3, 2805, 5039]
2026-10-05 17:58:09,254 | INFO | fontTools.subset | Closed glyph list over 'MATH': 6 glyphs after
2026-10-05 17:58:09,254 | INFO | fontTools.subset | Glyph names: ['.notdef', '.null', 'endash', 'fi', 'nonmarkingreturn', 'space']
2026-10-05 17:58:09,254 | INFO | fontTools.subset | Glyph IDs:   [0, 1, 2, 3, 2805, 5039]
2026-10-05 17:58:09,254 | INFO | fontTools.subset | Closing glyph list over 'GSUB': 6 glyphs before
2026-10-05 17:58:09,254 | INFO | fontTools.subset | Glyph names: ['.notdef', '.null', 'endash', 'fi', 'nonmarkingreturn', 'space']
2026-10-05 17:58:09,254 | INFO | fontTools.subset | Glyph IDs:   [0, 1, 2, 3, 2805, 5039]
2026-10-05 17:58:09,256 | INFO | fontTools.subset | Closed glyph list over 'GSUB': 6 glyphs after
2026-10-05 17:58:09,256 | INFO | fontTools.subset | Glyph names: ['.notdef', '.null', 'endash', 'fi', 'nonmarkingreturn', 'space']
2026-10-05 17:58:09,256 | INFO | fontTools.subset | Glyph IDs:   [0, 1, 2, 3, 2805, 5039]
2026-10-05 17:58:09,256 | INFO | fontTools.subset | Closing glyph list over 'glyf': 6 glyphs before
2026-10-05 17:58:09,256 | INFO | fontTools.subset | Glyph names: ['.notdef', '.null', 'endash', 'fi', 'nonmarkingreturn', 'space']
2026-10-05 17:58:09,256 | INFO | fontTools.subset | Glyph IDs:   [0, 1, 2, 3, 2805, 5039]
2026-10-05 17:58:09,256 | INFO | fontTools.subset | Closed glyph list over 'glyf': 6 glyphs after
2026-10-05 17:58:09,256 | INFO | fontTools.subset | Glyph names: ['.notdef', '.null', 'endash', 'fi', 'nonmarkingreturn', 'space']
2026-10-05 17:58:09,256 | INFO | fontTools.subset | Glyph IDs:   [0, 1, 2, 3, 2805, 5039]
2026-10-05 17:58:09,257 | INFO | fontTools.subset | Retaining 6 glyphs
2026-10-05 17:58:09,257 | INFO | fontTools.subset | head subsetting not needed
2026-10-05 17:58:09,257 | INFO | fontTools.subset | hhea subsetting not needed
2026-10-05 17:58:09,257 | INFO | fontTools.subset | maxp subsetting not needed
2026-10-05 17:58:09,257 | INFO | fontTools.subset | OS/2 subsetting not needed
2026-10-05 17:58:09,260 | INFO | fontTools.subset | hmtx subsetted
2026-10-05 17:58:09,262 | INFO | fontTools.subset | cmap subsetted
2026-10-05 17:58:09,262 | INFO | fontTools.subset | fpgm subsetting not needed
2026-10-05 17:58:09,262 | INFO | fontTools.subset | prep subsetting not needed
2026-10-05 17:58:09,262 | INFO | fontTools.subset | cvt  subsetting not needed
2026-10-05 17:58:09,262 | INFO | fontTools.subset | loca subsetting not needed
2026-10-05 17:58:09,262 | INFO | fontTools.subset | post subsetted
2026-10-05 17:58:09,262 | INFO | fontTools.subset | gasp subsetting not needed
2026-10-05 17:58:09,262 | INFO | fontTools.subset | MATH subsetted
2026-10-05 17:58:09,264 | INFO | fontTools.subset | GDEF subsetted
2026-10-05 17:58:09,278 | INFO | fontTools.subset | GPOS subsetted
2026-10-05 17:58:09,279 | INFO | fontTools.subset | GSUB subsetted
2026-10-05 17:58:09,279 | INFO | fontTools.subset | name subsetting not needed
2026-10-05 17:58:09,280 | INFO | fontTools.subset | glyf subsetted
2026-10-05 17:58:09,281 | INFO | fontTools.subset | head pruned
2026-10-05 17:58:09,281 | INFO | fontTools.subset | OS/2 Unicode ranges pruned: [31, 62]
2026-10-05 17:58:09,281 | INFO | fontTools.subset | OS/2 CodePage ranges pruned: [0]
2026-10-05 17:58:09,281 | INFO | fontTools.subset | glyf pruned
2026-10-05 17:58:09,281 | INFO | fontTools.subset | GDEF pruned
2026-10-05 17:58:09,281 | INFO | fontTools.subset | GPOS pruned
2026-10-05 17:58:09,281 | INFO | fontTools.subset | GSUB pruned
2026-10-05 17:58:09,282 | INFO | fontTools.subset | name pruned
2026-10-05 17:58:09,692 | INFO | fontTools.subset | maxp pruned
2026-10-05 17:58:09,701 | INFO | fontTools.subset | cmap pruned
2026-10-05 17:58:09,701 | INFO | fontTools.subset | kern dropped
2026-10-05 17:58:09,701 | INFO | fontTools.subset | post pruned
2026-10-05 17:58:09,701 | INFO | fontTools.subset | FFTM dropped
2026-10-05 17:58:09,703 | INFO | fontTools.subset | GPOS pruned
2026-10-05 17:58:09,705 | INFO | fontTools.subset | GSUB pruned
2026-10-05 17:58:09,711 | INFO | fontTools.subset | glyf pruned
2026-10-05 17:58:09,712 | INFO | fontTools.subset | Added gid0 to subset
2026-10-05 17:58:09,712 | INFO | fontTools.subset | Added first four glyphs to subset
2026-10-05 17:58:09,712 | INFO | fontTools.subset | Closing glyph list over 'MATH': 36 glyphs before
2026-10-05 17:58:09,712 | INFO | fontTools.subset | Glyph names: ['.notdef', '.null', 'C', 'L', 'N', 'a', 'b', 'c', 'comma', 'd', 'e', 'eacute', 'eight', 'equal', 'five', 'four', 'g', 'i', 'l', 'm', 'n', 'nonmarkingreturn', 'o', 'oacute', 'one', 'p', 'parenleft', 'parenright', 'r', 's', 'six', 'space', 't', 'three', 'two', 'zero']
2026-10-05 17:58:09,713 | INFO | fontTools.subset | Glyph IDs:   [0, 1, 2, 3, 11, 12, 15, 19, 20, 21, 22, 23, 24, 25, 27, 32, 38, 47, 49, 68, 69, 70, 71, 72, 74, 76, 79, 80, 81, 82, 83, 85, 86, 87, 171, 181]
2026-10-05 17:58:09,713 | INFO | fontTools.subset | Closed glyph list over 'MATH': 42 glyphs after
2026-10-05 17:58:09,713 | INFO | fontTools.subset | Glyph names: ['.notdef', '.null', 'C', 'L', 'N', 'a', 'b', 'c', 'comma', 'd', 'e', 'eacute', 'eight', 'equal', 'five', 'four', 'g', 'i', 'l', 'm', 'n', 'nonmarkingreturn', 'o', 'oacute', 'one', 'p', 'parenleft', 'parenright', 'r', 's', 'six', 'space', 't', 'three', 'two', 'uni239B', 'uni239C', 'uni239D', 'uni239E', 'uni239F', 'uni23A0', 'zero']
2026-10-05 17:58:09,713 | INFO | fontTools.subset | Glyph IDs:   [0, 1, 2, 3, 11, 12, 15, 19, 20, 21, 22, 23, 24, 25, 27, 32, 38, 47, 49, 68, 69, 70, 71, 72, 74, 76, 79, 80, 81, 82, 83, 85, 86, 87, 171, 181, 3506, 3507, 3508, 3509, 3510, 3511]
2026-10-05 17:58:09,713 | INFO | fontTools.subset | Closing glyph list over 'GSUB': 42 glyphs before
2026-10-05 17:58:09,713 | INFO | fontTools.subset | Glyph names: ['.notdef', '.null', 'C', 'L', 'N', 'a', 'b', 'c', 'comma', 'd', 'e', 'eacute', 'eight', 'equal', 'five', 'four', 'g', 'i', 'l', 'm', 'n', 'nonmarkingreturn', 'o', 'oacute', 'one', 'p', 'parenleft', 'parenright', 'r', 's', 'six', 'space', 't', 'three', 'two', 'uni239B', 'uni239C', 'uni239D', 'uni239E', 'uni239F', 'uni23A0', 'zero']
2026-10-05 17:58:09,714 | INFO | fontTools.subset | Glyph IDs:   [0, 1, 2, 3, 11, 12, 15, 19, 20, 21, 22, 23, 24, 25, 27, 32, 38, 47, 49, 68, 69, 70, 71, 72, 74, 76, 79, 80, 81, 82, 83, 85, 86, 87, 171, 181, 3506, 3507, 3508, 3509, 3510, 3511]
2026-10-05 17:58:09,716 | INFO | fontTools.subset | Closed glyph list over 'GSUB': 42 glyphs after
2026-10-05 17:58:09,716 | INFO | fontTools.subset | Glyph names: ['.notdef', '.null', 'C', 'L', 'N', 'a', 'b', 'c', 'comma', 'd', 'e', 'eacute', 'eight', 'equal', 'five', 'four', 'g', 'i', 'l', 'm', 'n', 'nonmarkingreturn', 'o', 'oacute', 'one', 'p', 'parenleft', 'parenright', 'r', 's', 'six', 'space', 't', 'three', 'two', 'uni239B', 'uni239C', 'uni239D', 'uni239E', 'uni239F', 'uni23A0', 'zero']
2026-10-05 17:58:09,717 | INFO | fontTools.subset | Glyph IDs:   [0, 1, 2, 3, 11, 12, 15, 19, 20, 21, 22, 23, 24, 25, 27, 32, 38, 47, 49, 68, 69, 70, 71, 72, 74, 76, 79, 80, 81, 82, 83, 85, 86, 87, 171, 181, 3506, 3507, 3508, 3509, 3510, 3511]
2026-10-05 17:58:09,717 | INFO | fontTools.subset | Closing glyph list over 'glyf': 42 glyphs before
2026-10-05 17:58:09,717 | INFO | fontTools.subset | Glyph names: ['.notdef', '.null', 'C', 'L', 'N', 'a', 'b', 'c', 'comma', 'd', 'e', 'eacute', 'eight', 'equal', 'five', 'four', 'g', 'i', 'l', 'm', 'n', 'nonmarkingreturn', 'o', 'oacute', 'one', 'p', 'parenleft', 'parenright', 'r', 's', 'six', 'space', 't', 'three', 'two', 'uni239B', 'uni239C', 'uni239D', 'uni239E', 'uni239F', 'uni23A0', 'zero']
2026-10-05 17:58:09,717 | INFO | fontTools.subset | Glyph IDs:   [0, 1, 2, 3, 11, 12, 15, 19, 20, 21, 22, 23, 24, 25, 27, 32, 38, 47, 49, 68, 69, 70, 71, 72, 74, 76, 79, 80, 81, 82, 83, 85, 86, 87, 171, 181, 3506, 3507, 3508, 3509, 3510, 3511]
2026-10-05 17:58:09,717 | INFO | fontTools.subset | Closed glyph list over 'glyf': 43 glyphs after
2026-10-05 17:58:09,717 | INFO | fontTools.subset | Glyph names: ['.notdef', '.null', 'C', 'L', 'N', 'a', 'acute', 'b', 'c', 'comma', 'd', 'e', 'eacute', 'eight', 'equal', 'five', 'four', 'g', 'i', 'l', 'm', 'n', 'nonmarkingreturn', 'o', 'oacute', 'one', 'p', 'parenleft', 'parenright', 'r', 's', 'six', 'space', 't', 'three', 'two', 'uni239B', 'uni239C', 'uni239D', 'uni239E', 'uni239F', 'uni23A0', 'zero']
2026-10-05 17:58:09,717 | INFO | fontTools.subset | Glyph IDs:   [0, 1, 2, 3, 11, 12, 15, 19, 20, 21, 22, 23, 24, 25, 27, 32, 38, 47, 49, 68, 69, 70, 71, 72, 74, 76, 79, 80, 81, 82, 83, 85, 86, 87, 118, 171, 181, 3506, 3507, 3508, 3509, 3510, 3511]
2026-10-05 17:58:09,717 | INFO | fontTools.subset | Retaining 43 glyphs
2026-10-05 17:58:09,718 | INFO | fontTools.subset | head subsetting not needed
2026-10-05 17:58:09,718 | INFO | fontTools.subset | hhea subsetting not needed
2026-10-05 17:58:09,718 | INFO | fontTools.subset | maxp subsetting not needed
2026-10-05 17:58:09,718 | INFO | fontTools.subset | OS/2 subsetting not needed
2026-10-05 17:58:09,720 | INFO | fontTools.subset | hmtx subsetted
2026-10-05 17:58:09,722 | INFO | fontTools.subset | cmap subsetted
2026-10-05 17:58:09,722 | INFO | fontTools.subset | fpgm subsetting not needed
2026-10-05 17:58:09,722 | INFO | fontTools.subset | prep subsetting not needed
2026-10-05 17:58:09,722 | INFO | fontTools.subset | cvt  subsetting not needed
2026-10-05 17:58:09,722 | INFO | fontTools.subset | loca subsetting not needed
2026-10-05 17:58:09,722 | INFO | fontTools.subset | post subsetted
2026-10-05 17:58:09,722 | INFO | fontTools.subset | gasp subsetting not needed
2026-10-05 17:58:09,722 | INFO | fontTools.subset | MATH subsetted
2026-10-05 17:58:09,724 | INFO | fontTools.subset | GDEF subsetted
2026-10-05 17:58:09,740 | INFO | fontTools.subset | GPOS subsetted
2026-10-05 17:58:09,741 | INFO | fontTools.subset | GSUB subsetted
2026-10-05 17:58:09,741 | INFO | fontTools.subset | name subsetting not needed
2026-10-05 17:58:09,742 | INFO | fontTools.subset | glyf subsetted
2026-10-05 17:58:09,742 | INFO | fontTools.subset | head pruned
2026-10-05 17:58:09,743 | INFO | fontTools.subset | OS/2 Unicode ranges pruned: [0, 1]
2026-10-05 17:58:09,743 | INFO | fontTools.subset | OS/2 CodePage ranges pruned: [0]
2026-10-05 17:58:09,743 | INFO | fontTools.subset | glyf pruned
2026-10-05 17:58:09,743 | INFO | fontTools.subset | GDEF pruned
2026-10-05 17:58:09,743 | INFO | fontTools.subset | GPOS pruned
2026-10-05 17:58:09,744 | INFO | fontTools.subset | GSUB pruned
2026-10-05 17:58:09,746 | INFO | fontTools.subset | name pruned
2026-10-05 17:58:10,131 | INFO | fontTools.subset | maxp pruned
2026-10-05 17:58:10,139 | INFO | fontTools.subset | cmap pruned
2026-10-05 17:58:10,139 | INFO | fontTools.subset | kern dropped
2026-10-05 17:58:10,139 | INFO | fontTools.subset | post pruned
2026-10-05 17:58:10,139 | INFO | fontTools.subset | FFTM dropped
2026-10-05 17:58:10,140 | INFO | fontTools.subset | GPOS pruned
2026-10-05 17:58:10,143 | INFO | fontTools.subset | GSUB pruned
2026-10-05 17:58:10,147 | INFO | fontTools.subset | glyf pruned
2026-10-05 17:58:10,148 | INFO | fontTools.subset | Added gid0 to subset
2026-10-05 17:58:10,148 | INFO | fontTools.subset | Added first four glyphs to subset
2026-10-05 17:58:10,148 | INFO | fontTools.subset | Closing glyph list over 'MATH': 50 glyphs before
2026-10-05 17:58:10,148 | INFO | fontTools.subset | Glyph names: ['.notdef', '.null', 'F', 'L', 'M', 'N', 'a', 'agrave', 'atilde', 'b', 'bar', 'c', 'ccedilla', 'comma', 'd', 'e', 'eacute', 'ecircumflex', 'eight', 'f', 'five', 'four', 'i', 'l', 'm', 'n', 'nine', 'nonmarkingreturn', 'o', 'one', 'otilde', 'p', 'parenleft', 'parenright', 'percent', 'plus', 'q', 'r', 's', 'seven', 'six', 'space', 't', 'three', 'two', 'twosuperior', 'u', 'v', 'x', 'zero']
2026-10-05 17:58:10,149 | INFO | fontTools.subset | Glyph IDs:   [0, 1, 2, 3, 8, 11, 12, 14, 15, 19, 20, 21, 22, 23, 24, 25, 26, 27, 28, 41, 47, 48, 49, 68, 69, 70, 71, 72, 73, 76, 79, 80, 81, 82, 83, 84, 85, 86, 87, 88, 89, 91, 95, 116, 162, 165, 169, 171, 172, 183]
2026-10-05 17:58:10,150 | INFO | fontTools.subset | Closed glyph list over 'MATH': 56 glyphs after
2026-10-05 17:58:10,150 | INFO | fontTools.subset | Glyph names: ['.notdef', '.null', 'F', 'L', 'M', 'N', 'a', 'agrave', 'atilde', 'b', 'bar', 'c', 'ccedilla', 'comma', 'd', 'e', 'eacute', 'ecircumflex', 'eight', 'f', 'five', 'four', 'i', 'l', 'm', 'n', 'nine', 'nonmarkingreturn', 'o', 'one', 'otilde', 'p', 'parenleft', 'parenright', 'percent', 'plus', 'q', 'r', 's', 'seven', 'six', 'space', 't', 'three', 'two', 'twosuperior', 'u', 'uni239B', 'uni239C', 'uni239D', 'uni239E', 'uni239F', 'uni23A0', 'v', 'x', 'zero']
2026-10-05 17:58:10,150 | INFO | fontTools.subset | Glyph IDs:   [0, 1, 2, 3, 8, 11, 12, 14, 15, 19, 20, 21, 22, 23, 24, 25, 26, 27, 28, 41, 47, 48, 49, 68, 69, 70, 71, 72, 73, 76, 79, 80, 81, 82, 83, 84, 85, 86, 87, 88, 89, 91, 95, 116, 162, 165, 169, 171, 172, 183, 3506, 3507, 3508, 3509, 3510, 3511]
2026-10-05 17:58:10,150 | INFO | fontTools.subset | Closing glyph list over 'GSUB': 56 glyphs before
2026-10-05 17:58:10,150 | INFO | fontTools.subset | Glyph names: ['.notdef', '.null', 'F', 'L', 'M', 'N', 'a', 'agrave', 'atilde', 'b', 'bar', 'c', 'ccedilla', 'comma', 'd', 'e', 'eacute', 'ecircumflex', 'eight', 'f', 'five', 'four', 'i', 'l', 'm', 'n', 'nine', 'nonmarkingreturn', 'o', 'one', 'otilde', 'p', 'parenleft', 'parenright', 'percent', 'plus', 'q', 'r', 's', 'seven', 'six', 'space', 't', 'three', 'two', 'twosuperior', 'u', 'uni239B', 'uni239C', 'uni239D', 'uni239E', 'uni239F', 'uni23A0', 'v', 'x', 'zero']
2026-10-05 17:58:10,150 | INFO | fontTools.subset | Glyph IDs:   [0, 1, 2, 3, 8, 11, 12, 14, 15, 19, 20, 21, 22, 23, 24, 25, 26, 27, 28, 41, 47, 48, 49, 68, 69, 70, 71, 72, 73, 76, 79, 80, 81, 82, 83, 84, 85, 86, 87, 88, 89, 91, 95, 116, 162, 165, 169, 171, 172, 183, 3506, 3507, 3508, 3509, 3510, 3511]
2026-10-05 17:58:10,153 | INFO | fontTools.subset | Closed glyph list over 'GSUB': 61 glyphs after
2026-10-05 17:58:10,153 | INFO | fontTools.subset | Glyph names: ['.notdef', '.null', 'F', 'L', 'M', 'N', 'a', 'agrave', 'atilde', 'b', 'bar', 'c', 'ccedilla', 'comma', 'd', 'e', 'eacute', 'ecircumflex', 'eight', 'f', 'fi', 'five', 'fl', 'four', 'i', 'l', 'm', 'n', 'nine', 'nonmarkingreturn', 'o', 'one', 'otilde', 'p', 'parenleft', 'parenright', 'percent', 'plus', 'q', 'r', 's', 'seven', 'six', 'space', 't', 'three', 'two', 'twosuperior', 'u', 'uni239B', 'uni239C', 'uni239D', 'uni239E', 'uni239F', 'uni23A0', 'uniFB00', 'uniFB03', 'uniFB04', 'v', 'x', 'zero']
2026-10-05 17:58:10,153 | INFO | fontTools.subset | Glyph IDs:   [0, 1, 2, 3, 8, 11, 12, 14, 15, 19, 20, 21, 22, 23, 24, 25, 26, 27, 28, 41, 47, 48, 49, 68, 69, 70, 71, 72, 73, 76, 79, 80, 81, 82, 83, 84, 85, 86, 87, 88, 89, 91, 95, 116, 162, 165, 169, 171, 172, 183, 3506, 3507, 3508, 3509, 3510, 3511, 5038, 5039, 5040, 5041, 5042]
2026-10-05 17:58:10,153 | INFO | fontTools.subset | Closing glyph list over 'glyf': 61 glyphs before
2026-10-05 17:58:10,153 | INFO | fontTools.subset | Glyph names: ['.notdef', '.null', 'F', 'L', 'M', 'N', 'a', 'agrave', 'atilde', 'b', 'bar', 'c', 'ccedilla', 'comma', 'd', 'e', 'eacute', 'ecircumflex', 'eight', 'f', 'fi', 'five', 'fl', 'four', 'i', 'l', 'm', 'n', 'nine', 'nonmarkingreturn', 'o', 'one', 'otilde', 'p', 'parenleft', 'parenright', 'percent', 'plus', 'q', 'r', 's', 'seven', 'six', 'space', 't', 'three', 'two', 'twosuperior', 'u', 'uni239B', 'uni239C', 'uni239D', 'uni239E', 'uni239F', 'uni23A0', 'uniFB00', 'uniFB03', 'uniFB04', 'v', 'x', 'zero']
2026-10-05 17:58:10,154 | INFO | fontTools.subset | Glyph IDs:   [0, 1, 2, 3, 8, 11, 12, 14, 15, 19, 20, 21, 22, 23, 24, 25, 26, 27, 28, 41, 47, 48, 49, 68, 69, 70, 71, 72, 73, 76, 79, 80, 81, 82, 83, 84, 85, 86, 87, 88, 89, 91, 95, 116, 162, 165, 169, 171, 172, 183, 3506, 3507, 3508, 3509, 3510, 3511, 5038, 5039, 5040, 5041, 5042]
2026-10-05 17:58:10,154 | INFO | fontTools.subset | Closed glyph list over 'glyf': 66 glyphs after
2026-10-05 17:58:10,154 | INFO | fontTools.subset | Glyph names: ['.notdef', '.null', 'F', 'L', 'M', 'N', 'a', 'acute', 'agrave', 'atilde', 'b', 'bar', 'c', 'ccedilla', 'cedilla', 'circumflex', 'comma', 'd', 'e', 'eacute', 'ecircumflex', 'eight', 'f', 'fi', 'five', 'fl', 'four', 'grave', 'i', 'l', 'm', 'n', 'nine', 'nonmarkingreturn', 'o', 'one', 'otilde', 'p', 'parenleft', 'parenright', 'percent', 'plus', 'q', 'r', 's', 'seven', 'six', 'space', 't', 'three', 'tilde', 'two', 'twosuperior', 'u', 'uni239B', 'uni239C', 'uni239D', 'uni239E', 'uni239F', 'uni23A0', 'uniFB00', 'uniFB03', 'uniFB04', 'v', 'x', 'zero']
2026-10-05 17:58:10,154 | INFO | fontTools.subset | Glyph IDs:   [0, 1, 2, 3, 8, 11, 12, 14, 15, 19, 20, 21, 22, 23, 24, 25, 26, 27, 28, 41, 47, 48, 49, 67, 68, 69, 70, 71, 72, 73, 76, 79, 80, 81, 82, 83, 84, 85, 86, 87, 88, 89, 91, 95, 116, 118, 122, 162, 165, 169, 171, 172, 183, 648, 670, 3506, 3507, 3508, 3509, 3510, 3511, 5038, 5039, 5040, 5041, 5042]
2026-10-05 17:58:10,154 | INFO | fontTools.subset | Retaining 66 glyphs
2026-10-05 17:58:10,155 | INFO | fontTools.subset | head subsetting not needed
2026-10-05 17:58:10,155 | INFO | fontTools.subset | hhea subsetting not needed
2026-10-05 17:58:10,155 | INFO | fontTools.subset | maxp subsetting not needed
2026-10-05 17:58:10,155 | INFO | fontTools.subset | OS/2 subsetting not needed
2026-10-05 17:58:10,158 | INFO | fontTools.subset | hmtx subsetted
2026-10-05 17:58:10,160 | INFO | fontTools.subset | cmap subsetted
2026-10-05 17:58:10,160 | INFO | fontTools.subset | fpgm subsetting not needed
2026-10-05 17:58:10,160 | INFO | fontTools.subset | prep subsetting not needed
2026-10-05 17:58:10,160 | INFO | fontTools.subset | cvt  subsetting not needed
2026-10-05 17:58:10,160 | INFO | fontTools.subset | loca subsetting not needed
2026-10-05 17:58:10,160 | INFO | fontTools.subset | post subsetted
2026-10-05 17:58:10,160 | INFO | fontTools.subset | gasp subsetting not needed
2026-10-05 17:58:10,161 | INFO | fontTools.subset | MATH subsetted
2026-10-05 17:58:10,162 | INFO | fontTools.subset | GDEF subsetted
2026-10-05 17:58:10,177 | INFO | fontTools.subset | GPOS subsetted
2026-10-05 17:58:10,179 | INFO | fontTools.subset | GSUB subsetted
2026-10-05 17:58:10,179 | INFO | fontTools.subset | name subsetting not needed
2026-10-05 17:58:10,180 | INFO | fontTools.subset | glyf subsetted
2026-10-05 17:58:10,180 | INFO | fontTools.subset | head pruned
2026-10-05 17:58:10,181 | INFO | fontTools.subset | OS/2 Unicode ranges pruned: [0, 1]
2026-10-05 17:58:10,181 | INFO | fontTools.subset | OS/2 CodePage ranges pruned: [0]
2026-10-05 17:58:10,181 | INFO | fontTools.subset | glyf pruned
2026-10-05 17:58:10,181 | INFO | fontTools.subset | GDEF pruned
2026-10-05 17:58:10,181 | INFO | fontTools.subset | GPOS pruned
2026-10-05 17:58:10,182 | INFO | fontTools.subset | GSUB pruned
2026-10-05 17:58:10,186 | INFO | fontTools.subset | name pruned
2026-10-05 17:58:10,193 | INFO | fontTools.subset | maxp pruned
2026-10-05 17:58:10,201 | INFO | fontTools.subset | cmap pruned
2026-10-05 17:58:10,201 | INFO | fontTools.subset | kern dropped
2026-10-05 17:58:10,201 | INFO | fontTools.subset | post pruned
2026-10-05 17:58:10,201 | INFO | fontTools.subset | FFTM dropped
2026-10-05 17:58:10,203 | INFO | fontTools.subset | GPOS pruned
2026-10-05 17:58:10,205 | INFO | fontTools.subset | GSUB pruned
2026-10-05 17:58:10,210 | INFO | fontTools.subset | glyf pruned
2026-10-05 17:58:10,211 | INFO | fontTools.subset | Added gid0 to subset
2026-10-05 17:58:10,211 | INFO | fontTools.subset | Added first four glyphs to subset
2026-10-05 17:58:10,211 | INFO | fontTools.subset | Closing glyph list over 'MATH': 5 glyphs before
2026-10-05 17:58:10,211 | INFO | fontTools.subset | Glyph names: ['.notdef', '.null', 'endash', 'nonmarkingreturn', 'space']
2026-10-05 17:58:10,212 | INFO | fontTools.subset | Glyph IDs:   [0, 1, 2, 3, 2805]
2026-10-05 17:58:10,212 | INFO | fontTools.subset | Closed glyph list over 'MATH': 5 glyphs after
2026-10-05 17:58:10,212 | INFO | fontTools.subset | Glyph names: ['.notdef', '.null', 'endash', 'nonmarkingreturn', 'space']
2026-10-05 17:58:10,212 | INFO | fontTools.subset | Glyph IDs:   [0, 1, 2, 3, 2805]
2026-10-05 17:58:10,212 | INFO | fontTools.subset | Closing glyph list over 'GSUB': 5 glyphs before
2026-10-05 17:58:10,212 | INFO | fontTools.subset | Glyph names: ['.notdef', '.null', 'endash', 'nonmarkingreturn', 'space']
2026-10-05 17:58:10,212 | INFO | fontTools.subset | Glyph IDs:   [0, 1, 2, 3, 2805]
2026-10-05 17:58:10,213 | INFO | fontTools.subset | Closed glyph list over 'GSUB': 5 glyphs after
2026-10-05 17:58:10,213 | INFO | fontTools.subset | Glyph names: ['.notdef', '.null', 'endash', 'nonmarkingreturn', 'space']
2026-10-05 17:58:10,214 | INFO | fontTools.subset | Glyph IDs:   [0, 1, 2, 3, 2805]
2026-10-05 17:58:10,214 | INFO | fontTools.subset | Closing glyph list over 'glyf': 5 glyphs before
2026-10-05 17:58:10,214 | INFO | fontTools.subset | Glyph names: ['.notdef', '.null', 'endash', 'nonmarkingreturn', 'space']
2026-10-05 17:58:10,214 | INFO | fontTools.subset | Glyph IDs:   [0, 1, 2, 3, 2805]
2026-10-05 17:58:10,214 | INFO | fontTools.subset | Closed glyph list over 'glyf': 5 glyphs after
2026-10-05 17:58:10,214 | INFO | fontTools.subset | Glyph names: ['.notdef', '.null', 'endash', 'nonmarkingreturn', 'space']
2026-10-05 17:58:10,214 | INFO | fontTools.subset | Glyph IDs:   [0, 1, 2, 3, 2805]
2026-10-05 17:58:10,214 | INFO | fontTools.subset | Retaining 5 glyphs
2026-10-05 17:58:10,215 | INFO | fontTools.subset | head subsetting not needed
2026-10-05 17:58:10,215 | INFO | fontTools.subset | hhea subsetting not needed
2026-10-05 17:58:10,215 | INFO | fontTools.subset | maxp subsetting not needed
2026-10-05 17:58:10,215 | INFO | fontTools.subset | OS/2 subsetting not needed
2026-10-05 17:58:10,217 | INFO | fontTools.subset | hmtx subsetted
2026-10-05 17:58:10,219 | INFO | fontTools.subset | cmap subsetted
2026-10-05 17:58:10,219 | INFO | fontTools.subset | fpgm subsetting not needed
2026-10-05 17:58:10,219 | INFO | fontTools.subset | prep subsetting not needed
2026-10-05 17:58:10,219 | INFO | fontTools.subset | cvt  subsetting not needed
2026-10-05 17:58:10,219 | INFO | fontTools.subset | loca subsetting not needed
2026-10-05 17:58:10,219 | INFO | fontTools.subset | post subsetted
2026-10-05 17:58:10,219 | INFO | fontTools.subset | gasp subsetting not needed
2026-10-05 17:58:10,219 | INFO | fontTools.subset | MATH subsetted
2026-10-05 17:58:10,221 | INFO | fontTools.subset | GDEF subsetted
2026-10-05 17:58:10,236 | INFO | fontTools.subset | GPOS subsetted
2026-10-05 17:58:10,236 | INFO | fontTools.subset | GSUB subsetted
2026-10-05 17:58:10,236 | INFO | fontTools.subset | name subsetting not needed
2026-10-05 17:58:10,237 | INFO | fontTools.subset | glyf subsetted
2026-10-05 17:58:10,238 | INFO | fontTools.subset | head pruned
2026-10-05 17:58:10,238 | INFO | fontTools.subset | OS/2 Unicode ranges pruned: [31]
2026-10-05 17:58:10,238 | INFO | fontTools.subset | OS/2 CodePage ranges pruned: [0]
2026-10-05 17:58:10,238 | INFO | fontTools.subset | glyf pruned
2026-10-05 17:58:10,238 | INFO | fontTools.subset | GDEF pruned
2026-10-05 17:58:10,238 | INFO | fontTools.subset | GPOS pruned
2026-10-05 17:58:10,238 | INFO | fontTools.subset | GSUB pruned
2026-10-05 17:58:10,240 | INFO | fontTools.subset | name pruned
2026-10-05 17:58:10,686 | INFO | fontTools.subset | maxp pruned
2026-10-05 17:58:10,695 | INFO | fontTools.subset | cmap pruned
2026-10-05 17:58:10,695 | INFO | fontTools.subset | kern dropped
2026-10-05 17:58:10,695 | INFO | fontTools.subset | post pruned
2026-10-05 17:58:10,695 | INFO | fontTools.subset | FFTM dropped
2026-10-05 17:58:10,696 | INFO | fontTools.subset | GPOS pruned
2026-10-05 17:58:10,699 | INFO | fontTools.subset | GSUB pruned
2026-10-05 17:58:10,704 | INFO | fontTools.subset | glyf pruned
2026-10-05 17:58:10,705 | INFO | fontTools.subset | Added gid0 to subset
2026-10-05 17:58:10,705 | INFO | fontTools.subset | Added first four glyphs to subset
2026-10-05 17:58:10,705 | INFO | fontTools.subset | Closing glyph list over 'MATH': 34 glyphs before
2026-10-05 17:58:10,705 | INFO | fontTools.subset | Glyph names: ['.notdef', '.null', 'G', 'K', 'L', 'P', 'a', 'c', 'd', 'e', 'eight', 'equal', 'four', 'g', 'i', 'k', 'l', 'm', 'n', 'nonmarkingreturn', 'o', 'one', 'parenleft', 'parenright', 'r', 's', 'six', 'space', 't', 'three', 'two', 'u', 'x', 'zero']
2026-10-05 17:58:10,706 | INFO | fontTools.subset | Glyph IDs:   [0, 1, 2, 3, 11, 12, 19, 20, 21, 22, 23, 25, 27, 32, 42, 46, 47, 51, 68, 70, 71, 72, 74, 76, 78, 79, 80, 81, 82, 85, 86, 87, 88, 91]
2026-10-05 17:58:10,707 | INFO | fontTools.subset | Closed glyph list over 'MATH': 40 glyphs after
2026-10-05 17:58:10,707 | INFO | fontTools.subset | Glyph names: ['.notdef', '.null', 'G', 'K', 'L', 'P', 'a', 'c', 'd', 'e', 'eight', 'equal', 'four', 'g', 'i', 'k', 'l', 'm', 'n', 'nonmarkingreturn', 'o', 'one', 'parenleft', 'parenright', 'r', 's', 'six', 'space', 't', 'three', 'two', 'u', 'uni239B', 'uni239C', 'uni239D', 'uni239E', 'uni239F', 'uni23A0', 'x', 'zero']
2026-10-05 17:58:10,707 | INFO | fontTools.subset | Glyph IDs:   [0, 1, 2, 3, 11, 12, 19, 20, 21, 22, 23, 25, 27, 32, 42, 46, 47, 51, 68, 70, 71, 72, 74, 76, 78, 79, 80, 81, 82, 85, 86, 87, 88, 91, 3506, 3507, 3508, 3509, 3510, 3511]
2026-10-05 17:58:10,707 | INFO | fontTools.subset | Closing glyph list over 'GSUB': 40 glyphs before
2026-10-05 17:58:10,707 | INFO | fontTools.subset | Glyph names: ['.notdef', '.null', 'G', 'K', 'L', 'P', 'a', 'c', 'd', 'e', 'eight', 'equal', 'four', 'g', 'i', 'k', 'l', 'm', 'n', 'nonmarkingreturn', 'o', 'one', 'parenleft', 'parenright', 'r', 's', 'six', 'space', 't', 'three', 'two', 'u', 'uni239B', 'uni239C', 'uni239D', 'uni239E', 'uni239F', 'uni23A0', 'x', 'zero']
2026-10-05 17:58:10,708 | INFO | fontTools.subset | Glyph IDs:   [0, 1, 2, 3, 11, 12, 19, 20, 21, 22, 23, 25, 27, 32, 42, 46, 47, 51, 68, 70, 71, 72, 74, 76, 78, 79, 80, 81, 82, 85, 86, 87, 88, 91, 3506, 3507, 3508, 3509, 3510, 3511]
2026-10-05 17:58:10,710 | INFO | fontTools.subset | Closed glyph list over 'GSUB': 40 glyphs after
2026-10-05 17:58:10,710 | INFO | fontTools.subset | Glyph names: ['.notdef', '.null', 'G', 'K', 'L', 'P', 'a', 'c', 'd', 'e', 'eight', 'equal', 'four', 'g', 'i', 'k', 'l', 'm', 'n', 'nonmarkingreturn', 'o', 'one', 'parenleft', 'parenright', 'r', 's', 'six', 'space', 't', 'three', 'two', 'u', 'uni239B', 'uni239C', 'uni239D', 'uni239E', 'uni239F', 'uni23A0', 'x', 'zero']
2026-10-05 17:58:10,710 | INFO | fontTools.subset | Glyph IDs:   [0, 1, 2, 3, 11, 12, 19, 20, 21, 22, 23, 25, 27, 32, 42, 46, 47, 51, 68, 70, 71, 72, 74, 76, 78, 79, 80, 81, 82, 85, 86, 87, 88, 91, 3506, 3507, 3508, 3509, 3510, 3511]
2026-10-05 17:58:10,710 | INFO | fontTools.subset | Closing glyph list over 'glyf': 40 glyphs before
2026-10-05 17:58:10,710 | INFO | fontTools.subset | Glyph names: ['.notdef', '.null', 'G', 'K', 'L', 'P', 'a', 'c', 'd', 'e', 'eight', 'equal', 'four', 'g', 'i', 'k', 'l', 'm', 'n', 'nonmarkingreturn', 'o', 'one', 'parenleft', 'parenright', 'r', 's', 'six', 'space', 't', 'three', 'two', 'u', 'uni239B', 'uni239C', 'uni239D', 'uni239E', 'uni239F', 'uni23A0', 'x', 'zero']
2026-10-05 17:58:10,710 | INFO | fontTools.subset | Glyph IDs:   [0, 1, 2, 3, 11, 12, 19, 20, 21, 22, 23, 25, 27, 32, 42, 46, 47, 51, 68, 70, 71, 72, 74, 76, 78, 79, 80, 81, 82, 85, 86, 87, 88, 91, 3506, 3507, 3508, 3509, 3510, 3511]
2026-10-05 17:58:10,711 | INFO | fontTools.subset | Closed glyph list over 'glyf': 40 glyphs after
2026-10-05 17:58:10,711 | INFO | fontTools.subset | Glyph names: ['.notdef', '.null', 'G', 'K', 'L', 'P', 'a', 'c', 'd', 'e', 'eight', 'equal', 'four', 'g', 'i', 'k', 'l', 'm', 'n', 'nonmarkingreturn', 'o', 'one', 'parenleft', 'parenright', 'r', 's', 'six', 'space', 't', 'three', 'two', 'u', 'uni239B', 'uni239C', 'uni239D', 'uni239E', 'uni239F', 'uni23A0', 'x', 'zero']
2026-10-05 17:58:10,711 | INFO | fontTools.subset | Glyph IDs:   [0, 1, 2, 3, 11, 12, 19, 20, 21, 22, 23, 25, 27, 32, 42, 46, 47, 51, 68, 70, 71, 72, 74, 76, 78, 79, 80, 81, 82, 85, 86, 87, 88, 91, 3506, 3507, 3508, 3509, 3510, 3511]
2026-10-05 17:58:10,711 | INFO | fontTools.subset | Retaining 40 glyphs
2026-10-05 17:58:10,711 | INFO | fontTools.subset | head subsetting not needed
2026-10-05 17:58:10,711 | INFO | fontTools.subset | hhea subsetting not needed
2026-10-05 17:58:10,712 | INFO | fontTools.subset | maxp subsetting not needed
2026-10-05 17:58:10,712 | INFO | fontTools.subset | OS/2 subsetting not needed
2026-10-05 17:58:10,715 | INFO | fontTools.subset | hmtx subsetted
2026-10-05 17:58:10,718 | INFO | fontTools.subset | cmap subsetted
2026-10-05 17:58:10,719 | INFO | fontTools.subset | fpgm subsetting not needed
2026-10-05 17:58:10,719 | INFO | fontTools.subset | prep subsetting not needed
2026-10-05 17:58:10,719 | INFO | fontTools.subset | cvt  subsetting not needed
2026-10-05 17:58:10,719 | INFO | fontTools.subset | loca subsetting not needed
2026-10-05 17:58:10,719 | INFO | fontTools.subset | post subsetted
2026-10-05 17:58:10,719 | INFO | fontTools.subset | gasp subsetting not needed
2026-10-05 17:58:10,719 | INFO | fontTools.subset | MATH subsetted
2026-10-05 17:58:10,721 | INFO | fontTools.subset | GDEF subsetted
2026-10-05 17:58:10,737 | INFO | fontTools.subset | GPOS subsetted
2026-10-05 17:58:10,738 | INFO | fontTools.subset | GSUB subsetted
2026-10-05 17:58:10,739 | INFO | fontTools.subset | name subsetting not needed
2026-10-05 17:58:10,740 | INFO | fontTools.subset | glyf subsetted
2026-10-05 17:58:10,741 | INFO | fontTools.subset | head pruned
2026-10-05 17:58:10,741 | INFO | fontTools.subset | OS/2 Unicode ranges pruned: [0]
2026-10-05 17:58:10,741 | INFO | fontTools.subset | OS/2 CodePage ranges pruned: [0]
2026-10-05 17:58:10,741 | INFO | fontTools.subset | glyf pruned
2026-10-05 17:58:10,742 | INFO | fontTools.subset | GDEF pruned
2026-10-05 17:58:10,742 | INFO | fontTools.subset | GPOS pruned
2026-10-05 17:58:10,742 | INFO | fontTools.subset | GSUB pruned
2026-10-05 17:58:10,746 | INFO | fontTools.subset | name pruned
2026-10-05 17:58:10,753 | INFO | fontTools.subset | maxp pruned
2026-10-05 17:58:10,761 | INFO | fontTools.subset | cmap pruned
2026-10-05 17:58:10,761 | INFO | fontTools.subset | kern dropped
2026-10-05 17:58:10,761 | INFO | fontTools.subset | post pruned
2026-10-05 17:58:10,761 | INFO | fontTools.subset | FFTM dropped
2026-10-05 17:58:10,763 | INFO | fontTools.subset | GPOS pruned
2026-10-05 17:58:10,765 | INFO | fontTools.subset | GSUB pruned
2026-10-05 17:58:10,770 | INFO | fontTools.subset | glyf pruned
2026-10-05 17:58:10,771 | INFO | fontTools.subset | Added gid0 to subset
2026-10-05 17:58:10,771 | INFO | fontTools.subset | Added first four glyphs to subset
2026-10-05 17:58:10,771 | INFO | fontTools.subset | Closing glyph list over 'MATH': 6 glyphs before
2026-10-05 17:58:10,771 | INFO | fontTools.subset | Glyph names: ['.notdef', '.null', 'greaterequal', 'minus', 'nonmarkingreturn', 'space']
2026-10-05 17:58:10,771 | INFO | fontTools.subset | Glyph IDs:   [0, 1, 2, 3, 3228, 3311]
2026-10-05 17:58:10,772 | INFO | fontTools.subset | Closed glyph list over 'MATH': 6 glyphs after
2026-10-05 17:58:10,772 | INFO | fontTools.subset | Glyph names: ['.notdef', '.null', 'greaterequal', 'minus', 'nonmarkingreturn', 'space']
2026-10-05 17:58:10,772 | INFO | fontTools.subset | Glyph IDs:   [0, 1, 2, 3, 3228, 3311]
2026-10-05 17:58:10,772 | INFO | fontTools.subset | Closing glyph list over 'GSUB': 6 glyphs before
2026-10-05 17:58:10,772 | INFO | fontTools.subset | Glyph names: ['.notdef', '.null', 'greaterequal', 'minus', 'nonmarkingreturn', 'space']
2026-10-05 17:58:10,772 | INFO | fontTools.subset | Glyph IDs:   [0, 1, 2, 3, 3228, 3311]
2026-10-05 17:58:10,773 | INFO | fontTools.subset | Closed glyph list over 'GSUB': 6 glyphs after
2026-10-05 17:58:10,773 | INFO | fontTools.subset | Glyph names: ['.notdef', '.null', 'greaterequal', 'minus', 'nonmarkingreturn', 'space']
2026-10-05 17:58:10,773 | INFO | fontTools.subset | Glyph IDs:   [0, 1, 2, 3, 3228, 3311]
2026-10-05 17:58:10,773 | INFO | fontTools.subset | Closing glyph list over 'glyf': 6 glyphs before
2026-10-05 17:58:10,773 | INFO | fontTools.subset | Glyph names: ['.notdef', '.null', 'greaterequal', 'minus', 'nonmarkingreturn', 'space']
2026-10-05 17:58:10,774 | INFO | fontTools.subset | Glyph IDs:   [0, 1, 2, 3, 3228, 3311]
2026-10-05 17:58:10,774 | INFO | fontTools.subset | Closed glyph list over 'glyf': 6 glyphs after
2026-10-05 17:58:10,774 | INFO | fontTools.subset | Glyph names: ['.notdef', '.null', 'greaterequal', 'minus', 'nonmarkingreturn', 'space']
2026-10-05 17:58:10,774 | INFO | fontTools.subset | Glyph IDs:   [0, 1, 2, 3, 3228, 3311]
2026-10-05 17:58:10,774 | INFO | fontTools.subset | Retaining 6 glyphs
2026-10-05 17:58:10,774 | INFO | fontTools.subset | head subsetting not needed
2026-10-05 17:58:10,774 | INFO | fontTools.subset | hhea subsetting not needed
2026-10-05 17:58:10,775 | INFO | fontTools.subset | maxp subsetting not needed
2026-10-05 17:58:10,775 | INFO | fontTools.subset | OS/2 subsetting not needed
2026-10-05 17:58:10,777 | INFO | fontTools.subset | hmtx subsetted
2026-10-05 17:58:10,779 | INFO | fontTools.subset | cmap subsetted
2026-10-05 17:58:10,779 | INFO | fontTools.subset | fpgm subsetting not needed
2026-10-05 17:58:10,779 | INFO | fontTools.subset | prep subsetting not needed
2026-10-05 17:58:10,779 | INFO | fontTools.subset | cvt  subsetting not needed
2026-10-05 17:58:10,779 | INFO | fontTools.subset | loca subsetting not needed
2026-10-05 17:58:10,779 | INFO | fontTools.subset | post subsetted
2026-10-05 17:58:10,779 | INFO | fontTools.subset | gasp subsetting not needed
2026-10-05 17:58:10,779 | INFO | fontTools.subset | MATH subsetted
2026-10-05 17:58:10,781 | INFO | fontTools.subset | GDEF subsetted
2026-10-05 17:58:10,795 | INFO | fontTools.subset | GPOS subsetted
2026-10-05 17:58:10,796 | INFO | fontTools.subset | GSUB subsetted
2026-10-05 17:58:10,796 | INFO | fontTools.subset | name subsetting not needed
2026-10-05 17:58:10,797 | INFO | fontTools.subset | glyf subsetted
2026-10-05 17:58:10,797 | INFO | fontTools.subset | head pruned
2026-10-05 17:58:10,797 | INFO | fontTools.subset | OS/2 Unicode ranges pruned: [38]
2026-10-05 17:58:10,797 | INFO | fontTools.subset | OS/2 CodePage ranges pruned: [0]
2026-10-05 17:58:10,798 | INFO | fontTools.subset | glyf pruned
2026-10-05 17:58:10,798 | INFO | fontTools.subset | GDEF pruned
2026-10-05 17:58:10,798 | INFO | fontTools.subset | GPOS pruned
2026-10-05 17:58:10,798 | INFO | fontTools.subset | GSUB pruned
2026-10-05 17:58:10,799 | INFO | fontTools.subset | name pruned
2026-10-05 17:58:12,872 | INFO | fontTools.subset | maxp pruned
2026-10-05 17:58:12,880 | INFO | fontTools.subset | cmap pruned
2026-10-05 17:58:12,881 | INFO | fontTools.subset | kern dropped
2026-10-05 17:58:12,881 | INFO | fontTools.subset | post pruned
2026-10-05 17:58:12,881 | INFO | fontTools.subset | FFTM dropped
2026-10-05 17:58:12,882 | INFO | fontTools.subset | GPOS pruned
2026-10-05 17:58:12,886 | INFO | fontTools.subset | GSUB pruned
2026-10-05 17:58:12,890 | INFO | fontTools.subset | glyf pruned
2026-10-05 17:58:12,891 | INFO | fontTools.subset | Added gid0 to subset
2026-10-05 17:58:12,891 | INFO | fontTools.subset | Added first four glyphs to subset
2026-10-05 17:58:12,891 | INFO | fontTools.subset | Closing glyph list over 'MATH': 44 glyphs before
2026-10-05 17:58:12,891 | INFO | fontTools.subset | Glyph names: ['.notdef', '.null', 'L', 'M', 'T', 'a', 'aacute', 'acircumflex', 'atilde', 'b', 'c', 'ccedilla', 'd', 'e', 'eight', 'f', 'g', 'guillemotleft', 'guillemotright', 'h', 'i', 'iacute', 'k', 'l', 'm', 'n', 'nonmarkingreturn', 'o', 'one', 'p', 'parenleft', 'parenright', 'q', 'r', 's', 'six', 'space', 't', 'three', 'u', 'v', 'x', 'z', 'zero']
2026-10-05 17:58:12,892 | INFO | fontTools.subset | Glyph IDs:   [0, 1, 2, 3, 11, 12, 19, 20, 22, 25, 27, 47, 48, 55, 68, 69, 70, 71, 72, 73, 74, 75, 76, 78, 79, 80, 81, 82, 83, 84, 85, 86, 87, 88, 89, 91, 93, 109, 125, 163, 164, 165, 169, 175]
2026-10-05 17:58:12,892 | INFO | fontTools.subset | Closed glyph list over 'MATH': 50 glyphs after
2026-10-05 17:58:12,893 | INFO | fontTools.subset | Glyph names: ['.notdef', '.null', 'L', 'M', 'T', 'a', 'aacute', 'acircumflex', 'atilde', 'b', 'c', 'ccedilla', 'd', 'e', 'eight', 'f', 'g', 'guillemotleft', 'guillemotright', 'h', 'i', 'iacute', 'k', 'l', 'm', 'n', 'nonmarkingreturn', 'o', 'one', 'p', 'parenleft', 'parenright', 'q', 'r', 's', 'six', 'space', 't', 'three', 'u', 'uni239B', 'uni239C', 'uni239D', 'uni239E', 'uni239F', 'uni23A0', 'v', 'x', 'z', 'zero']
2026-10-05 17:58:12,893 | INFO | fontTools.subset | Glyph IDs:   [0, 1, 2, 3, 11, 12, 19, 20, 22, 25, 27, 47, 48, 55, 68, 69, 70, 71, 72, 73, 74, 75, 76, 78, 79, 80, 81, 82, 83, 84, 85, 86, 87, 88, 89, 91, 93, 109, 125, 163, 164, 165, 169, 175, 3506, 3507, 3508, 3509, 3510, 3511]
2026-10-05 17:58:12,893 | INFO | fontTools.subset | Closing glyph list over 'GSUB': 50 glyphs before
2026-10-05 17:58:12,893 | INFO | fontTools.subset | Glyph names: ['.notdef', '.null', 'L', 'M', 'T', 'a', 'aacute', 'acircumflex', 'atilde', 'b', 'c', 'ccedilla', 'd', 'e', 'eight', 'f', 'g', 'guillemotleft', 'guillemotright', 'h', 'i', 'iacute', 'k', 'l', 'm', 'n', 'nonmarkingreturn', 'o', 'one', 'p', 'parenleft', 'parenright', 'q', 'r', 's', 'six', 'space', 't', 'three', 'u', 'uni239B', 'uni239C', 'uni239D', 'uni239E', 'uni239F', 'uni23A0', 'v', 'x', 'z', 'zero']
2026-10-05 17:58:12,893 | INFO | fontTools.subset | Glyph IDs:   [0, 1, 2, 3, 11, 12, 19, 20, 22, 25, 27, 47, 48, 55, 68, 69, 70, 71, 72, 73, 74, 75, 76, 78, 79, 80, 81, 82, 83, 84, 85, 86, 87, 88, 89, 91, 93, 109, 125, 163, 164, 165, 169, 175, 3506, 3507, 3508, 3509, 3510, 3511]
2026-10-05 17:58:12,896 | INFO | fontTools.subset | Closed glyph list over 'GSUB': 55 glyphs after
2026-10-05 17:58:12,896 | INFO | fontTools.subset | Glyph names: ['.notdef', '.null', 'L', 'M', 'T', 'a', 'aacute', 'acircumflex', 'atilde', 'b', 'c', 'ccedilla', 'd', 'e', 'eight', 'f', 'fi', 'fl', 'g', 'guillemotleft', 'guillemotright', 'h', 'i', 'iacute', 'k', 'l', 'm', 'n', 'nonmarkingreturn', 'o', 'one', 'p', 'parenleft', 'parenright', 'q', 'r', 's', 'six', 'space', 't', 'three', 'u', 'uni239B', 'uni239C', 'uni239D', 'uni239E', 'uni239F', 'uni23A0', 'uniFB00', 'uniFB03', 'uniFB04', 'v', 'x', 'z', 'zero']
2026-10-05 17:58:12,896 | INFO | fontTools.subset | Glyph IDs:   [0, 1, 2, 3, 11, 12, 19, 20, 22, 25, 27, 47, 48, 55, 68, 69, 70, 71, 72, 73, 74, 75, 76, 78, 79, 80, 81, 82, 83, 84, 85, 86, 87, 88, 89, 91, 93, 109, 125, 163, 164, 165, 169, 175, 3506, 3507, 3508, 3509, 3510, 3511, 5038, 5039, 5040, 5041, 5042]
2026-10-05 17:58:12,896 | INFO | fontTools.subset | Closing glyph list over 'glyf': 55 glyphs before
2026-10-05 17:58:12,896 | INFO | fontTools.subset | Glyph names: ['.notdef', '.null', 'L', 'M', 'T', 'a', 'aacute', 'acircumflex', 'atilde', 'b', 'c', 'ccedilla', 'd', 'e', 'eight', 'f', 'fi', 'fl', 'g', 'guillemotleft', 'guillemotright', 'h', 'i', 'iacute', 'k', 'l', 'm', 'n', 'nonmarkingreturn', 'o', 'one', 'p', 'parenleft', 'parenright', 'q', 'r', 's', 'six', 'space', 't', 'three', 'u', 'uni239B', 'uni239C', 'uni239D', 'uni239E', 'uni239F', 'uni23A0', 'uniFB00', 'uniFB03', 'uniFB04', 'v', 'x', 'z', 'zero']
2026-10-05 17:58:12,896 | INFO | fontTools.subset | Glyph IDs:   [0, 1, 2, 3, 11, 12, 19, 20, 22, 25, 27, 47, 48, 55, 68, 69, 70, 71, 72, 73, 74, 75, 76, 78, 79, 80, 81, 82, 83, 84, 85, 86, 87, 88, 89, 91, 93, 109, 125, 163, 164, 165, 169, 175, 3506, 3507, 3508, 3509, 3510, 3511, 5038, 5039, 5040, 5041, 5042]
2026-10-05 17:58:12,896 | INFO | fontTools.subset | Closed glyph list over 'glyf': 60 glyphs after
2026-10-05 17:58:12,897 | INFO | fontTools.subset | Glyph names: ['.notdef', '.null', 'L', 'M', 'T', 'a', 'aacute', 'acircumflex', 'acute', 'atilde', 'b', 'c', 'ccedilla', 'cedilla', 'circumflex', 'd', 'dotlessi', 'e', 'eight', 'f', 'fi', 'fl', 'g', 'guillemotleft', 'guillemotright', 'h', 'i', 'iacute', 'k', 'l', 'm', 'n', 'nonmarkingreturn', 'o', 'one', 'p', 'parenleft', 'parenright', 'q', 'r', 's', 'six', 'space', 't', 'three', 'tilde', 'u', 'uni239B', 'uni239C', 'uni239D', 'uni239E', 'uni239F', 'uni23A0', 'uniFB00', 'uniFB03', 'uniFB04', 'v', 'x', 'z', 'zero']
2026-10-05 17:58:12,897 | INFO | fontTools.subset | Glyph IDs:   [0, 1, 2, 3, 11, 12, 19, 20, 22, 25, 27, 47, 48, 55, 68, 69, 70, 71, 72, 73, 74, 75, 76, 78, 79, 80, 81, 82, 83, 84, 85, 86, 87, 88, 89, 91, 93, 109, 118, 122, 125, 163, 164, 165, 169, 175, 243, 648, 670, 3506, 3507, 3508, 3509, 3510, 3511, 5038, 5039, 5040, 5041, 5042]
2026-10-05 17:58:12,897 | INFO | fontTools.subset | Retaining 60 glyphs
2026-10-05 17:58:12,897 | INFO | fontTools.subset | head subsetting not needed
2026-10-05 17:58:12,897 | INFO | fontTools.subset | hhea subsetting not needed
2026-10-05 17:58:12,897 | INFO | fontTools.subset | maxp subsetting not needed
2026-10-05 17:58:12,897 | INFO | fontTools.subset | OS/2 subsetting not needed
2026-10-05 17:58:12,900 | INFO | fontTools.subset | hmtx subsetted
2026-10-05 17:58:12,902 | INFO | fontTools.subset | cmap subsetted
2026-10-05 17:58:12,902 | INFO | fontTools.subset | fpgm subsetting not needed
2026-10-05 17:58:12,902 | INFO | fontTools.subset | prep subsetting not needed
2026-10-05 17:58:12,902 | INFO | fontTools.subset | cvt  subsetting not needed
2026-10-05 17:58:12,902 | INFO | fontTools.subset | loca subsetting not needed
2026-10-05 17:58:12,902 | INFO | fontTools.subset | post subsetted
2026-10-05 17:58:12,902 | INFO | fontTools.subset | gasp subsetting not needed
2026-10-05 17:58:12,902 | INFO | fontTools.subset | MATH subsetted
2026-10-05 17:58:12,904 | INFO | fontTools.subset | GDEF subsetted
2026-10-05 17:58:12,919 | INFO | fontTools.subset | GPOS subsetted
2026-10-05 17:58:12,920 | INFO | fontTools.subset | GSUB subsetted
2026-10-05 17:58:12,920 | INFO | fontTools.subset | name subsetting not needed
2026-10-05 17:58:12,921 | INFO | fontTools.subset | glyf subsetted
2026-10-05 17:58:12,922 | INFO | fontTools.subset | head pruned
2026-10-05 17:58:12,922 | INFO | fontTools.subset | OS/2 Unicode ranges pruned: [0, 1]
2026-10-05 17:58:12,922 | INFO | fontTools.subset | OS/2 CodePage ranges pruned: [0]
2026-10-05 17:58:12,922 | INFO | fontTools.subset | glyf pruned
2026-10-05 17:58:12,922 | INFO | fontTools.subset | GDEF pruned
2026-10-05 17:58:12,923 | INFO | fontTools.subset | GPOS pruned
2026-10-05 17:58:12,923 | INFO | fontTools.subset | GSUB pruned
2026-10-05 17:58:12,929 | INFO | fontTools.subset | name pruned
2026-10-05 17:58:12,936 | INFO | fontTools.subset | maxp pruned
2026-10-05 17:58:12,943 | INFO | fontTools.subset | cmap pruned
2026-10-05 17:58:12,943 | INFO | fontTools.subset | kern dropped
2026-10-05 17:58:12,943 | INFO | fontTools.subset | post pruned
2026-10-05 17:58:12,943 | INFO | fontTools.subset | FFTM dropped
2026-10-05 17:58:12,945 | INFO | fontTools.subset | GPOS pruned
2026-10-05 17:58:12,947 | INFO | fontTools.subset | GSUB pruned
2026-10-05 17:58:12,951 | INFO | fontTools.subset | glyf pruned
2026-10-05 17:58:12,952 | INFO | fontTools.subset | Added gid0 to subset
2026-10-05 17:58:12,952 | INFO | fontTools.subset | Added first four glyphs to subset
2026-10-05 17:58:12,952 | INFO | fontTools.subset | Closing glyph list over 'MATH': 5 glyphs before
2026-10-05 17:58:12,952 | INFO | fontTools.subset | Glyph names: ['.notdef', '.null', 'nonmarkingreturn', 'space', 'uni2423']
2026-10-05 17:58:12,952 | INFO | fontTools.subset | Glyph IDs:   [0, 1, 2, 3, 3532]
2026-10-05 17:58:12,953 | INFO | fontTools.subset | Closed glyph list over 'MATH': 5 glyphs after
2026-10-05 17:58:12,953 | INFO | fontTools.subset | Glyph names: ['.notdef', '.null', 'nonmarkingreturn', 'space', 'uni2423']
2026-10-05 17:58:12,953 | INFO | fontTools.subset | Glyph IDs:   [0, 1, 2, 3, 3532]
2026-10-05 17:58:12,953 | INFO | fontTools.subset | Closing glyph list over 'GSUB': 5 glyphs before
2026-10-05 17:58:12,953 | INFO | fontTools.subset | Glyph names: ['.notdef', '.null', 'nonmarkingreturn', 'space', 'uni2423']
2026-10-05 17:58:12,953 | INFO | fontTools.subset | Glyph IDs:   [0, 1, 2, 3, 3532]
2026-10-05 17:58:12,955 | INFO | fontTools.subset | Closed glyph list over 'GSUB': 5 glyphs after
2026-10-05 17:58:12,955 | INFO | fontTools.subset | Glyph names: ['.notdef', '.null', 'nonmarkingreturn', 'space', 'uni2423']
2026-10-05 17:58:12,955 | INFO | fontTools.subset | Glyph IDs:   [0, 1, 2, 3, 3532]
2026-10-05 17:58:12,955 | INFO | fontTools.subset | Closing glyph list over 'glyf': 5 glyphs before
2026-10-05 17:58:12,955 | INFO | fontTools.subset | Glyph names: ['.notdef', '.null', 'nonmarkingreturn', 'space', 'uni2423']
2026-10-05 17:58:12,956 | INFO | fontTools.subset | Glyph IDs:   [0, 1, 2, 3, 3532]
2026-10-05 17:58:12,956 | INFO | fontTools.subset | Closed glyph list over 'glyf': 5 glyphs after
2026-10-05 17:58:12,956 | INFO | fontTools.subset | Glyph names: ['.notdef', '.null', 'nonmarkingreturn', 'space', 'uni2423']
2026-10-05 17:58:12,956 | INFO | fontTools.subset | Glyph IDs:   [0, 1, 2, 3, 3532]
2026-10-05 17:58:12,956 | INFO | fontTools.subset | Retaining 5 glyphs
2026-10-05 17:58:12,956 | INFO | fontTools.subset | head subsetting not needed
2026-10-05 17:58:12,956 | INFO | fontTools.subset | hhea subsetting not needed
2026-10-05 17:58:12,957 | INFO | fontTools.subset | maxp subsetting not needed
2026-10-05 17:58:12,957 | INFO | fontTools.subset | OS/2 subsetting not needed
2026-10-05 17:58:12,959 | INFO | fontTools.subset | hmtx subsetted
2026-10-05 17:58:12,960 | INFO | fontTools.subset | cmap subsetted
2026-10-05 17:58:12,961 | INFO | fontTools.subset | fpgm subsetting not needed
2026-10-05 17:58:12,961 | INFO | fontTools.subset | prep subsetting not needed
2026-10-05 17:58:12,961 | INFO | fontTools.subset | cvt  subsetting not needed
2026-10-05 17:58:12,961 | INFO | fontTools.subset | loca subsetting not needed
2026-10-05 17:58:12,961 | INFO | fontTools.subset | post subsetted
2026-10-05 17:58:12,961 | INFO | fontTools.subset | gasp subsetting not needed
2026-10-05 17:58:12,961 | INFO | fontTools.subset | MATH subsetted
2026-10-05 17:58:12,962 | INFO | fontTools.subset | GDEF subsetted
2026-10-05 17:58:12,976 | INFO | fontTools.subset | GPOS subsetted
2026-10-05 17:58:12,977 | INFO | fontTools.subset | GSUB subsetted
2026-10-05 17:58:12,977 | INFO | fontTools.subset | name subsetting not needed
2026-10-05 17:58:12,978 | INFO | fontTools.subset | glyf subsetted
2026-10-05 17:58:12,978 | INFO | fontTools.subset | head pruned
2026-10-05 17:58:12,978 | INFO | fontTools.subset | OS/2 Unicode ranges pruned: [40]
2026-10-05 17:58:12,978 | INFO | fontTools.subset | OS/2 CodePage ranges pruned: [0]
2026-10-05 17:58:12,979 | INFO | fontTools.subset | glyf pruned
2026-10-05 17:58:12,979 | INFO | fontTools.subset | GDEF pruned
2026-10-05 17:58:12,979 | INFO | fontTools.subset | GPOS pruned
2026-10-05 17:58:12,979 | INFO | fontTools.subset | GSUB pruned
2026-10-05 17:58:12,980 | INFO | fontTools.subset | name pruned
2026-10-05 17:58:13,315 | INFO | fontTools.subset | maxp pruned
2026-10-05 17:58:13,323 | INFO | fontTools.subset | cmap pruned
2026-10-05 17:58:13,326 | INFO | fontTools.subset | kern dropped
2026-10-05 17:58:13,326 | INFO | fontTools.subset | post pruned
2026-10-05 17:58:13,326 | INFO | fontTools.subset | FFTM dropped
2026-10-05 17:58:13,328 | INFO | fontTools.subset | GPOS pruned
2026-10-05 17:58:13,331 | INFO | fontTools.subset | GSUB pruned
2026-10-05 17:58:13,336 | INFO | fontTools.subset | glyf pruned
2026-10-05 17:58:13,337 | INFO | fontTools.subset | Added gid0 to subset
2026-10-05 17:58:13,337 | INFO | fontTools.subset | Added first four glyphs to subset
2026-10-05 17:58:13,337 | INFO | fontTools.subset | Closing glyph list over 'MATH': 39 glyphs before
2026-10-05 17:58:13,337 | INFO | fontTools.subset | Glyph names: ['.notdef', '.null', 'J', 'L', 'a', 'c', 'comma', 'd', 'e', 'eacute', 'ecircumflex', 'eight', 'f', 'five', 'four', 'i', 'iacute', 'l', 'm', 'n', 'nine', 'nonmarkingreturn', 'o', 'one', 'p', 'parenleft', 'parenright', 'q', 'r', 's', 'six', 'space', 't', 'three', 'two', 'u', 'underscore', 'x', 'zero']
2026-10-05 17:58:13,338 | INFO | fontTools.subset | Glyph IDs:   [0, 1, 2, 3, 11, 12, 15, 19, 20, 21, 22, 23, 24, 25, 27, 28, 45, 47, 66, 68, 70, 71, 72, 73, 76, 79, 80, 81, 82, 83, 84, 85, 86, 87, 88, 91, 171, 172, 175]
2026-10-05 17:58:13,339 | INFO | fontTools.subset | Closed glyph list over 'MATH': 45 glyphs after
2026-10-05 17:58:13,339 | INFO | fontTools.subset | Glyph names: ['.notdef', '.null', 'J', 'L', 'a', 'c', 'comma', 'd', 'e', 'eacute', 'ecircumflex', 'eight', 'f', 'five', 'four', 'i', 'iacute', 'l', 'm', 'n', 'nine', 'nonmarkingreturn', 'o', 'one', 'p', 'parenleft', 'parenright', 'q', 'r', 's', 'six', 'space', 't', 'three', 'two', 'u', 'underscore', 'uni239B', 'uni239C', 'uni239D', 'uni239E', 'uni239F', 'uni23A0', 'x', 'zero']
2026-10-05 17:58:13,339 | INFO | fontTools.subset | Glyph IDs:   [0, 1, 2, 3, 11, 12, 15, 19, 20, 21, 22, 23, 24, 25, 27, 28, 45, 47, 66, 68, 70, 71, 72, 73, 76, 79, 80, 81, 82, 83, 84, 85, 86, 87, 88, 91, 171, 172, 175, 3506, 3507, 3508, 3509, 3510, 3511]
2026-10-05 17:58:13,339 | INFO | fontTools.subset | Closing glyph list over 'GSUB': 45 glyphs before
2026-10-05 17:58:13,339 | INFO | fontTools.subset | Glyph names: ['.notdef', '.null', 'J', 'L', 'a', 'c', 'comma', 'd', 'e', 'eacute', 'ecircumflex', 'eight', 'f', 'five', 'four', 'i', 'iacute', 'l', 'm', 'n', 'nine', 'nonmarkingreturn', 'o', 'one', 'p', 'parenleft', 'parenright', 'q', 'r', 's', 'six', 'space', 't', 'three', 'two', 'u', 'underscore', 'uni239B', 'uni239C', 'uni239D', 'uni239E', 'uni239F', 'uni23A0', 'x', 'zero']
2026-10-05 17:58:13,339 | INFO | fontTools.subset | Glyph IDs:   [0, 1, 2, 3, 11, 12, 15, 19, 20, 21, 22, 23, 24, 25, 27, 28, 45, 47, 66, 68, 70, 71, 72, 73, 76, 79, 80, 81, 82, 83, 84, 85, 86, 87, 88, 91, 171, 172, 175, 3506, 3507, 3508, 3509, 3510, 3511]
2026-10-05 17:58:13,342 | INFO | fontTools.subset | Closed glyph list over 'GSUB': 50 glyphs after
2026-10-05 17:58:13,342 | INFO | fontTools.subset | Glyph names: ['.notdef', '.null', 'J', 'L', 'a', 'c', 'comma', 'd', 'e', 'eacute', 'ecircumflex', 'eight', 'f', 'fi', 'five', 'fl', 'four', 'i', 'iacute', 'l', 'm', 'n', 'nine', 'nonmarkingreturn', 'o', 'one', 'p', 'parenleft', 'parenright', 'q', 'r', 's', 'six', 'space', 't', 'three', 'two', 'u', 'underscore', 'uni239B', 'uni239C', 'uni239D', 'uni239E', 'uni239F', 'uni23A0', 'uniFB00', 'uniFB03', 'uniFB04', 'x', 'zero']
2026-10-05 17:58:13,342 | INFO | fontTools.subset | Glyph IDs:   [0, 1, 2, 3, 11, 12, 15, 19, 20, 21, 22, 23, 24, 25, 27, 28, 45, 47, 66, 68, 70, 71, 72, 73, 76, 79, 80, 81, 82, 83, 84, 85, 86, 87, 88, 91, 171, 172, 175, 3506, 3507, 3508, 3509, 3510, 3511, 5038, 5039, 5040, 5041, 5042]
2026-10-05 17:58:13,342 | INFO | fontTools.subset | Closing glyph list over 'glyf': 50 glyphs before
2026-10-05 17:58:13,343 | INFO | fontTools.subset | Glyph names: ['.notdef', '.null', 'J', 'L', 'a', 'c', 'comma', 'd', 'e', 'eacute', 'ecircumflex', 'eight', 'f', 'fi', 'five', 'fl', 'four', 'i', 'iacute', 'l', 'm', 'n', 'nine', 'nonmarkingreturn', 'o', 'one', 'p', 'parenleft', 'parenright', 'q', 'r', 's', 'six', 'space', 't', 'three', 'two', 'u', 'underscore', 'uni239B', 'uni239C', 'uni239D', 'uni239E', 'uni239F', 'uni23A0', 'uniFB00', 'uniFB03', 'uniFB04', 'x', 'zero']
2026-10-05 17:58:13,343 | INFO | fontTools.subset | Glyph IDs:   [0, 1, 2, 3, 11, 12, 15, 19, 20, 21, 22, 23, 24, 25, 27, 28, 45, 47, 66, 68, 70, 71, 72, 73, 76, 79, 80, 81, 82, 83, 84, 85, 86, 87, 88, 91, 171, 172, 175, 3506, 3507, 3508, 3509, 3510, 3511, 5038, 5039, 5040, 5041, 5042]
2026-10-05 17:58:13,343 | INFO | fontTools.subset | Closed glyph list over 'glyf': 53 glyphs after
2026-10-05 17:58:13,343 | INFO | fontTools.subset | Glyph names: ['.notdef', '.null', 'J', 'L', 'a', 'acute', 'c', 'circumflex', 'comma', 'd', 'dotlessi', 'e', 'eacute', 'ecircumflex', 'eight', 'f', 'fi', 'five', 'fl', 'four', 'i', 'iacute', 'l', 'm', 'n', 'nine', 'nonmarkingreturn', 'o', 'one', 'p', 'parenleft', 'parenright', 'q', 'r', 's', 'six', 'space', 't', 'three', 'two', 'u', 'underscore', 'uni239B', 'uni239C', 'uni239D', 'uni239E', 'uni239F', 'uni23A0', 'uniFB00', 'uniFB03', 'uniFB04', 'x', 'zero']
2026-10-05 17:58:13,343 | INFO | fontTools.subset | Glyph IDs:   [0, 1, 2, 3, 11, 12, 15, 19, 20, 21, 22, 23, 24, 25, 27, 28, 45, 47, 66, 68, 70, 71, 72, 73, 76, 79, 80, 81, 82, 83, 84, 85, 86, 87, 88, 91, 118, 171, 172, 175, 243, 648, 3506, 3507, 3508, 3509, 3510, 3511, 5038, 5039, 5040, 5041, 5042]
2026-10-05 17:58:13,343 | INFO | fontTools.subset | Retaining 53 glyphs
2026-10-05 17:58:13,344 | INFO | fontTools.subset | head subsetting not needed
2026-10-05 17:58:13,344 | INFO | fontTools.subset | hhea subsetting not needed
2026-10-05 17:58:13,344 | INFO | fontTools.subset | maxp subsetting not needed
2026-10-05 17:58:13,344 | INFO | fontTools.subset | OS/2 subsetting not needed
2026-10-05 17:58:13,348 | INFO | fontTools.subset | hmtx subsetted
2026-10-05 17:58:13,349 | INFO | fontTools.subset | cmap subsetted
2026-10-05 17:58:13,349 | INFO | fontTools.subset | fpgm subsetting not needed
2026-10-05 17:58:13,349 | INFO | fontTools.subset | prep subsetting not needed
2026-10-05 17:58:13,349 | INFO | fontTools.subset | cvt  subsetting not needed
2026-10-05 17:58:13,349 | INFO | fontTools.subset | loca subsetting not needed
2026-10-05 17:58:13,350 | INFO | fontTools.subset | post subsetted
2026-10-05 17:58:13,350 | INFO | fontTools.subset | gasp subsetting not needed
2026-10-05 17:58:13,350 | INFO | fontTools.subset | MATH subsetted
2026-10-05 17:58:13,351 | INFO | fontTools.subset | GDEF subsetted
2026-10-05 17:58:13,367 | INFO | fontTools.subset | GPOS subsetted
2026-10-05 17:58:13,368 | INFO | fontTools.subset | GSUB subsetted
2026-10-05 17:58:13,368 | INFO | fontTools.subset | name subsetting not needed
2026-10-05 17:58:13,370 | INFO | fontTools.subset | glyf subsetted
2026-10-05 17:58:13,370 | INFO | fontTools.subset | head pruned
2026-10-05 17:58:13,370 | INFO | fontTools.subset | OS/2 Unicode ranges pruned: [0, 1]
2026-10-05 17:58:13,370 | INFO | fontTools.subset | OS/2 CodePage ranges pruned: [0]
2026-10-05 17:58:13,371 | INFO | fontTools.subset | glyf pruned
2026-10-05 17:58:13,371 | INFO | fontTools.subset | GDEF pruned
2026-10-05 17:58:13,371 | INFO | fontTools.subset | GPOS pruned
2026-10-05 17:58:13,371 | INFO | fontTools.subset | GSUB pruned
2026-10-05 17:58:13,375 | INFO | fontTools.subset | name pruned
2026-10-05 17:58:13,383 | INFO | fontTools.subset | maxp pruned
2026-10-05 17:58:13,391 | INFO | fontTools.subset | cmap pruned
2026-10-05 17:58:13,391 | INFO | fontTools.subset | kern dropped
2026-10-05 17:58:13,391 | INFO | fontTools.subset | post pruned
2026-10-05 17:58:13,391 | INFO | fontTools.subset | FFTM dropped
2026-10-05 17:58:13,393 | INFO | fontTools.subset | GPOS pruned
2026-10-05 17:58:13,395 | INFO | fontTools.subset | GSUB pruned
2026-10-05 17:58:13,400 | INFO | fontTools.subset | glyf pruned
2026-10-05 17:58:13,401 | INFO | fontTools.subset | Added gid0 to subset
2026-10-05 17:58:13,401 | INFO | fontTools.subset | Added first four glyphs to subset
2026-10-05 17:58:13,401 | INFO | fontTools.subset | Closing glyph list over 'MATH': 6 glyphs before
2026-10-05 17:58:13,401 | INFO | fontTools.subset | Glyph names: ['.notdef', '.null', 'endash', 'nonmarkingreturn', 'space', 'uni2113']
2026-10-05 17:58:13,402 | INFO | fontTools.subset | Glyph IDs:   [0, 1, 2, 3, 2805, 2986]
2026-10-05 17:58:13,402 | INFO | fontTools.subset | Closed glyph list over 'MATH': 6 glyphs after
2026-10-05 17:58:13,402 | INFO | fontTools.subset | Glyph names: ['.notdef', '.null', 'endash', 'nonmarkingreturn', 'space', 'uni2113']
2026-10-05 17:58:13,403 | INFO | fontTools.subset | Glyph IDs:   [0, 1, 2, 3, 2805, 2986]
2026-10-05 17:58:13,403 | INFO | fontTools.subset | Closing glyph list over 'GSUB': 6 glyphs before
2026-10-05 17:58:13,403 | INFO | fontTools.subset | Glyph names: ['.notdef', '.null', 'endash', 'nonmarkingreturn', 'space', 'uni2113']
2026-10-05 17:58:13,403 | INFO | fontTools.subset | Glyph IDs:   [0, 1, 2, 3, 2805, 2986]
2026-10-05 17:58:13,404 | INFO | fontTools.subset | Closed glyph list over 'GSUB': 6 glyphs after
2026-10-05 17:58:13,404 | INFO | fontTools.subset | Glyph names: ['.notdef', '.null', 'endash', 'nonmarkingreturn', 'space', 'uni2113']
2026-10-05 17:58:13,404 | INFO | fontTools.subset | Glyph IDs:   [0, 1, 2, 3, 2805, 2986]
2026-10-05 17:58:13,404 | INFO | fontTools.subset | Closing glyph list over 'glyf': 6 glyphs before
2026-10-05 17:58:13,404 | INFO | fontTools.subset | Glyph names: ['.notdef', '.null', 'endash', 'nonmarkingreturn', 'space', 'uni2113']
2026-10-05 17:58:13,404 | INFO | fontTools.subset | Glyph IDs:   [0, 1, 2, 3, 2805, 2986]
2026-10-05 17:58:13,404 | INFO | fontTools.subset | Closed glyph list over 'glyf': 6 glyphs after
2026-10-05 17:58:13,404 | INFO | fontTools.subset | Glyph names: ['.notdef', '.null', 'endash', 'nonmarkingreturn', 'space', 'uni2113']
2026-10-05 17:58:13,405 | INFO | fontTools.subset | Glyph IDs:   [0, 1, 2, 3, 2805, 2986]
2026-10-05 17:58:13,405 | INFO | fontTools.subset | Retaining 6 glyphs
2026-10-05 17:58:13,405 | INFO | fontTools.subset | head subsetting not needed
2026-10-05 17:58:13,405 | INFO | fontTools.subset | hhea subsetting not needed
2026-10-05 17:58:13,405 | INFO | fontTools.subset | maxp subsetting not needed
2026-10-05 17:58:13,405 | INFO | fontTools.subset | OS/2 subsetting not needed
2026-10-05 17:58:13,408 | INFO | fontTools.subset | hmtx subsetted
2026-10-05 17:58:13,410 | INFO | fontTools.subset | cmap subsetted
2026-10-05 17:58:13,410 | INFO | fontTools.subset | fpgm subsetting not needed
2026-10-05 17:58:13,410 | INFO | fontTools.subset | prep subsetting not needed
2026-10-05 17:58:13,410 | INFO | fontTools.subset | cvt  subsetting not needed
2026-10-05 17:58:13,410 | INFO | fontTools.subset | loca subsetting not needed
2026-10-05 17:58:13,410 | INFO | fontTools.subset | post subsetted
2026-10-05 17:58:13,410 | INFO | fontTools.subset | gasp subsetting not needed
2026-10-05 17:58:13,410 | INFO | fontTools.subset | MATH subsetted
2026-10-05 17:58:13,412 | INFO | fontTools.subset | GDEF subsetted
2026-10-05 17:58:13,427 | INFO | fontTools.subset | GPOS subsetted
2026-10-05 17:58:13,427 | INFO | fontTools.subset | GSUB subsetted
2026-10-05 17:58:13,427 | INFO | fontTools.subset | name subsetting not needed
2026-10-05 17:58:13,429 | INFO | fontTools.subset | glyf subsetted
2026-10-05 17:58:13,429 | INFO | fontTools.subset | head pruned
2026-10-05 17:58:13,429 | INFO | fontTools.subset | OS/2 Unicode ranges pruned: [31, 35]
2026-10-05 17:58:13,429 | INFO | fontTools.subset | OS/2 CodePage ranges pruned: [0]
2026-10-05 17:58:13,429 | INFO | fontTools.subset | glyf pruned
2026-10-05 17:58:13,430 | INFO | fontTools.subset | GDEF pruned
2026-10-05 17:58:13,430 | INFO | fontTools.subset | GPOS pruned
2026-10-05 17:58:13,430 | INFO | fontTools.subset | GSUB pruned
2026-10-05 17:58:13,431 | INFO | fontTools.subset | name pruned
2026-10-05 17:58:13,790 | INFO | fontTools.subset | maxp pruned
2026-10-05 17:58:13,799 | INFO | fontTools.subset | cmap pruned
2026-10-05 17:58:13,799 | INFO | fontTools.subset | kern dropped
2026-10-05 17:58:13,799 | INFO | fontTools.subset | post pruned
2026-10-05 17:58:13,799 | INFO | fontTools.subset | FFTM dropped
2026-10-05 17:58:13,800 | INFO | fontTools.subset | GPOS pruned
2026-10-05 17:58:13,803 | INFO | fontTools.subset | GSUB pruned
2026-10-05 17:58:13,808 | INFO | fontTools.subset | glyf pruned
2026-10-05 17:58:13,809 | INFO | fontTools.subset | Added gid0 to subset
2026-10-05 17:58:13,809 | INFO | fontTools.subset | Added first four glyphs to subset
2026-10-05 17:58:13,809 | INFO | fontTools.subset | Closing glyph list over 'MATH': 43 glyphs before
2026-10-05 17:58:13,809 | INFO | fontTools.subset | Glyph names: ['.notdef', '.null', 'D', 'L', 'a', 'atilde', 'c', 'ccedilla', 'comma', 'd', 'e', 'ecircumflex', 'eight', 'equal', 'f', 'five', 'four', 'g', 'i', 'iacute', 'k', 'l', 'm', 'n', 'nine', 'nonmarkingreturn', 'o', 'one', 'p', 'q', 'r', 'six', 'slash', 'space', 't', 'three', 'two', 'u', 'uacute', 'underscore', 'v', 'x', 'zero']
2026-10-05 17:58:13,810 | INFO | fontTools.subset | Glyph IDs:   [0, 1, 2, 3, 15, 18, 19, 20, 21, 22, 23, 24, 25, 27, 28, 32, 39, 47, 66, 68, 70, 71, 72, 73, 74, 76, 78, 79, 80, 81, 82, 83, 84, 85, 87, 88, 89, 91, 165, 169, 172, 175, 188]
2026-10-05 17:58:13,811 | INFO | fontTools.subset | Closed glyph list over 'MATH': 43 glyphs after
2026-10-05 17:58:13,811 | INFO | fontTools.subset | Glyph names: ['.notdef', '.null', 'D', 'L', 'a', 'atilde', 'c', 'ccedilla', 'comma', 'd', 'e', 'ecircumflex', 'eight', 'equal', 'f', 'five', 'four', 'g', 'i', 'iacute', 'k', 'l', 'm', 'n', 'nine', 'nonmarkingreturn', 'o', 'one', 'p', 'q', 'r', 'six', 'slash', 'space', 't', 'three', 'two', 'u', 'uacute', 'underscore', 'v', 'x', 'zero']
2026-10-05 17:58:13,811 | INFO | fontTools.subset | Glyph IDs:   [0, 1, 2, 3, 15, 18, 19, 20, 21, 22, 23, 24, 25, 27, 28, 32, 39, 47, 66, 68, 70, 71, 72, 73, 74, 76, 78, 79, 80, 81, 82, 83, 84, 85, 87, 88, 89, 91, 165, 169, 172, 175, 188]
2026-10-05 17:58:13,811 | INFO | fontTools.subset | Closing glyph list over 'GSUB': 43 glyphs before
2026-10-05 17:58:13,811 | INFO | fontTools.subset | Glyph names: ['.notdef', '.null', 'D', 'L', 'a', 'atilde', 'c', 'ccedilla', 'comma', 'd', 'e', 'ecircumflex', 'eight', 'equal', 'f', 'five', 'four', 'g', 'i', 'iacute', 'k', 'l', 'm', 'n', 'nine', 'nonmarkingreturn', 'o', 'one', 'p', 'q', 'r', 'six', 'slash', 'space', 't', 'three', 'two', 'u', 'uacute', 'underscore', 'v', 'x', 'zero']
2026-10-05 17:58:13,811 | INFO | fontTools.subset | Glyph IDs:   [0, 1, 2, 3, 15, 18, 19, 20, 21, 22, 23, 24, 25, 27, 28, 32, 39, 47, 66, 68, 70, 71, 72, 73, 74, 76, 78, 79, 80, 81, 82, 83, 84, 85, 87, 88, 89, 91, 165, 169, 172, 175, 188]
2026-10-05 17:58:13,814 | INFO | fontTools.subset | Closed glyph list over 'GSUB': 48 glyphs after
2026-10-05 17:58:13,814 | INFO | fontTools.subset | Glyph names: ['.notdef', '.null', 'D', 'L', 'a', 'atilde', 'c', 'ccedilla', 'comma', 'd', 'e', 'ecircumflex', 'eight', 'equal', 'f', 'fi', 'five', 'fl', 'four', 'g', 'i', 'iacute', 'k', 'l', 'm', 'n', 'nine', 'nonmarkingreturn', 'o', 'one', 'p', 'q', 'r', 'six', 'slash', 'space', 't', 'three', 'two', 'u', 'uacute', 'underscore', 'uniFB00', 'uniFB03', 'uniFB04', 'v', 'x', 'zero']
2026-10-05 17:58:13,814 | INFO | fontTools.subset | Glyph IDs:   [0, 1, 2, 3, 15, 18, 19, 20, 21, 22, 23, 24, 25, 27, 28, 32, 39, 47, 66, 68, 70, 71, 72, 73, 74, 76, 78, 79, 80, 81, 82, 83, 84, 85, 87, 88, 89, 91, 165, 169, 172, 175, 188, 5038, 5039, 5040, 5041, 5042]
2026-10-05 17:58:13,814 | INFO | fontTools.subset | Closing glyph list over 'glyf': 48 glyphs before
2026-10-05 17:58:13,814 | INFO | fontTools.subset | Glyph names: ['.notdef', '.null', 'D', 'L', 'a', 'atilde', 'c', 'ccedilla', 'comma', 'd', 'e', 'ecircumflex', 'eight', 'equal', 'f', 'fi', 'five', 'fl', 'four', 'g', 'i', 'iacute', 'k', 'l', 'm', 'n', 'nine', 'nonmarkingreturn', 'o', 'one', 'p', 'q', 'r', 'six', 'slash', 'space', 't', 'three', 'two', 'u', 'uacute', 'underscore', 'uniFB00', 'uniFB03', 'uniFB04', 'v', 'x', 'zero']
2026-10-05 17:58:13,814 | INFO | fontTools.subset | Glyph IDs:   [0, 1, 2, 3, 15, 18, 19, 20, 21, 22, 23, 24, 25, 27, 28, 32, 39, 47, 66, 68, 70, 71, 72, 73, 74, 76, 78, 79, 80, 81, 82, 83, 84, 85, 87, 88, 89, 91, 165, 169, 172, 175, 188, 5038, 5039, 5040, 5041, 5042]
2026-10-05 17:58:13,814 | INFO | fontTools.subset | Closed glyph list over 'glyf': 53 glyphs after
2026-10-05 17:58:13,814 | INFO | fontTools.subset | Glyph names: ['.notdef', '.null', 'D', 'L', 'a', 'acute', 'atilde', 'c', 'ccedilla', 'cedilla', 'circumflex', 'comma', 'd', 'dotlessi', 'e', 'ecircumflex', 'eight', 'equal', 'f', 'fi', 'five', 'fl', 'four', 'g', 'i', 'iacute', 'k', 'l', 'm', 'n', 'nine', 'nonmarkingreturn', 'o', 'one', 'p', 'q', 'r', 'six', 'slash', 'space', 't', 'three', 'tilde', 'two', 'u', 'uacute', 'underscore', 'uniFB00', 'uniFB03', 'uniFB04', 'v', 'x', 'zero']
2026-10-05 17:58:13,815 | INFO | fontTools.subset | Glyph IDs:   [0, 1, 2, 3, 15, 18, 19, 20, 21, 22, 23, 24, 25, 27, 28, 32, 39, 47, 66, 68, 70, 71, 72, 73, 74, 76, 78, 79, 80, 81, 82, 83, 84, 85, 87, 88, 89, 91, 118, 122, 165, 169, 172, 175, 188, 243, 648, 670, 5038, 5039, 5040, 5041, 5042]
2026-10-05 17:58:13,815 | INFO | fontTools.subset | Retaining 53 glyphs
2026-10-05 17:58:13,815 | INFO | fontTools.subset | head subsetting not needed
2026-10-05 17:58:13,815 | INFO | fontTools.subset | hhea subsetting not needed
2026-10-05 17:58:13,815 | INFO | fontTools.subset | maxp subsetting not needed
2026-10-05 17:58:13,816 | INFO | fontTools.subset | OS/2 subsetting not needed
2026-10-05 17:58:13,819 | INFO | fontTools.subset | hmtx subsetted
2026-10-05 17:58:13,820 | INFO | fontTools.subset | cmap subsetted
2026-10-05 17:58:13,820 | INFO | fontTools.subset | fpgm subsetting not needed
2026-10-05 17:58:13,821 | INFO | fontTools.subset | prep subsetting not needed
2026-10-05 17:58:13,821 | INFO | fontTools.subset | cvt  subsetting not needed
2026-10-05 17:58:13,821 | INFO | fontTools.subset | loca subsetting not needed
2026-10-05 17:58:13,821 | INFO | fontTools.subset | post subsetted
2026-10-05 17:58:13,821 | INFO | fontTools.subset | gasp subsetting not needed
2026-10-05 17:58:13,821 | INFO | fontTools.subset | MATH subsetted
2026-10-05 17:58:13,823 | INFO | fontTools.subset | GDEF subsetted
2026-10-05 17:58:13,837 | INFO | fontTools.subset | GPOS subsetted
2026-10-05 17:58:13,839 | INFO | fontTools.subset | GSUB subsetted
2026-10-05 17:58:13,839 | INFO | fontTools.subset | name subsetting not needed
2026-10-05 17:58:13,840 | INFO | fontTools.subset | glyf subsetted
2026-10-05 17:58:13,840 | INFO | fontTools.subset | head pruned
2026-10-05 17:58:13,841 | INFO | fontTools.subset | OS/2 Unicode ranges pruned: [0, 1]
2026-10-05 17:58:13,841 | INFO | fontTools.subset | OS/2 CodePage ranges pruned: [0]
2026-10-05 17:58:13,841 | INFO | fontTools.subset | glyf pruned
2026-10-05 17:58:13,841 | INFO | fontTools.subset | GDEF pruned
2026-10-05 17:58:13,841 | INFO | fontTools.subset | GPOS pruned
2026-10-05 17:58:13,842 | INFO | fontTools.subset | GSUB pruned
2026-10-05 17:58:13,846 | INFO | fontTools.subset | name pruned
2026-10-05 17:58:13,853 | INFO | fontTools.subset | maxp pruned
2026-10-05 17:58:13,860 | INFO | fontTools.subset | cmap pruned
2026-10-05 17:58:13,860 | INFO | fontTools.subset | kern dropped
2026-10-05 17:58:13,860 | INFO | fontTools.subset | post pruned
2026-10-05 17:58:13,861 | INFO | fontTools.subset | FFTM dropped
2026-10-05 17:58:13,862 | INFO | fontTools.subset | GPOS pruned
2026-10-05 17:58:13,864 | INFO | fontTools.subset | GSUB pruned
2026-10-05 17:58:13,939 | INFO | fontTools.subset | glyf pruned
2026-10-05 17:58:13,940 | INFO | fontTools.subset | Added gid0 to subset
2026-10-05 17:58:13,940 | INFO | fontTools.subset | Added first four glyphs to subset
2026-10-05 17:58:13,940 | INFO | fontTools.subset | Closing glyph list over 'MATH': 7 glyphs before
2026-10-05 17:58:13,940 | INFO | fontTools.subset | Glyph names: ['.notdef', '.null', 'D', 'Tilde', 'endash', 'nonmarkingreturn', 'space']
2026-10-05 17:58:13,941 | INFO | fontTools.subset | Glyph IDs:   [0, 1, 2, 3, 39, 2805, 5912]
2026-10-05 17:58:13,941 | INFO | fontTools.subset | Closed glyph list over 'MATH': 7 glyphs after
2026-10-05 17:58:13,941 | INFO | fontTools.subset | Glyph names: ['.notdef', '.null', 'D', 'Tilde', 'endash', 'nonmarkingreturn', 'space']
2026-10-05 17:58:13,941 | INFO | fontTools.subset | Glyph IDs:   [0, 1, 2, 3, 39, 2805, 5912]
2026-10-05 17:58:13,942 | INFO | fontTools.subset | Closing glyph list over 'GSUB': 7 glyphs before
2026-10-05 17:58:13,942 | INFO | fontTools.subset | Glyph names: ['.notdef', '.null', 'D', 'Tilde', 'endash', 'nonmarkingreturn', 'space']
2026-10-05 17:58:13,942 | INFO | fontTools.subset | Glyph IDs:   [0, 1, 2, 3, 39, 2805, 5912]
2026-10-05 17:58:13,943 | INFO | fontTools.subset | Closed glyph list over 'GSUB': 7 glyphs after
2026-10-05 17:58:13,943 | INFO | fontTools.subset | Glyph names: ['.notdef', '.null', 'D', 'Tilde', 'endash', 'nonmarkingreturn', 'space']
2026-10-05 17:58:13,943 | INFO | fontTools.subset | Glyph IDs:   [0, 1, 2, 3, 39, 2805, 5912]
2026-10-05 17:58:13,943 | INFO | fontTools.subset | Closing glyph list over 'glyf': 7 glyphs before
2026-10-05 17:58:13,943 | INFO | fontTools.subset | Glyph names: ['.notdef', '.null', 'D', 'Tilde', 'endash', 'nonmarkingreturn', 'space']
2026-10-05 17:58:13,944 | INFO | fontTools.subset | Glyph IDs:   [0, 1, 2, 3, 39, 2805, 5912]
2026-10-05 17:58:13,944 | INFO | fontTools.subset | Closed glyph list over 'glyf': 7 glyphs after
2026-10-05 17:58:13,944 | INFO | fontTools.subset | Glyph names: ['.notdef', '.null', 'D', 'Tilde', 'endash', 'nonmarkingreturn', 'space']
2026-10-05 17:58:13,944 | INFO | fontTools.subset | Glyph IDs:   [0, 1, 2, 3, 39, 2805, 5912]
2026-10-05 17:58:13,944 | INFO | fontTools.subset | Retaining 7 glyphs
2026-10-05 17:58:13,944 | INFO | fontTools.subset | head subsetting not needed
2026-10-05 17:58:13,945 | INFO | fontTools.subset | hhea subsetting not needed
2026-10-05 17:58:13,945 | INFO | fontTools.subset | maxp subsetting not needed
2026-10-05 17:58:13,945 | INFO | fontTools.subset | OS/2 subsetting not needed
2026-10-05 17:58:13,947 | INFO | fontTools.subset | hmtx subsetted
2026-10-05 17:58:13,949 | INFO | fontTools.subset | cmap subsetted
2026-10-05 17:58:13,949 | INFO | fontTools.subset | fpgm subsetting not needed
2026-10-05 17:58:13,949 | INFO | fontTools.subset | prep subsetting not needed
2026-10-05 17:58:13,949 | INFO | fontTools.subset | cvt  subsetting not needed
2026-10-05 17:58:13,949 | INFO | fontTools.subset | loca subsetting not needed
2026-10-05 17:58:13,949 | INFO | fontTools.subset | post subsetted
2026-10-05 17:58:13,949 | INFO | fontTools.subset | gasp subsetting not needed
2026-10-05 17:58:13,949 | INFO | fontTools.subset | MATH subsetted
2026-10-05 17:58:13,951 | INFO | fontTools.subset | GDEF subsetted
2026-10-05 17:58:13,965 | INFO | fontTools.subset | GPOS subsetted
2026-10-05 17:58:13,966 | INFO | fontTools.subset | GSUB subsetted
2026-10-05 17:58:13,966 | INFO | fontTools.subset | name subsetting not needed
2026-10-05 17:58:13,967 | INFO | fontTools.subset | glyf subsetted
2026-10-05 17:58:13,967 | INFO | fontTools.subset | head pruned
2026-10-05 17:58:13,968 | INFO | fontTools.subset | OS/2 Unicode ranges pruned: [0, 31]
2026-10-05 17:58:13,968 | INFO | fontTools.subset | OS/2 CodePage ranges pruned: [0]
2026-10-05 17:58:13,968 | INFO | fontTools.subset | glyf pruned
2026-10-05 17:58:13,968 | INFO | fontTools.subset | GDEF pruned
2026-10-05 17:58:13,968 | INFO | fontTools.subset | GPOS pruned
2026-10-05 17:58:13,968 | INFO | fontTools.subset | GSUB pruned
2026-10-05 17:58:13,970 | INFO | fontTools.subset | name pruned
2026-10-05 17:58:14,358 | INFO | fontTools.subset | maxp pruned
2026-10-05 17:58:14,367 | INFO | fontTools.subset | cmap pruned
2026-10-05 17:58:14,367 | INFO | fontTools.subset | kern dropped
2026-10-05 17:58:14,368 | INFO | fontTools.subset | post pruned
2026-10-05 17:58:14,368 | INFO | fontTools.subset | FFTM dropped
2026-10-05 17:58:14,369 | INFO | fontTools.subset | GPOS pruned
2026-10-05 17:58:14,372 | INFO | fontTools.subset | GSUB pruned
2026-10-05 17:58:14,376 | INFO | fontTools.subset | glyf pruned
2026-10-05 17:58:14,377 | INFO | fontTools.subset | Added gid0 to subset
2026-10-05 17:58:14,377 | INFO | fontTools.subset | Added first four glyphs to subset
2026-10-05 17:58:14,377 | INFO | fontTools.subset | Closing glyph list over 'MATH': 43 glyphs before
2026-10-05 17:58:14,377 | INFO | fontTools.subset | Glyph names: ['.notdef', '.null', 'L', 'P', 'a', 'atilde', 'c', 'ccedilla', 'd', 'e', 'ecircumflex', 'eight', 'f', 'five', 'four', 'g', 'i', 'iacute', 'k', 'l', 'm', 'n', 'nine', 'nonmarkingreturn', 'o', 'one', 'p', 'percent', 'q', 'r', 's', 'seven', 'six', 'space', 't', 'three', 'two', 'u', 'uacute', 'underscore', 'v', 'x', 'zero']
2026-10-05 17:58:14,378 | INFO | fontTools.subset | Glyph IDs:   [0, 1, 2, 3, 8, 19, 20, 21, 22, 23, 24, 25, 26, 27, 28, 47, 51, 66, 68, 70, 71, 72, 73, 74, 76, 78, 79, 80, 81, 82, 83, 84, 85, 86, 87, 88, 89, 91, 165, 169, 172, 175, 188]
2026-10-05 17:58:14,378 | INFO | fontTools.subset | Closed glyph list over 'MATH': 43 glyphs after
2026-10-05 17:58:14,379 | INFO | fontTools.subset | Glyph names: ['.notdef', '.null', 'L', 'P', 'a', 'atilde', 'c', 'ccedilla', 'd', 'e', 'ecircumflex', 'eight', 'f', 'five', 'four', 'g', 'i', 'iacute', 'k', 'l', 'm', 'n', 'nine', 'nonmarkingreturn', 'o', 'one', 'p', 'percent', 'q', 'r', 's', 'seven', 'six', 'space', 't', 'three', 'two', 'u', 'uacute', 'underscore', 'v', 'x', 'zero']
2026-10-05 17:58:14,379 | INFO | fontTools.subset | Glyph IDs:   [0, 1, 2, 3, 8, 19, 20, 21, 22, 23, 24, 25, 26, 27, 28, 47, 51, 66, 68, 70, 71, 72, 73, 74, 76, 78, 79, 80, 81, 82, 83, 84, 85, 86, 87, 88, 89, 91, 165, 169, 172, 175, 188]
2026-10-05 17:58:14,379 | INFO | fontTools.subset | Closing glyph list over 'GSUB': 43 glyphs before
2026-10-05 17:58:14,379 | INFO | fontTools.subset | Glyph names: ['.notdef', '.null', 'L', 'P', 'a', 'atilde', 'c', 'ccedilla', 'd', 'e', 'ecircumflex', 'eight', 'f', 'five', 'four', 'g', 'i', 'iacute', 'k', 'l', 'm', 'n', 'nine', 'nonmarkingreturn', 'o', 'one', 'p', 'percent', 'q', 'r', 's', 'seven', 'six', 'space', 't', 'three', 'two', 'u', 'uacute', 'underscore', 'v', 'x', 'zero']
2026-10-05 17:58:14,379 | INFO | fontTools.subset | Glyph IDs:   [0, 1, 2, 3, 8, 19, 20, 21, 22, 23, 24, 25, 26, 27, 28, 47, 51, 66, 68, 70, 71, 72, 73, 74, 76, 78, 79, 80, 81, 82, 83, 84, 85, 86, 87, 88, 89, 91, 165, 169, 172, 175, 188]
2026-10-05 17:58:14,383 | INFO | fontTools.subset | Closed glyph list over 'GSUB': 48 glyphs after
2026-10-05 17:58:14,383 | INFO | fontTools.subset | Glyph names: ['.notdef', '.null', 'L', 'P', 'a', 'atilde', 'c', 'ccedilla', 'd', 'e', 'ecircumflex', 'eight', 'f', 'fi', 'five', 'fl', 'four', 'g', 'i', 'iacute', 'k', 'l', 'm', 'n', 'nine', 'nonmarkingreturn', 'o', 'one', 'p', 'percent', 'q', 'r', 's', 'seven', 'six', 'space', 't', 'three', 'two', 'u', 'uacute', 'underscore', 'uniFB00', 'uniFB03', 'uniFB04', 'v', 'x', 'zero']
2026-10-05 17:58:14,383 | INFO | fontTools.subset | Glyph IDs:   [0, 1, 2, 3, 8, 19, 20, 21, 22, 23, 24, 25, 26, 27, 28, 47, 51, 66, 68, 70, 71, 72, 73, 74, 76, 78, 79, 80, 81, 82, 83, 84, 85, 86, 87, 88, 89, 91, 165, 169, 172, 175, 188, 5038, 5039, 5040, 5041, 5042]
2026-10-05 17:58:14,383 | INFO | fontTools.subset | Closing glyph list over 'glyf': 48 glyphs before
2026-10-05 17:58:14,383 | INFO | fontTools.subset | Glyph names: ['.notdef', '.null', 'L', 'P', 'a', 'atilde', 'c', 'ccedilla', 'd', 'e', 'ecircumflex', 'eight', 'f', 'fi', 'five', 'fl', 'four', 'g', 'i', 'iacute', 'k', 'l', 'm', 'n', 'nine', 'nonmarkingreturn', 'o', 'one', 'p', 'percent', 'q', 'r', 's', 'seven', 'six', 'space', 't', 'three', 'two', 'u', 'uacute', 'underscore', 'uniFB00', 'uniFB03', 'uniFB04', 'v', 'x', 'zero']
2026-10-05 17:58:14,383 | INFO | fontTools.subset | Glyph IDs:   [0, 1, 2, 3, 8, 19, 20, 21, 22, 23, 24, 25, 26, 27, 28, 47, 51, 66, 68, 70, 71, 72, 73, 74, 76, 78, 79, 80, 81, 82, 83, 84, 85, 86, 87, 88, 89, 91, 165, 169, 172, 175, 188, 5038, 5039, 5040, 5041, 5042]
2026-10-05 17:58:14,384 | INFO | fontTools.subset | Closed glyph list over 'glyf': 53 glyphs after
2026-10-05 17:58:14,384 | INFO | fontTools.subset | Glyph names: ['.notdef', '.null', 'L', 'P', 'a', 'acute', 'atilde', 'c', 'ccedilla', 'cedilla', 'circumflex', 'd', 'dotlessi', 'e', 'ecircumflex', 'eight', 'f', 'fi', 'five', 'fl', 'four', 'g', 'i', 'iacute', 'k', 'l', 'm', 'n', 'nine', 'nonmarkingreturn', 'o', 'one', 'p', 'percent', 'q', 'r', 's', 'seven', 'six', 'space', 't', 'three', 'tilde', 'two', 'u', 'uacute', 'underscore', 'uniFB00', 'uniFB03', 'uniFB04', 'v', 'x', 'zero']
2026-10-05 17:58:14,384 | INFO | fontTools.subset | Glyph IDs:   [0, 1, 2, 3, 8, 19, 20, 21, 22, 23, 24, 25, 26, 27, 28, 47, 51, 66, 68, 70, 71, 72, 73, 74, 76, 78, 79, 80, 81, 82, 83, 84, 85, 86, 87, 88, 89, 91, 118, 122, 165, 169, 172, 175, 188, 243, 648, 670, 5038, 5039, 5040, 5041, 5042]
2026-10-05 17:58:14,384 | INFO | fontTools.subset | Retaining 53 glyphs
2026-10-05 17:58:14,385 | INFO | fontTools.subset | head subsetting not needed
2026-10-05 17:58:14,385 | INFO | fontTools.subset | hhea subsetting not needed
2026-10-05 17:58:14,385 | INFO | fontTools.subset | maxp subsetting not needed
2026-10-05 17:58:14,385 | INFO | fontTools.subset | OS/2 subsetting not needed
2026-10-05 17:58:14,387 | INFO | fontTools.subset | hmtx subsetted
2026-10-05 17:58:14,389 | INFO | fontTools.subset | cmap subsetted
2026-10-05 17:58:14,389 | INFO | fontTools.subset | fpgm subsetting not needed
2026-10-05 17:58:14,389 | INFO | fontTools.subset | prep subsetting not needed
2026-10-05 17:58:14,389 | INFO | fontTools.subset | cvt  subsetting not needed
2026-10-05 17:58:14,389 | INFO | fontTools.subset | loca subsetting not needed
2026-10-05 17:58:14,389 | INFO | fontTools.subset | post subsetted
2026-10-05 17:58:14,389 | INFO | fontTools.subset | gasp subsetting not needed
2026-10-05 17:58:14,390 | INFO | fontTools.subset | MATH subsetted
2026-10-05 17:58:14,391 | INFO | fontTools.subset | GDEF subsetted
2026-10-05 17:58:14,408 | INFO | fontTools.subset | GPOS subsetted
2026-10-05 17:58:14,409 | INFO | fontTools.subset | GSUB subsetted
2026-10-05 17:58:14,409 | INFO | fontTools.subset | name subsetting not needed
2026-10-05 17:58:14,410 | INFO | fontTools.subset | glyf subsetted
2026-10-05 17:58:14,411 | INFO | fontTools.subset | head pruned
2026-10-05 17:58:14,411 | INFO | fontTools.subset | OS/2 Unicode ranges pruned: [0, 1]
2026-10-05 17:58:14,411 | INFO | fontTools.subset | OS/2 CodePage ranges pruned: [0]
2026-10-05 17:58:14,412 | INFO | fontTools.subset | glyf pruned
2026-10-05 17:58:14,412 | INFO | fontTools.subset | GDEF pruned
2026-10-05 17:58:14,412 | INFO | fontTools.subset | GPOS pruned
2026-10-05 17:58:14,412 | INFO | fontTools.subset | GSUB pruned
2026-10-05 17:58:14,417 | INFO | fontTools.subset | name pruned
2026-10-05 17:58:14,424 | INFO | fontTools.subset | maxp pruned
2026-10-05 17:58:14,432 | INFO | fontTools.subset | cmap pruned
2026-10-05 17:58:14,432 | INFO | fontTools.subset | kern dropped
2026-10-05 17:58:14,432 | INFO | fontTools.subset | post pruned
2026-10-05 17:58:14,432 | INFO | fontTools.subset | FFTM dropped
2026-10-05 17:58:14,433 | INFO | fontTools.subset | GPOS pruned
2026-10-05 17:58:14,436 | INFO | fontTools.subset | GSUB pruned
2026-10-05 17:58:14,440 | INFO | fontTools.subset | glyf pruned
2026-10-05 17:58:14,441 | INFO | fontTools.subset | Added gid0 to subset
2026-10-05 17:58:14,441 | INFO | fontTools.subset | Added first four glyphs to subset
2026-10-05 17:58:14,441 | INFO | fontTools.subset | Closing glyph list over 'MATH': 6 glyphs before
2026-10-05 17:58:14,441 | INFO | fontTools.subset | Glyph names: ['.notdef', '.null', 'arrowright', 'endash', 'nonmarkingreturn', 'space']
2026-10-05 17:58:14,442 | INFO | fontTools.subset | Glyph IDs:   [0, 1, 2, 3, 2805, 3100]
2026-10-05 17:58:14,442 | INFO | fontTools.subset | Closed glyph list over 'MATH': 7 glyphs after
2026-10-05 17:58:14,442 | INFO | fontTools.subset | Glyph names: ['.notdef', '.null', 'arrowright', 'endash', 'nonmarkingreturn', 'space', 'uni27F6']
2026-10-05 17:58:14,442 | INFO | fontTools.subset | Glyph IDs:   [0, 1, 2, 3, 2805, 3100, 4177]
2026-10-05 17:58:14,442 | INFO | fontTools.subset | Closing glyph list over 'GSUB': 7 glyphs before
2026-10-05 17:58:14,442 | INFO | fontTools.subset | Glyph names: ['.notdef', '.null', 'arrowright', 'endash', 'nonmarkingreturn', 'space', 'uni27F6']
2026-10-05 17:58:14,443 | INFO | fontTools.subset | Glyph IDs:   [0, 1, 2, 3, 2805, 3100, 4177]
2026-10-05 17:58:14,444 | INFO | fontTools.subset | Closed glyph list over 'GSUB': 7 glyphs after
2026-10-05 17:58:14,444 | INFO | fontTools.subset | Glyph names: ['.notdef', '.null', 'arrowright', 'endash', 'nonmarkingreturn', 'space', 'uni27F6']
2026-10-05 17:58:14,444 | INFO | fontTools.subset | Glyph IDs:   [0, 1, 2, 3, 2805, 3100, 4177]
2026-10-05 17:58:14,444 | INFO | fontTools.subset | Closing glyph list over 'glyf': 7 glyphs before
2026-10-05 17:58:14,444 | INFO | fontTools.subset | Glyph names: ['.notdef', '.null', 'arrowright', 'endash', 'nonmarkingreturn', 'space', 'uni27F6']
2026-10-05 17:58:14,444 | INFO | fontTools.subset | Glyph IDs:   [0, 1, 2, 3, 2805, 3100, 4177]
2026-10-05 17:58:14,444 | INFO | fontTools.subset | Closed glyph list over 'glyf': 7 glyphs after
2026-10-05 17:58:14,444 | INFO | fontTools.subset | Glyph names: ['.notdef', '.null', 'arrowright', 'endash', 'nonmarkingreturn', 'space', 'uni27F6']
2026-10-05 17:58:14,444 | INFO | fontTools.subset | Glyph IDs:   [0, 1, 2, 3, 2805, 3100, 4177]
2026-10-05 17:58:14,445 | INFO | fontTools.subset | Retaining 7 glyphs
2026-10-05 17:58:14,445 | INFO | fontTools.subset | head subsetting not needed
2026-10-05 17:58:14,445 | INFO | fontTools.subset | hhea subsetting not needed
2026-10-05 17:58:14,445 | INFO | fontTools.subset | maxp subsetting not needed
2026-10-05 17:58:14,445 | INFO | fontTools.subset | OS/2 subsetting not needed
2026-10-05 17:58:14,448 | INFO | fontTools.subset | hmtx subsetted
2026-10-05 17:58:14,450 | INFO | fontTools.subset | cmap subsetted
2026-10-05 17:58:14,450 | INFO | fontTools.subset | fpgm subsetting not needed
2026-10-05 17:58:14,450 | INFO | fontTools.subset | prep subsetting not needed
2026-10-05 17:58:14,450 | INFO | fontTools.subset | cvt  subsetting not needed
2026-10-05 17:58:14,450 | INFO | fontTools.subset | loca subsetting not needed
2026-10-05 17:58:14,450 | INFO | fontTools.subset | post subsetted
2026-10-05 17:58:14,450 | INFO | fontTools.subset | gasp subsetting not needed
2026-10-05 17:58:14,450 | INFO | fontTools.subset | MATH subsetted
2026-10-05 17:58:14,452 | INFO | fontTools.subset | GDEF subsetted
2026-10-05 17:58:14,467 | INFO | fontTools.subset | GPOS subsetted
2026-10-05 17:58:14,467 | INFO | fontTools.subset | GSUB subsetted
2026-10-05 17:58:14,467 | INFO | fontTools.subset | name subsetting not needed
2026-10-05 17:58:14,468 | INFO | fontTools.subset | glyf subsetted
2026-10-05 17:58:14,469 | INFO | fontTools.subset | head pruned
2026-10-05 17:58:14,469 | INFO | fontTools.subset | OS/2 Unicode ranges pruned: [31, 37]
2026-10-05 17:58:14,469 | INFO | fontTools.subset | OS/2 CodePage ranges pruned: [0]
2026-10-05 17:58:14,469 | INFO | fontTools.subset | glyf pruned
2026-10-05 17:58:14,469 | INFO | fontTools.subset | GDEF pruned
2026-10-05 17:58:14,469 | INFO | fontTools.subset | GPOS pruned
2026-10-05 17:58:14,470 | INFO | fontTools.subset | GSUB pruned
2026-10-05 17:58:14,471 | INFO | fontTools.subset | name pruned
2026-10-05 17:58:14,815 | INFO | fontTools.subset | maxp pruned
2026-10-05 17:58:14,823 | INFO | fontTools.subset | cmap pruned
2026-10-05 17:58:14,824 | INFO | fontTools.subset | kern dropped
2026-10-05 17:58:14,824 | INFO | fontTools.subset | post pruned
2026-10-05 17:58:14,824 | INFO | fontTools.subset | FFTM dropped
2026-10-05 17:58:14,825 | INFO | fontTools.subset | GPOS pruned
2026-10-05 17:58:14,827 | INFO | fontTools.subset | GSUB pruned
2026-10-05 17:58:14,832 | INFO | fontTools.subset | glyf pruned
2026-10-05 17:58:14,833 | INFO | fontTools.subset | Added gid0 to subset
2026-10-05 17:58:14,833 | INFO | fontTools.subset | Added first four glyphs to subset
2026-10-05 17:58:14,833 | INFO | fontTools.subset | Closing glyph list over 'MATH': 39 glyphs before
2026-10-05 17:58:14,833 | INFO | fontTools.subset | Glyph names: ['.notdef', '.null', 'D', 'J', 'a', 'acircumflex', 'atilde', 'b', 'c', 'ccedilla', 'comma', 'd', 'e', 'eight', 'equal', 'four', 'i', 'iacute', 'l', 'm', 'n', 'nonmarkingreturn', 'o', 'one', 'p', 'parenleft', 'parenright', 'r', 's', 'six', 'space', 't', 'three', 'two', 'u', 'uacute', 'v', 'x', 'zero']
2026-10-05 17:58:14,834 | INFO | fontTools.subset | Glyph IDs:   [0, 1, 2, 3, 11, 12, 15, 19, 20, 21, 22, 23, 25, 27, 32, 39, 45, 68, 69, 70, 71, 72, 76, 79, 80, 81, 82, 83, 85, 86, 87, 88, 89, 91, 164, 165, 169, 175, 188]
2026-10-05 17:58:14,834 | INFO | fontTools.subset | Closed glyph list over 'MATH': 45 glyphs after
2026-10-05 17:58:14,834 | INFO | fontTools.subset | Glyph names: ['.notdef', '.null', 'D', 'J', 'a', 'acircumflex', 'atilde', 'b', 'c', 'ccedilla', 'comma', 'd', 'e', 'eight', 'equal', 'four', 'i', 'iacute', 'l', 'm', 'n', 'nonmarkingreturn', 'o', 'one', 'p', 'parenleft', 'parenright', 'r', 's', 'six', 'space', 't', 'three', 'two', 'u', 'uacute', 'uni239B', 'uni239C', 'uni239D', 'uni239E', 'uni239F', 'uni23A0', 'v', 'x', 'zero']
2026-10-05 17:58:14,835 | INFO | fontTools.subset | Glyph IDs:   [0, 1, 2, 3, 11, 12, 15, 19, 20, 21, 22, 23, 25, 27, 32, 39, 45, 68, 69, 70, 71, 72, 76, 79, 80, 81, 82, 83, 85, 86, 87, 88, 89, 91, 164, 165, 169, 175, 188, 3506, 3507, 3508, 3509, 3510, 3511]
2026-10-05 17:58:14,835 | INFO | fontTools.subset | Closing glyph list over 'GSUB': 45 glyphs before
2026-10-05 17:58:14,835 | INFO | fontTools.subset | Glyph names: ['.notdef', '.null', 'D', 'J', 'a', 'acircumflex', 'atilde', 'b', 'c', 'ccedilla', 'comma', 'd', 'e', 'eight', 'equal', 'four', 'i', 'iacute', 'l', 'm', 'n', 'nonmarkingreturn', 'o', 'one', 'p', 'parenleft', 'parenright', 'r', 's', 'six', 'space', 't', 'three', 'two', 'u', 'uacute', 'uni239B', 'uni239C', 'uni239D', 'uni239E', 'uni239F', 'uni23A0', 'v', 'x', 'zero']
2026-10-05 17:58:14,835 | INFO | fontTools.subset | Glyph IDs:   [0, 1, 2, 3, 11, 12, 15, 19, 20, 21, 22, 23, 25, 27, 32, 39, 45, 68, 69, 70, 71, 72, 76, 79, 80, 81, 82, 83, 85, 86, 87, 88, 89, 91, 164, 165, 169, 175, 188, 3506, 3507, 3508, 3509, 3510, 3511]
2026-10-05 17:58:14,837 | INFO | fontTools.subset | Closed glyph list over 'GSUB': 45 glyphs after
2026-10-05 17:58:14,837 | INFO | fontTools.subset | Glyph names: ['.notdef', '.null', 'D', 'J', 'a', 'acircumflex', 'atilde', 'b', 'c', 'ccedilla', 'comma', 'd', 'e', 'eight', 'equal', 'four', 'i', 'iacute', 'l', 'm', 'n', 'nonmarkingreturn', 'o', 'one', 'p', 'parenleft', 'parenright', 'r', 's', 'six', 'space', 't', 'three', 'two', 'u', 'uacute', 'uni239B', 'uni239C', 'uni239D', 'uni239E', 'uni239F', 'uni23A0', 'v', 'x', 'zero']
2026-10-05 17:58:14,837 | INFO | fontTools.subset | Glyph IDs:   [0, 1, 2, 3, 11, 12, 15, 19, 20, 21, 22, 23, 25, 27, 32, 39, 45, 68, 69, 70, 71, 72, 76, 79, 80, 81, 82, 83, 85, 86, 87, 88, 89, 91, 164, 165, 169, 175, 188, 3506, 3507, 3508, 3509, 3510, 3511]
2026-10-05 17:58:14,837 | INFO | fontTools.subset | Closing glyph list over 'glyf': 45 glyphs before
2026-10-05 17:58:14,837 | INFO | fontTools.subset | Glyph names: ['.notdef', '.null', 'D', 'J', 'a', 'acircumflex', 'atilde', 'b', 'c', 'ccedilla', 'comma', 'd', 'e', 'eight', 'equal', 'four', 'i', 'iacute', 'l', 'm', 'n', 'nonmarkingreturn', 'o', 'one', 'p', 'parenleft', 'parenright', 'r', 's', 'six', 'space', 't', 'three', 'two', 'u', 'uacute', 'uni239B', 'uni239C', 'uni239D', 'uni239E', 'uni239F', 'uni23A0', 'v', 'x', 'zero']
2026-10-05 17:58:14,838 | INFO | fontTools.subset | Glyph IDs:   [0, 1, 2, 3, 11, 12, 15, 19, 20, 21, 22, 23, 25, 27, 32, 39, 45, 68, 69, 70, 71, 72, 76, 79, 80, 81, 82, 83, 85, 86, 87, 88, 89, 91, 164, 165, 169, 175, 188, 3506, 3507, 3508, 3509, 3510, 3511]
2026-10-05 17:58:14,838 | INFO | fontTools.subset | Closed glyph list over 'glyf': 50 glyphs after
2026-10-05 17:58:14,838 | INFO | fontTools.subset | Glyph names: ['.notdef', '.null', 'D', 'J', 'a', 'acircumflex', 'acute', 'atilde', 'b', 'c', 'ccedilla', 'cedilla', 'circumflex', 'comma', 'd', 'dotlessi', 'e', 'eight', 'equal', 'four', 'i', 'iacute', 'l', 'm', 'n', 'nonmarkingreturn', 'o', 'one', 'p', 'parenleft', 'parenright', 'r', 's', 'six', 'space', 't', 'three', 'tilde', 'two', 'u', 'uacute', 'uni239B', 'uni239C', 'uni239D', 'uni239E', 'uni239F', 'uni23A0', 'v', 'x', 'zero']
2026-10-05 17:58:14,838 | INFO | fontTools.subset | Glyph IDs:   [0, 1, 2, 3, 11, 12, 15, 19, 20, 21, 22, 23, 25, 27, 32, 39, 45, 68, 69, 70, 71, 72, 76, 79, 80, 81, 82, 83, 85, 86, 87, 88, 89, 91, 118, 122, 164, 165, 169, 175, 188, 243, 648, 670, 3506, 3507, 3508, 3509, 3510, 3511]
2026-10-05 17:58:14,838 | INFO | fontTools.subset | Retaining 50 glyphs
2026-10-05 17:58:14,839 | INFO | fontTools.subset | head subsetting not needed
2026-10-05 17:58:14,839 | INFO | fontTools.subset | hhea subsetting not needed
2026-10-05 17:58:14,839 | INFO | fontTools.subset | maxp subsetting not needed
2026-10-05 17:58:14,839 | INFO | fontTools.subset | OS/2 subsetting not needed
2026-10-05 17:58:14,842 | INFO | fontTools.subset | hmtx subsetted
2026-10-05 17:58:14,844 | INFO | fontTools.subset | cmap subsetted
2026-10-05 17:58:14,844 | INFO | fontTools.subset | fpgm subsetting not needed
2026-10-05 17:58:14,844 | INFO | fontTools.subset | prep subsetting not needed
2026-10-05 17:58:14,844 | INFO | fontTools.subset | cvt  subsetting not needed
2026-10-05 17:58:14,844 | INFO | fontTools.subset | loca subsetting not needed
2026-10-05 17:58:14,844 | INFO | fontTools.subset | post subsetted
2026-10-05 17:58:14,844 | INFO | fontTools.subset | gasp subsetting not needed
2026-10-05 17:58:14,844 | INFO | fontTools.subset | MATH subsetted
2026-10-05 17:58:14,846 | INFO | fontTools.subset | GDEF subsetted
2026-10-05 17:58:14,861 | INFO | fontTools.subset | GPOS subsetted
2026-10-05 17:58:14,862 | INFO | fontTools.subset | GSUB subsetted
2026-10-05 17:58:14,863 | INFO | fontTools.subset | name subsetting not needed
2026-10-05 17:58:14,864 | INFO | fontTools.subset | glyf subsetted
2026-10-05 17:58:14,864 | INFO | fontTools.subset | head pruned
2026-10-05 17:58:14,864 | INFO | fontTools.subset | OS/2 Unicode ranges pruned: [0, 1]
2026-10-05 17:58:14,865 | INFO | fontTools.subset | OS/2 CodePage ranges pruned: [0]
2026-10-05 17:58:14,865 | INFO | fontTools.subset | glyf pruned
2026-10-05 17:58:14,865 | INFO | fontTools.subset | GDEF pruned
2026-10-05 17:58:14,865 | INFO | fontTools.subset | GPOS pruned
2026-10-05 17:58:14,866 | INFO | fontTools.subset | GSUB pruned
2026-10-05 17:58:14,869 | INFO | fontTools.subset | name pruned
2026-10-05 17:58:14,876 | INFO | fontTools.subset | maxp pruned
2026-10-05 17:58:14,884 | INFO | fontTools.subset | cmap pruned
2026-10-05 17:58:14,884 | INFO | fontTools.subset | kern dropped
2026-10-05 17:58:14,884 | INFO | fontTools.subset | post pruned
2026-10-05 17:58:14,884 | INFO | fontTools.subset | FFTM dropped
2026-10-05 17:58:14,885 | INFO | fontTools.subset | GPOS pruned
2026-10-05 17:58:14,888 | INFO | fontTools.subset | GSUB pruned
2026-10-05 17:58:14,893 | INFO | fontTools.subset | glyf pruned
2026-10-05 17:58:14,894 | INFO | fontTools.subset | Added gid0 to subset
2026-10-05 17:58:14,894 | INFO | fontTools.subset | Added first four glyphs to subset
2026-10-05 17:58:14,894 | INFO | fontTools.subset | Closing glyph list over 'MATH': 6 glyphs before
2026-10-05 17:58:14,894 | INFO | fontTools.subset | Glyph names: ['.notdef', '.null', 'minus', 'nonmarkingreturn', 'space', 'uni2113']
2026-10-05 17:58:14,894 | INFO | fontTools.subset | Glyph IDs:   [0, 1, 2, 3, 2986, 3228]
2026-10-05 17:58:14,895 | INFO | fontTools.subset | Closed glyph list over 'MATH': 6 glyphs after
2026-10-05 17:58:14,895 | INFO | fontTools.subset | Glyph names: ['.notdef', '.null', 'minus', 'nonmarkingreturn', 'space', 'uni2113']
2026-10-05 17:58:14,895 | INFO | fontTools.subset | Glyph IDs:   [0, 1, 2, 3, 2986, 3228]
2026-10-05 17:58:14,895 | INFO | fontTools.subset | Closing glyph list over 'GSUB': 6 glyphs before
2026-10-05 17:58:14,895 | INFO | fontTools.subset | Glyph names: ['.notdef', '.null', 'minus', 'nonmarkingreturn', 'space', 'uni2113']
2026-10-05 17:58:14,895 | INFO | fontTools.subset | Glyph IDs:   [0, 1, 2, 3, 2986, 3228]
2026-10-05 17:58:14,896 | INFO | fontTools.subset | Closed glyph list over 'GSUB': 6 glyphs after
2026-10-05 17:58:14,896 | INFO | fontTools.subset | Glyph names: ['.notdef', '.null', 'minus', 'nonmarkingreturn', 'space', 'uni2113']
2026-10-05 17:58:14,897 | INFO | fontTools.subset | Glyph IDs:   [0, 1, 2, 3, 2986, 3228]
2026-10-05 17:58:14,897 | INFO | fontTools.subset | Closing glyph list over 'glyf': 6 glyphs before
2026-10-05 17:58:14,897 | INFO | fontTools.subset | Glyph names: ['.notdef', '.null', 'minus', 'nonmarkingreturn', 'space', 'uni2113']
2026-10-05 17:58:14,897 | INFO | fontTools.subset | Glyph IDs:   [0, 1, 2, 3, 2986, 3228]
2026-10-05 17:58:14,897 | INFO | fontTools.subset | Closed glyph list over 'glyf': 6 glyphs after
2026-10-05 17:58:14,897 | INFO | fontTools.subset | Glyph names: ['.notdef', '.null', 'minus', 'nonmarkingreturn', 'space', 'uni2113']
2026-10-05 17:58:14,897 | INFO | fontTools.subset | Glyph IDs:   [0, 1, 2, 3, 2986, 3228]
2026-10-05 17:58:14,897 | INFO | fontTools.subset | Retaining 6 glyphs
2026-10-05 17:58:14,898 | INFO | fontTools.subset | head subsetting not needed
2026-10-05 17:58:14,898 | INFO | fontTools.subset | hhea subsetting not needed
2026-10-05 17:58:14,898 | INFO | fontTools.subset | maxp subsetting not needed
2026-10-05 17:58:14,898 | INFO | fontTools.subset | OS/2 subsetting not needed
2026-10-05 17:58:14,900 | INFO | fontTools.subset | hmtx subsetted
2026-10-05 17:58:14,902 | INFO | fontTools.subset | cmap subsetted
2026-10-05 17:58:14,902 | INFO | fontTools.subset | fpgm subsetting not needed
2026-10-05 17:58:14,902 | INFO | fontTools.subset | prep subsetting not needed
2026-10-05 17:58:14,902 | INFO | fontTools.subset | cvt  subsetting not needed
2026-10-05 17:58:14,902 | INFO | fontTools.subset | loca subsetting not needed
2026-10-05 17:58:14,902 | INFO | fontTools.subset | post subsetted
2026-10-05 17:58:14,902 | INFO | fontTools.subset | gasp subsetting not needed
2026-10-05 17:58:14,902 | INFO | fontTools.subset | MATH subsetted
2026-10-05 17:58:14,904 | INFO | fontTools.subset | GDEF subsetted
2026-10-05 17:58:14,918 | INFO | fontTools.subset | GPOS subsetted
2026-10-05 17:58:14,919 | INFO | fontTools.subset | GSUB subsetted
2026-10-05 17:58:14,919 | INFO | fontTools.subset | name subsetting not needed
2026-10-05 17:58:14,920 | INFO | fontTools.subset | glyf subsetted
2026-10-05 17:58:14,921 | INFO | fontTools.subset | head pruned
2026-10-05 17:58:14,921 | INFO | fontTools.subset | OS/2 Unicode ranges pruned: [35, 38]
2026-10-05 17:58:14,921 | INFO | fontTools.subset | OS/2 CodePage ranges pruned: [0]
2026-10-05 17:58:14,921 | INFO | fontTools.subset | glyf pruned
2026-10-05 17:58:14,921 | INFO | fontTools.subset | GDEF pruned
2026-10-05 17:58:14,921 | INFO | fontTools.subset | GPOS pruned
2026-10-05 17:58:14,921 | INFO | fontTools.subset | GSUB pruned
2026-10-05 17:58:14,923 | INFO | fontTools.subset | name pruned
2026-10-05 17:58:15,454 | INFO | fontTools.subset | maxp pruned
2026-10-05 17:58:15,463 | INFO | fontTools.subset | cmap pruned
2026-10-05 17:58:15,463 | INFO | fontTools.subset | kern dropped
2026-10-05 17:58:15,463 | INFO | fontTools.subset | post pruned
2026-10-05 17:58:15,463 | INFO | fontTools.subset | FFTM dropped
2026-10-05 17:58:15,465 | INFO | fontTools.subset | GPOS pruned
2026-10-05 17:58:15,468 | INFO | fontTools.subset | GSUB pruned
2026-10-05 17:58:15,472 | INFO | fontTools.subset | glyf pruned
2026-10-05 17:58:15,473 | INFO | fontTools.subset | Added gid0 to subset
2026-10-05 17:58:15,473 | INFO | fontTools.subset | Added first four glyphs to subset
2026-10-05 17:58:15,473 | INFO | fontTools.subset | Closing glyph list over 'MATH': 42 glyphs before
2026-10-05 17:58:15,473 | INFO | fontTools.subset | Glyph names: ['.notdef', '.null', 'I', 'L', 'M', 'N', 'a', 'aacute', 'atilde', 'b', 'ccedilla', 'comma', 'd', 'e', 'eight', 'f', 'five', 'four', 'g', 'h', 'i', 'k', 'l', 'm', 'n', 'nine', 'nonmarkingreturn', 'o', 'oacute', 'one', 'p', 'r', 's', 'seven', 'six', 'space', 't', 'three', 'two', 'v', 'x', 'zero']
2026-10-05 17:58:15,474 | INFO | fontTools.subset | Glyph IDs:   [0, 1, 2, 3, 15, 19, 20, 21, 22, 23, 24, 25, 26, 27, 28, 44, 47, 48, 49, 68, 69, 71, 72, 73, 74, 75, 76, 78, 79, 80, 81, 82, 83, 85, 86, 87, 89, 91, 163, 165, 169, 181]
2026-10-05 17:58:15,475 | INFO | fontTools.subset | Closed glyph list over 'MATH': 42 glyphs after
2026-10-05 17:58:15,475 | INFO | fontTools.subset | Glyph names: ['.notdef', '.null', 'I', 'L', 'M', 'N', 'a', 'aacute', 'atilde', 'b', 'ccedilla', 'comma', 'd', 'e', 'eight', 'f', 'five', 'four', 'g', 'h', 'i', 'k', 'l', 'm', 'n', 'nine', 'nonmarkingreturn', 'o', 'oacute', 'one', 'p', 'r', 's', 'seven', 'six', 'space', 't', 'three', 'two', 'v', 'x', 'zero']
2026-10-05 17:58:15,475 | INFO | fontTools.subset | Glyph IDs:   [0, 1, 2, 3, 15, 19, 20, 21, 22, 23, 24, 25, 26, 27, 28, 44, 47, 48, 49, 68, 69, 71, 72, 73, 74, 75, 76, 78, 79, 80, 81, 82, 83, 85, 86, 87, 89, 91, 163, 165, 169, 181]
2026-10-05 17:58:15,475 | INFO | fontTools.subset | Closing glyph list over 'GSUB': 42 glyphs before
2026-10-05 17:58:15,475 | INFO | fontTools.subset | Glyph names: ['.notdef', '.null', 'I', 'L', 'M', 'N', 'a', 'aacute', 'atilde', 'b', 'ccedilla', 'comma', 'd', 'e', 'eight', 'f', 'five', 'four', 'g', 'h', 'i', 'k', 'l', 'm', 'n', 'nine', 'nonmarkingreturn', 'o', 'oacute', 'one', 'p', 'r', 's', 'seven', 'six', 'space', 't', 'three', 'two', 'v', 'x', 'zero']
2026-10-05 17:58:15,475 | INFO | fontTools.subset | Glyph IDs:   [0, 1, 2, 3, 15, 19, 20, 21, 22, 23, 24, 25, 26, 27, 28, 44, 47, 48, 49, 68, 69, 71, 72, 73, 74, 75, 76, 78, 79, 80, 81, 82, 83, 85, 86, 87, 89, 91, 163, 165, 169, 181]
2026-10-05 17:58:15,478 | INFO | fontTools.subset | Closed glyph list over 'GSUB': 47 glyphs after
2026-10-05 17:58:15,478 | INFO | fontTools.subset | Glyph names: ['.notdef', '.null', 'I', 'L', 'M', 'N', 'a', 'aacute', 'atilde', 'b', 'ccedilla', 'comma', 'd', 'e', 'eight', 'f', 'fi', 'five', 'fl', 'four', 'g', 'h', 'i', 'k', 'l', 'm', 'n', 'nine', 'nonmarkingreturn', 'o', 'oacute', 'one', 'p', 'r', 's', 'seven', 'six', 'space', 't', 'three', 'two', 'uniFB00', 'uniFB03', 'uniFB04', 'v', 'x', 'zero']
2026-10-05 17:58:15,478 | INFO | fontTools.subset | Glyph IDs:   [0, 1, 2, 3, 15, 19, 20, 21, 22, 23, 24, 25, 26, 27, 28, 44, 47, 48, 49, 68, 69, 71, 72, 73, 74, 75, 76, 78, 79, 80, 81, 82, 83, 85, 86, 87, 89, 91, 163, 165, 169, 181, 5038, 5039, 5040, 5041, 5042]
2026-10-05 17:58:15,478 | INFO | fontTools.subset | Closing glyph list over 'glyf': 47 glyphs before
2026-10-05 17:58:15,478 | INFO | fontTools.subset | Glyph names: ['.notdef', '.null', 'I', 'L', 'M', 'N', 'a', 'aacute', 'atilde', 'b', 'ccedilla', 'comma', 'd', 'e', 'eight', 'f', 'fi', 'five', 'fl', 'four', 'g', 'h', 'i', 'k', 'l', 'm', 'n', 'nine', 'nonmarkingreturn', 'o', 'oacute', 'one', 'p', 'r', 's', 'seven', 'six', 'space', 't', 'three', 'two', 'uniFB00', 'uniFB03', 'uniFB04', 'v', 'x', 'zero']
2026-10-05 17:58:15,479 | INFO | fontTools.subset | Glyph IDs:   [0, 1, 2, 3, 15, 19, 20, 21, 22, 23, 24, 25, 26, 27, 28, 44, 47, 48, 49, 68, 69, 71, 72, 73, 74, 75, 76, 78, 79, 80, 81, 82, 83, 85, 86, 87, 89, 91, 163, 165, 169, 181, 5038, 5039, 5040, 5041, 5042]
2026-10-05 17:58:15,479 | INFO | fontTools.subset | Closed glyph list over 'glyf': 51 glyphs after
2026-10-05 17:58:15,479 | INFO | fontTools.subset | Glyph names: ['.notdef', '.null', 'I', 'L', 'M', 'N', 'a', 'aacute', 'acute', 'atilde', 'b', 'c', 'ccedilla', 'cedilla', 'comma', 'd', 'e', 'eight', 'f', 'fi', 'five', 'fl', 'four', 'g', 'h', 'i', 'k', 'l', 'm', 'n', 'nine', 'nonmarkingreturn', 'o', 'oacute', 'one', 'p', 'r', 's', 'seven', 'six', 'space', 't', 'three', 'tilde', 'two', 'uniFB00', 'uniFB03', 'uniFB04', 'v', 'x', 'zero']
2026-10-05 17:58:15,479 | INFO | fontTools.subset | Glyph IDs:   [0, 1, 2, 3, 15, 19, 20, 21, 22, 23, 24, 25, 26, 27, 28, 44, 47, 48, 49, 68, 69, 70, 71, 72, 73, 74, 75, 76, 78, 79, 80, 81, 82, 83, 85, 86, 87, 89, 91, 118, 122, 163, 165, 169, 181, 670, 5038, 5039, 5040, 5041, 5042]
2026-10-05 17:58:15,479 | INFO | fontTools.subset | Retaining 51 glyphs
2026-10-05 17:58:15,480 | INFO | fontTools.subset | head subsetting not needed
2026-10-05 17:58:15,480 | INFO | fontTools.subset | hhea subsetting not needed
2026-10-05 17:58:15,480 | INFO | fontTools.subset | maxp subsetting not needed
2026-10-05 17:58:15,480 | INFO | fontTools.subset | OS/2 subsetting not needed
2026-10-05 17:58:15,483 | INFO | fontTools.subset | hmtx subsetted
2026-10-05 17:58:15,485 | INFO | fontTools.subset | cmap subsetted
2026-10-05 17:58:15,485 | INFO | fontTools.subset | fpgm subsetting not needed
2026-10-05 17:58:15,485 | INFO | fontTools.subset | prep subsetting not needed
2026-10-05 17:58:15,485 | INFO | fontTools.subset | cvt  subsetting not needed
2026-10-05 17:58:15,485 | INFO | fontTools.subset | loca subsetting not needed
2026-10-05 17:58:15,485 | INFO | fontTools.subset | post subsetted
2026-10-05 17:58:15,485 | INFO | fontTools.subset | gasp subsetting not needed
2026-10-05 17:58:15,485 | INFO | fontTools.subset | MATH subsetted
2026-10-05 17:58:15,487 | INFO | fontTools.subset | GDEF subsetted
2026-10-05 17:58:15,565 | INFO | fontTools.subset | GPOS subsetted
2026-10-05 17:58:15,566 | INFO | fontTools.subset | GSUB subsetted
2026-10-05 17:58:15,566 | INFO | fontTools.subset | name subsetting not needed
2026-10-05 17:58:15,568 | INFO | fontTools.subset | glyf subsetted
2026-10-05 17:58:15,568 | INFO | fontTools.subset | head pruned
2026-10-05 17:58:15,568 | INFO | fontTools.subset | OS/2 Unicode ranges pruned: [0, 1]
2026-10-05 17:58:15,568 | INFO | fontTools.subset | OS/2 CodePage ranges pruned: [0]
2026-10-05 17:58:15,569 | INFO | fontTools.subset | glyf pruned
2026-10-05 17:58:15,569 | INFO | fontTools.subset | GDEF pruned
2026-10-05 17:58:15,569 | INFO | fontTools.subset | GPOS pruned
2026-10-05 17:58:15,569 | INFO | fontTools.subset | GSUB pruned
2026-10-05 17:58:15,573 | INFO | fontTools.subset | name pruned
2026-10-05 17:58:15,579 | INFO | fontTools.subset | maxp pruned
2026-10-05 17:58:15,587 | INFO | fontTools.subset | cmap pruned
2026-10-05 17:58:15,588 | INFO | fontTools.subset | kern dropped
2026-10-05 17:58:15,588 | INFO | fontTools.subset | post pruned
2026-10-05 17:58:15,588 | INFO | fontTools.subset | FFTM dropped
2026-10-05 17:58:15,589 | INFO | fontTools.subset | GPOS pruned
2026-10-05 17:58:15,591 | INFO | fontTools.subset | GSUB pruned
2026-10-05 17:58:15,595 | INFO | fontTools.subset | glyf pruned
2026-10-05 17:58:15,596 | INFO | fontTools.subset | Added gid0 to subset
2026-10-05 17:58:15,596 | INFO | fontTools.subset | Added first four glyphs to subset
2026-10-05 17:58:15,596 | INFO | fontTools.subset | Closing glyph list over 'MATH': 5 glyphs before
2026-10-05 17:58:15,597 | INFO | fontTools.subset | Glyph names: ['.notdef', '.null', 'minus', 'nonmarkingreturn', 'space']
2026-10-05 17:58:15,597 | INFO | fontTools.subset | Glyph IDs:   [0, 1, 2, 3, 3228]
2026-10-05 17:58:15,598 | INFO | fontTools.subset | Closed glyph list over 'MATH': 5 glyphs after
2026-10-05 17:58:15,598 | INFO | fontTools.subset | Glyph names: ['.notdef', '.null', 'minus', 'nonmarkingreturn', 'space']
2026-10-05 17:58:15,598 | INFO | fontTools.subset | Glyph IDs:   [0, 1, 2, 3, 3228]
2026-10-05 17:58:15,598 | INFO | fontTools.subset | Closing glyph list over 'GSUB': 5 glyphs before
2026-10-05 17:58:15,598 | INFO | fontTools.subset | Glyph names: ['.notdef', '.null', 'minus', 'nonmarkingreturn', 'space']
2026-10-05 17:58:15,598 | INFO | fontTools.subset | Glyph IDs:   [0, 1, 2, 3, 3228]
2026-10-05 17:58:15,599 | INFO | fontTools.subset | Closed glyph list over 'GSUB': 5 glyphs after
2026-10-05 17:58:15,599 | INFO | fontTools.subset | Glyph names: ['.notdef', '.null', 'minus', 'nonmarkingreturn', 'space']
2026-10-05 17:58:15,600 | INFO | fontTools.subset | Glyph IDs:   [0, 1, 2, 3, 3228]
2026-10-05 17:58:15,600 | INFO | fontTools.subset | Closing glyph list over 'glyf': 5 glyphs before
2026-10-05 17:58:15,600 | INFO | fontTools.subset | Glyph names: ['.notdef', '.null', 'minus', 'nonmarkingreturn', 'space']
2026-10-05 17:58:15,600 | INFO | fontTools.subset | Glyph IDs:   [0, 1, 2, 3, 3228]
2026-10-05 17:58:15,600 | INFO | fontTools.subset | Closed glyph list over 'glyf': 5 glyphs after
2026-10-05 17:58:15,600 | INFO | fontTools.subset | Glyph names: ['.notdef', '.null', 'minus', 'nonmarkingreturn', 'space']
2026-10-05 17:58:15,600 | INFO | fontTools.subset | Glyph IDs:   [0, 1, 2, 3, 3228]
2026-10-05 17:58:15,600 | INFO | fontTools.subset | Retaining 5 glyphs
2026-10-05 17:58:15,601 | INFO | fontTools.subset | head subsetting not needed
2026-10-05 17:58:15,601 | INFO | fontTools.subset | hhea subsetting not needed
2026-10-05 17:58:15,601 | INFO | fontTools.subset | maxp subsetting not needed
2026-10-05 17:58:15,601 | INFO | fontTools.subset | OS/2 subsetting not needed
2026-10-05 17:58:15,604 | INFO | fontTools.subset | hmtx subsetted
2026-10-05 17:58:15,605 | INFO | fontTools.subset | cmap subsetted
2026-10-05 17:58:15,605 | INFO | fontTools.subset | fpgm subsetting not needed
2026-10-05 17:58:15,605 | INFO | fontTools.subset | prep subsetting not needed
2026-10-05 17:58:15,605 | INFO | fontTools.subset | cvt  subsetting not needed
2026-10-05 17:58:15,605 | INFO | fontTools.subset | loca subsetting not needed
2026-10-05 17:58:15,605 | INFO | fontTools.subset | post subsetted
2026-10-05 17:58:15,606 | INFO | fontTools.subset | gasp subsetting not needed
2026-10-05 17:58:15,606 | INFO | fontTools.subset | MATH subsetted
2026-10-05 17:58:15,607 | INFO | fontTools.subset | GDEF subsetted
2026-10-05 17:58:15,621 | INFO | fontTools.subset | GPOS subsetted
2026-10-05 17:58:15,622 | INFO | fontTools.subset | GSUB subsetted
2026-10-05 17:58:15,622 | INFO | fontTools.subset | name subsetting not needed
2026-10-05 17:58:15,623 | INFO | fontTools.subset | glyf subsetted
2026-10-05 17:58:15,624 | INFO | fontTools.subset | head pruned
2026-10-05 17:58:15,624 | INFO | fontTools.subset | OS/2 Unicode ranges pruned: [38]
2026-10-05 17:58:15,624 | INFO | fontTools.subset | OS/2 CodePage ranges pruned: [0]
2026-10-05 17:58:15,624 | INFO | fontTools.subset | glyf pruned
2026-10-05 17:58:15,624 | INFO | fontTools.subset | GDEF pruned
2026-10-05 17:58:15,624 | INFO | fontTools.subset | GPOS pruned
2026-10-05 17:58:15,624 | INFO | fontTools.subset | GSUB pruned
2026-10-05 17:58:15,626 | INFO | fontTools.subset | name pruned
2026-10-05 17:58:16,005 | INFO | fontTools.subset | maxp pruned
2026-10-05 17:58:16,013 | INFO | fontTools.subset | cmap pruned
2026-10-05 17:58:16,013 | INFO | fontTools.subset | kern dropped
2026-10-05 17:58:16,014 | INFO | fontTools.subset | post pruned
2026-10-05 17:58:16,014 | INFO | fontTools.subset | FFTM dropped
2026-10-05 17:58:16,015 | INFO | fontTools.subset | GPOS pruned
2026-10-05 17:58:16,017 | INFO | fontTools.subset | GSUB pruned
2026-10-05 17:58:16,023 | INFO | fontTools.subset | glyf pruned
2026-10-05 17:58:16,024 | INFO | fontTools.subset | Added gid0 to subset
2026-10-05 17:58:16,024 | INFO | fontTools.subset | Added first four glyphs to subset
2026-10-05 17:58:16,024 | INFO | fontTools.subset | Closing glyph list over 'MATH': 43 glyphs before
2026-10-05 17:58:16,024 | INFO | fontTools.subset | Glyph names: ['.notdef', '.null', 'A', 'C', 'H', 'I', 'L', 'M', 'N', 'a', 'c', 'comma', 'd', 'e', 'eacute', 'eight', 'f', 'five', 'four', 'i', 'l', 'm', 'multiply', 'n', 'nine', 'nonmarkingreturn', 'o', 'one', 'p', 'parenleft', 'parenright', 'r', 's', 'seven', 'six', 'space', 't', 'three', 'two', 'u', 'v', 'x', 'zero']
2026-10-05 17:58:16,025 | INFO | fontTools.subset | Glyph IDs:   [0, 1, 2, 3, 11, 12, 15, 19, 20, 21, 22, 23, 24, 25, 26, 27, 28, 36, 38, 43, 44, 47, 48, 49, 68, 70, 71, 72, 73, 76, 79, 80, 81, 82, 83, 85, 86, 87, 88, 89, 91, 153, 171]
2026-10-05 17:58:16,025 | INFO | fontTools.subset | Closed glyph list over 'MATH': 49 glyphs after
2026-10-05 17:58:16,025 | INFO | fontTools.subset | Glyph names: ['.notdef', '.null', 'A', 'C', 'H', 'I', 'L', 'M', 'N', 'a', 'c', 'comma', 'd', 'e', 'eacute', 'eight', 'f', 'five', 'four', 'i', 'l', 'm', 'multiply', 'n', 'nine', 'nonmarkingreturn', 'o', 'one', 'p', 'parenleft', 'parenright', 'r', 's', 'seven', 'six', 'space', 't', 'three', 'two', 'u', 'uni239B', 'uni239C', 'uni239D', 'uni239E', 'uni239F', 'uni23A0', 'v', 'x', 'zero']
2026-10-05 17:58:16,026 | INFO | fontTools.subset | Glyph IDs:   [0, 1, 2, 3, 11, 12, 15, 19, 20, 21, 22, 23, 24, 25, 26, 27, 28, 36, 38, 43, 44, 47, 48, 49, 68, 70, 71, 72, 73, 76, 79, 80, 81, 82, 83, 85, 86, 87, 88, 89, 91, 153, 171, 3506, 3507, 3508, 3509, 3510, 3511]
2026-10-05 17:58:16,026 | INFO | fontTools.subset | Closing glyph list over 'GSUB': 49 glyphs before
2026-10-05 17:58:16,026 | INFO | fontTools.subset | Glyph names: ['.notdef', '.null', 'A', 'C', 'H', 'I', 'L', 'M', 'N', 'a', 'c', 'comma', 'd', 'e', 'eacute', 'eight', 'f', 'five', 'four', 'i', 'l', 'm', 'multiply', 'n', 'nine', 'nonmarkingreturn', 'o', 'one', 'p', 'parenleft', 'parenright', 'r', 's', 'seven', 'six', 'space', 't', 'three', 'two', 'u', 'uni239B', 'uni239C', 'uni239D', 'uni239E', 'uni239F', 'uni23A0', 'v', 'x', 'zero']
2026-10-05 17:58:16,026 | INFO | fontTools.subset | Glyph IDs:   [0, 1, 2, 3, 11, 12, 15, 19, 20, 21, 22, 23, 24, 25, 26, 27, 28, 36, 38, 43, 44, 47, 48, 49, 68, 70, 71, 72, 73, 76, 79, 80, 81, 82, 83, 85, 86, 87, 88, 89, 91, 153, 171, 3506, 3507, 3508, 3509, 3510, 3511]
2026-10-05 17:58:16,028 | INFO | fontTools.subset | Closed glyph list over 'GSUB': 54 glyphs after
2026-10-05 17:58:16,028 | INFO | fontTools.subset | Glyph names: ['.notdef', '.null', 'A', 'C', 'H', 'I', 'L', 'M', 'N', 'a', 'c', 'comma', 'd', 'e', 'eacute', 'eight', 'f', 'fi', 'five', 'fl', 'four', 'i', 'l', 'm', 'multiply', 'n', 'nine', 'nonmarkingreturn', 'o', 'one', 'p', 'parenleft', 'parenright', 'r', 's', 'seven', 'six', 'space', 't', 'three', 'two', 'u', 'uni239B', 'uni239C', 'uni239D', 'uni239E', 'uni239F', 'uni23A0', 'uniFB00', 'uniFB03', 'uniFB04', 'v', 'x', 'zero']
2026-10-05 17:58:16,029 | INFO | fontTools.subset | Glyph IDs:   [0, 1, 2, 3, 11, 12, 15, 19, 20, 21, 22, 23, 24, 25, 26, 27, 28, 36, 38, 43, 44, 47, 48, 49, 68, 70, 71, 72, 73, 76, 79, 80, 81, 82, 83, 85, 86, 87, 88, 89, 91, 153, 171, 3506, 3507, 3508, 3509, 3510, 3511, 5038, 5039, 5040, 5041, 5042]
2026-10-05 17:58:16,029 | INFO | fontTools.subset | Closing glyph list over 'glyf': 54 glyphs before
2026-10-05 17:58:16,029 | INFO | fontTools.subset | Glyph names: ['.notdef', '.null', 'A', 'C', 'H', 'I', 'L', 'M', 'N', 'a', 'c', 'comma', 'd', 'e', 'eacute', 'eight', 'f', 'fi', 'five', 'fl', 'four', 'i', 'l', 'm', 'multiply', 'n', 'nine', 'nonmarkingreturn', 'o', 'one', 'p', 'parenleft', 'parenright', 'r', 's', 'seven', 'six', 'space', 't', 'three', 'two', 'u', 'uni239B', 'uni239C', 'uni239D', 'uni239E', 'uni239F', 'uni23A0', 'uniFB00', 'uniFB03', 'uniFB04', 'v', 'x', 'zero']
2026-10-05 17:58:16,029 | INFO | fontTools.subset | Glyph IDs:   [0, 1, 2, 3, 11, 12, 15, 19, 20, 21, 22, 23, 24, 25, 26, 27, 28, 36, 38, 43, 44, 47, 48, 49, 68, 70, 71, 72, 73, 76, 79, 80, 81, 82, 83, 85, 86, 87, 88, 89, 91, 153, 171, 3506, 3507, 3508, 3509, 3510, 3511, 5038, 5039, 5040, 5041, 5042]
2026-10-05 17:58:16,029 | INFO | fontTools.subset | Closed glyph list over 'glyf': 55 glyphs after
2026-10-05 17:58:16,029 | INFO | fontTools.subset | Glyph names: ['.notdef', '.null', 'A', 'C', 'H', 'I', 'L', 'M', 'N', 'a', 'acute', 'c', 'comma', 'd', 'e', 'eacute', 'eight', 'f', 'fi', 'five', 'fl', 'four', 'i', 'l', 'm', 'multiply', 'n', 'nine', 'nonmarkingreturn', 'o', 'one', 'p', 'parenleft', 'parenright', 'r', 's', 'seven', 'six', 'space', 't', 'three', 'two', 'u', 'uni239B', 'uni239C', 'uni239D', 'uni239E', 'uni239F', 'uni23A0', 'uniFB00', 'uniFB03', 'uniFB04', 'v', 'x', 'zero']
2026-10-05 17:58:16,029 | INFO | fontTools.subset | Glyph IDs:   [0, 1, 2, 3, 11, 12, 15, 19, 20, 21, 22, 23, 24, 25, 26, 27, 28, 36, 38, 43, 44, 47, 48, 49, 68, 70, 71, 72, 73, 76, 79, 80, 81, 82, 83, 85, 86, 87, 88, 89, 91, 118, 153, 171, 3506, 3507, 3508, 3509, 3510, 3511, 5038, 5039, 5040, 5041, 5042]
2026-10-05 17:58:16,030 | INFO | fontTools.subset | Retaining 55 glyphs
2026-10-05 17:58:16,030 | INFO | fontTools.subset | head subsetting not needed
2026-10-05 17:58:16,030 | INFO | fontTools.subset | hhea subsetting not needed
2026-10-05 17:58:16,030 | INFO | fontTools.subset | maxp subsetting not needed
2026-10-05 17:58:16,030 | INFO | fontTools.subset | OS/2 subsetting not needed
2026-10-05 17:58:16,033 | INFO | fontTools.subset | hmtx subsetted
2026-10-05 17:58:16,035 | INFO | fontTools.subset | cmap subsetted
2026-10-05 17:58:16,035 | INFO | fontTools.subset | fpgm subsetting not needed
2026-10-05 17:58:16,035 | INFO | fontTools.subset | prep subsetting not needed
2026-10-05 17:58:16,035 | INFO | fontTools.subset | cvt  subsetting not needed
2026-10-05 17:58:16,035 | INFO | fontTools.subset | loca subsetting not needed
2026-10-05 17:58:16,035 | INFO | fontTools.subset | post subsetted
2026-10-05 17:58:16,035 | INFO | fontTools.subset | gasp subsetting not needed
2026-10-05 17:58:16,035 | INFO | fontTools.subset | MATH subsetted
2026-10-05 17:58:16,037 | INFO | fontTools.subset | GDEF subsetted
2026-10-05 17:58:16,052 | INFO | fontTools.subset | GPOS subsetted
2026-10-05 17:58:16,053 | INFO | fontTools.subset | GSUB subsetted
2026-10-05 17:58:16,053 | INFO | fontTools.subset | name subsetting not needed
2026-10-05 17:58:16,054 | INFO | fontTools.subset | glyf subsetted
2026-10-05 17:58:16,055 | INFO | fontTools.subset | head pruned
2026-10-05 17:58:16,055 | INFO | fontTools.subset | OS/2 Unicode ranges pruned: [0, 1]
2026-10-05 17:58:16,055 | INFO | fontTools.subset | OS/2 CodePage ranges pruned: [0]
2026-10-05 17:58:16,055 | INFO | fontTools.subset | glyf pruned
2026-10-05 17:58:16,055 | INFO | fontTools.subset | GDEF pruned
2026-10-05 17:58:16,056 | INFO | fontTools.subset | GPOS pruned
2026-10-05 17:58:16,056 | INFO | fontTools.subset | GSUB pruned
2026-10-05 17:58:16,061 | INFO | fontTools.subset | name pruned
2026-10-05 17:58:16,068 | INFO | fontTools.subset | maxp pruned
2026-10-05 17:58:16,075 | INFO | fontTools.subset | cmap pruned
2026-10-05 17:58:16,075 | INFO | fontTools.subset | kern dropped
2026-10-05 17:58:16,075 | INFO | fontTools.subset | post pruned
2026-10-05 17:58:16,075 | INFO | fontTools.subset | FFTM dropped
2026-10-05 17:58:16,077 | INFO | fontTools.subset | GPOS pruned
2026-10-05 17:58:16,079 | INFO | fontTools.subset | GSUB pruned
2026-10-05 17:58:16,083 | INFO | fontTools.subset | glyf pruned
2026-10-05 17:58:16,084 | INFO | fontTools.subset | Added gid0 to subset
2026-10-05 17:58:16,084 | INFO | fontTools.subset | Added first four glyphs to subset
2026-10-05 17:58:16,084 | INFO | fontTools.subset | Closing glyph list over 'MATH': 5 glyphs before
2026-10-05 17:58:16,084 | INFO | fontTools.subset | Glyph names: ['.notdef', '.null', 'minus', 'nonmarkingreturn', 'space']
2026-10-05 17:58:16,085 | INFO | fontTools.subset | Glyph IDs:   [0, 1, 2, 3, 3228]
2026-10-05 17:58:16,085 | INFO | fontTools.subset | Closed glyph list over 'MATH': 5 glyphs after
2026-10-05 17:58:16,085 | INFO | fontTools.subset | Glyph names: ['.notdef', '.null', 'minus', 'nonmarkingreturn', 'space']
2026-10-05 17:58:16,086 | INFO | fontTools.subset | Glyph IDs:   [0, 1, 2, 3, 3228]
2026-10-05 17:58:16,086 | INFO | fontTools.subset | Closing glyph list over 'GSUB': 5 glyphs before
2026-10-05 17:58:16,086 | INFO | fontTools.subset | Glyph names: ['.notdef', '.null', 'minus', 'nonmarkingreturn', 'space']
2026-10-05 17:58:16,086 | INFO | fontTools.subset | Glyph IDs:   [0, 1, 2, 3, 3228]
2026-10-05 17:58:16,087 | INFO | fontTools.subset | Closed glyph list over 'GSUB': 5 glyphs after
2026-10-05 17:58:16,087 | INFO | fontTools.subset | Glyph names: ['.notdef', '.null', 'minus', 'nonmarkingreturn', 'space']
2026-10-05 17:58:16,087 | INFO | fontTools.subset | Glyph IDs:   [0, 1, 2, 3, 3228]
2026-10-05 17:58:16,087 | INFO | fontTools.subset | Closing glyph list over 'glyf': 5 glyphs before
2026-10-05 17:58:16,087 | INFO | fontTools.subset | Glyph names: ['.notdef', '.null', 'minus', 'nonmarkingreturn', 'space']
2026-10-05 17:58:16,087 | INFO | fontTools.subset | Glyph IDs:   [0, 1, 2, 3, 3228]
2026-10-05 17:58:16,087 | INFO | fontTools.subset | Closed glyph list over 'glyf': 5 glyphs after
2026-10-05 17:58:16,087 | INFO | fontTools.subset | Glyph names: ['.notdef', '.null', 'minus', 'nonmarkingreturn', 'space']
2026-10-05 17:58:16,087 | INFO | fontTools.subset | Glyph IDs:   [0, 1, 2, 3, 3228]
2026-10-05 17:58:16,088 | INFO | fontTools.subset | Retaining 5 glyphs
2026-10-05 17:58:16,088 | INFO | fontTools.subset | head subsetting not needed
2026-10-05 17:58:16,088 | INFO | fontTools.subset | hhea subsetting not needed
2026-10-05 17:58:16,088 | INFO | fontTools.subset | maxp subsetting not needed
2026-10-05 17:58:16,088 | INFO | fontTools.subset | OS/2 subsetting not needed
2026-10-05 17:58:16,091 | INFO | fontTools.subset | hmtx subsetted
2026-10-05 17:58:16,093 | INFO | fontTools.subset | cmap subsetted
2026-10-05 17:58:16,093 | INFO | fontTools.subset | fpgm subsetting not needed
2026-10-05 17:58:16,093 | INFO | fontTools.subset | prep subsetting not needed
2026-10-05 17:58:16,093 | INFO | fontTools.subset | cvt  subsetting not needed
2026-10-05 17:58:16,093 | INFO | fontTools.subset | loca subsetting not needed
2026-10-05 17:58:16,093 | INFO | fontTools.subset | post subsetted
2026-10-05 17:58:16,093 | INFO | fontTools.subset | gasp subsetting not needed
2026-10-05 17:58:16,093 | INFO | fontTools.subset | MATH subsetted
2026-10-05 17:58:16,095 | INFO | fontTools.subset | GDEF subsetted
2026-10-05 17:58:16,176 | INFO | fontTools.subset | GPOS subsetted
2026-10-05 17:58:16,177 | INFO | fontTools.subset | GSUB subsetted
2026-10-05 17:58:16,177 | INFO | fontTools.subset | name subsetting not needed
2026-10-05 17:58:16,178 | INFO | fontTools.subset | glyf subsetted
2026-10-05 17:58:16,179 | INFO | fontTools.subset | head pruned
2026-10-05 17:58:16,179 | INFO | fontTools.subset | OS/2 Unicode ranges pruned: [38]
2026-10-05 17:58:16,179 | INFO | fontTools.subset | OS/2 CodePage ranges pruned: [0]
2026-10-05 17:58:16,179 | INFO | fontTools.subset | glyf pruned
2026-10-05 17:58:16,179 | INFO | fontTools.subset | GDEF pruned
2026-10-05 17:58:16,179 | INFO | fontTools.subset | GPOS pruned
2026-10-05 17:58:16,179 | INFO | fontTools.subset | GSUB pruned
2026-10-05 17:58:16,181 | INFO | fontTools.subset | name pruned
2026-10-05 17:58:16,750 | INFO | fontTools.subset | maxp pruned
2026-10-05 17:58:16,762 | INFO | fontTools.subset | cmap pruned
2026-10-05 17:58:16,763 | INFO | fontTools.subset | kern dropped
2026-10-05 17:58:16,763 | INFO | fontTools.subset | post pruned
2026-10-05 17:58:16,763 | INFO | fontTools.subset | FFTM dropped
2026-10-05 17:58:16,765 | INFO | fontTools.subset | GPOS pruned
2026-10-05 17:58:16,767 | INFO | fontTools.subset | GSUB pruned
2026-10-05 17:58:16,773 | INFO | fontTools.subset | glyf pruned
2026-10-05 17:58:16,774 | INFO | fontTools.subset | Added gid0 to subset
2026-10-05 17:58:16,775 | INFO | fontTools.subset | Added first four glyphs to subset
2026-10-05 17:58:16,775 | INFO | fontTools.subset | Closing glyph list over 'MATH': 41 glyphs before
2026-10-05 17:58:16,775 | INFO | fontTools.subset | Glyph names: ['.notdef', '.null', 'B', 'C', 'E', 'G', 'L', 'T', 'a', 'atilde', 'b', 'c', 'ccedilla', 'd', 'e', 'ecircumflex', 'eight', 'f', 'g', 'guillemotleft', 'guillemotright', 'h', 'i', 'l', 'm', 'n', 'nonmarkingreturn', 'o', 'one', 'p', 'r', 's', 'six', 'space', 't', 'three', 'u', 'v', 'x', 'z', 'zero']
2026-10-05 17:58:16,775 | INFO | fontTools.subset | Glyph IDs:   [0, 1, 2, 3, 19, 20, 22, 25, 27, 37, 38, 40, 42, 47, 55, 68, 69, 70, 71, 72, 73, 74, 75, 76, 79, 80, 81, 82, 83, 85, 86, 87, 88, 89, 91, 93, 109, 125, 165, 169, 172]
2026-10-05 17:58:16,776 | INFO | fontTools.subset | Closed glyph list over 'MATH': 41 glyphs after
2026-10-05 17:58:16,776 | INFO | fontTools.subset | Glyph names: ['.notdef', '.null', 'B', 'C', 'E', 'G', 'L', 'T', 'a', 'atilde', 'b', 'c', 'ccedilla', 'd', 'e', 'ecircumflex', 'eight', 'f', 'g', 'guillemotleft', 'guillemotright', 'h', 'i', 'l', 'm', 'n', 'nonmarkingreturn', 'o', 'one', 'p', 'r', 's', 'six', 'space', 't', 'three', 'u', 'v', 'x', 'z', 'zero']
2026-10-05 17:58:16,776 | INFO | fontTools.subset | Glyph IDs:   [0, 1, 2, 3, 19, 20, 22, 25, 27, 37, 38, 40, 42, 47, 55, 68, 69, 70, 71, 72, 73, 74, 75, 76, 79, 80, 81, 82, 83, 85, 86, 87, 88, 89, 91, 93, 109, 125, 165, 169, 172]
2026-10-05 17:58:16,776 | INFO | fontTools.subset | Closing glyph list over 'GSUB': 41 glyphs before
2026-10-05 17:58:16,776 | INFO | fontTools.subset | Glyph names: ['.notdef', '.null', 'B', 'C', 'E', 'G', 'L', 'T', 'a', 'atilde', 'b', 'c', 'ccedilla', 'd', 'e', 'ecircumflex', 'eight', 'f', 'g', 'guillemotleft', 'guillemotright', 'h', 'i', 'l', 'm', 'n', 'nonmarkingreturn', 'o', 'one', 'p', 'r', 's', 'six', 'space', 't', 'three', 'u', 'v', 'x', 'z', 'zero']
2026-10-05 17:58:16,776 | INFO | fontTools.subset | Glyph IDs:   [0, 1, 2, 3, 19, 20, 22, 25, 27, 37, 38, 40, 42, 47, 55, 68, 69, 70, 71, 72, 73, 74, 75, 76, 79, 80, 81, 82, 83, 85, 86, 87, 88, 89, 91, 93, 109, 125, 165, 169, 172]
2026-10-05 17:58:16,779 | INFO | fontTools.subset | Closed glyph list over 'GSUB': 46 glyphs after
2026-10-05 17:58:16,779 | INFO | fontTools.subset | Glyph names: ['.notdef', '.null', 'B', 'C', 'E', 'G', 'L', 'T', 'a', 'atilde', 'b', 'c', 'ccedilla', 'd', 'e', 'ecircumflex', 'eight', 'f', 'fi', 'fl', 'g', 'guillemotleft', 'guillemotright', 'h', 'i', 'l', 'm', 'n', 'nonmarkingreturn', 'o', 'one', 'p', 'r', 's', 'six', 'space', 't', 'three', 'u', 'uniFB00', 'uniFB03', 'uniFB04', 'v', 'x', 'z', 'zero']
2026-10-05 17:58:16,780 | INFO | fontTools.subset | Glyph IDs:   [0, 1, 2, 3, 19, 20, 22, 25, 27, 37, 38, 40, 42, 47, 55, 68, 69, 70, 71, 72, 73, 74, 75, 76, 79, 80, 81, 82, 83, 85, 86, 87, 88, 89, 91, 93, 109, 125, 165, 169, 172, 5038, 5039, 5040, 5041, 5042]
2026-10-05 17:58:16,780 | INFO | fontTools.subset | Closing glyph list over 'glyf': 46 glyphs before
2026-10-05 17:58:16,780 | INFO | fontTools.subset | Glyph names: ['.notdef', '.null', 'B', 'C', 'E', 'G', 'L', 'T', 'a', 'atilde', 'b', 'c', 'ccedilla', 'd', 'e', 'ecircumflex', 'eight', 'f', 'fi', 'fl', 'g', 'guillemotleft', 'guillemotright', 'h', 'i', 'l', 'm', 'n', 'nonmarkingreturn', 'o', 'one', 'p', 'r', 's', 'six', 'space', 't', 'three', 'u', 'uniFB00', 'uniFB03', 'uniFB04', 'v', 'x', 'z', 'zero']
2026-10-05 17:58:16,780 | INFO | fontTools.subset | Glyph IDs:   [0, 1, 2, 3, 19, 20, 22, 25, 27, 37, 38, 40, 42, 47, 55, 68, 69, 70, 71, 72, 73, 74, 75, 76, 79, 80, 81, 82, 83, 85, 86, 87, 88, 89, 91, 93, 109, 125, 165, 169, 172, 5038, 5039, 5040, 5041, 5042]
2026-10-05 17:58:16,780 | INFO | fontTools.subset | Closed glyph list over 'glyf': 49 glyphs after
2026-10-05 17:58:16,780 | INFO | fontTools.subset | Glyph names: ['.notdef', '.null', 'B', 'C', 'E', 'G', 'L', 'T', 'a', 'atilde', 'b', 'c', 'ccedilla', 'cedilla', 'circumflex', 'd', 'e', 'ecircumflex', 'eight', 'f', 'fi', 'fl', 'g', 'guillemotleft', 'guillemotright', 'h', 'i', 'l', 'm', 'n', 'nonmarkingreturn', 'o', 'one', 'p', 'r', 's', 'six', 'space', 't', 'three', 'tilde', 'u', 'uniFB00', 'uniFB03', 'uniFB04', 'v', 'x', 'z', 'zero']
2026-10-05 17:58:16,780 | INFO | fontTools.subset | Glyph IDs:   [0, 1, 2, 3, 19, 20, 22, 25, 27, 37, 38, 40, 42, 47, 55, 68, 69, 70, 71, 72, 73, 74, 75, 76, 79, 80, 81, 82, 83, 85, 86, 87, 88, 89, 91, 93, 109, 122, 125, 165, 169, 172, 648, 670, 5038, 5039, 5040, 5041, 5042]
2026-10-05 17:58:16,780 | INFO | fontTools.subset | Retaining 49 glyphs
2026-10-05 17:58:16,781 | INFO | fontTools.subset | head subsetting not needed
2026-10-05 17:58:16,781 | INFO | fontTools.subset | hhea subsetting not needed
2026-10-05 17:58:16,781 | INFO | fontTools.subset | maxp subsetting not needed
2026-10-05 17:58:16,781 | INFO | fontTools.subset | OS/2 subsetting not needed
2026-10-05 17:58:16,784 | INFO | fontTools.subset | hmtx subsetted
2026-10-05 17:58:16,786 | INFO | fontTools.subset | cmap subsetted
2026-10-05 17:58:16,786 | INFO | fontTools.subset | fpgm subsetting not needed
2026-10-05 17:58:16,786 | INFO | fontTools.subset | prep subsetting not needed
2026-10-05 17:58:16,786 | INFO | fontTools.subset | cvt  subsetting not needed
2026-10-05 17:58:16,786 | INFO | fontTools.subset | loca subsetting not needed
2026-10-05 17:58:16,786 | INFO | fontTools.subset | post subsetted
2026-10-05 17:58:16,786 | INFO | fontTools.subset | gasp subsetting not needed
2026-10-05 17:58:16,786 | INFO | fontTools.subset | MATH subsetted
2026-10-05 17:58:16,788 | INFO | fontTools.subset | GDEF subsetted
2026-10-05 17:58:16,803 | INFO | fontTools.subset | GPOS subsetted
2026-10-05 17:58:16,805 | INFO | fontTools.subset | GSUB subsetted
2026-10-05 17:58:16,805 | INFO | fontTools.subset | name subsetting not needed
2026-10-05 17:58:16,806 | INFO | fontTools.subset | glyf subsetted
2026-10-05 17:58:16,806 | INFO | fontTools.subset | head pruned
2026-10-05 17:58:16,807 | INFO | fontTools.subset | OS/2 Unicode ranges pruned: [0, 1]
2026-10-05 17:58:16,807 | INFO | fontTools.subset | OS/2 CodePage ranges pruned: [0]
2026-10-05 17:58:16,807 | INFO | fontTools.subset | glyf pruned
2026-10-05 17:58:16,807 | INFO | fontTools.subset | GDEF pruned
2026-10-05 17:58:16,807 | INFO | fontTools.subset | GPOS pruned
2026-10-05 17:58:16,808 | INFO | fontTools.subset | GSUB pruned
2026-10-05 17:58:16,815 | INFO | fontTools.subset | name pruned
2026-10-05 17:58:16,823 | INFO | fontTools.subset | maxp pruned
2026-10-05 17:58:16,831 | INFO | fontTools.subset | cmap pruned
2026-10-05 17:58:16,831 | INFO | fontTools.subset | kern dropped
2026-10-05 17:58:16,831 | INFO | fontTools.subset | post pruned
2026-10-05 17:58:16,831 | INFO | fontTools.subset | FFTM dropped
2026-10-05 17:58:16,832 | INFO | fontTools.subset | GPOS pruned
2026-10-05 17:58:16,835 | INFO | fontTools.subset | GSUB pruned
2026-10-05 17:58:16,840 | INFO | fontTools.subset | glyf pruned
2026-10-05 17:58:16,840 | INFO | fontTools.subset | Added gid0 to subset
2026-10-05 17:58:16,840 | INFO | fontTools.subset | Added first four glyphs to subset
2026-10-05 17:58:16,841 | INFO | fontTools.subset | Closing glyph list over 'MATH': 5 glyphs before
2026-10-05 17:58:16,841 | INFO | fontTools.subset | Glyph names: ['.notdef', '.null', 'fi', 'nonmarkingreturn', 'space']
2026-10-05 17:58:16,841 | INFO | fontTools.subset | Glyph IDs:   [0, 1, 2, 3, 5039]
2026-10-05 17:58:16,842 | INFO | fontTools.subset | Closed glyph list over 'MATH': 5 glyphs after
2026-10-05 17:58:16,842 | INFO | fontTools.subset | Glyph names: ['.notdef', '.null', 'fi', 'nonmarkingreturn', 'space']
2026-10-05 17:58:16,842 | INFO | fontTools.subset | Glyph IDs:   [0, 1, 2, 3, 5039]
2026-10-05 17:58:16,842 | INFO | fontTools.subset | Closing glyph list over 'GSUB': 5 glyphs before
2026-10-05 17:58:16,842 | INFO | fontTools.subset | Glyph names: ['.notdef', '.null', 'fi', 'nonmarkingreturn', 'space']
2026-10-05 17:58:16,842 | INFO | fontTools.subset | Glyph IDs:   [0, 1, 2, 3, 5039]
2026-10-05 17:58:16,843 | INFO | fontTools.subset | Closed glyph list over 'GSUB': 5 glyphs after
2026-10-05 17:58:16,844 | INFO | fontTools.subset | Glyph names: ['.notdef', '.null', 'fi', 'nonmarkingreturn', 'space']
2026-10-05 17:58:16,844 | INFO | fontTools.subset | Glyph IDs:   [0, 1, 2, 3, 5039]
2026-10-05 17:58:16,844 | INFO | fontTools.subset | Closing glyph list over 'glyf': 5 glyphs before
2026-10-05 17:58:16,844 | INFO | fontTools.subset | Glyph names: ['.notdef', '.null', 'fi', 'nonmarkingreturn', 'space']
2026-10-05 17:58:16,844 | INFO | fontTools.subset | Glyph IDs:   [0, 1, 2, 3, 5039]
2026-10-05 17:58:16,844 | INFO | fontTools.subset | Closed glyph list over 'glyf': 5 glyphs after
2026-10-05 17:58:16,844 | INFO | fontTools.subset | Glyph names: ['.notdef', '.null', 'fi', 'nonmarkingreturn', 'space']
2026-10-05 17:58:16,844 | INFO | fontTools.subset | Glyph IDs:   [0, 1, 2, 3, 5039]
2026-10-05 17:58:16,844 | INFO | fontTools.subset | Retaining 5 glyphs
2026-10-05 17:58:16,845 | INFO | fontTools.subset | head subsetting not needed
2026-10-05 17:58:16,845 | INFO | fontTools.subset | hhea subsetting not needed
2026-10-05 17:58:16,845 | INFO | fontTools.subset | maxp subsetting not needed
2026-10-05 17:58:16,845 | INFO | fontTools.subset | OS/2 subsetting not needed
2026-10-05 17:58:16,848 | INFO | fontTools.subset | hmtx subsetted
2026-10-05 17:58:16,849 | INFO | fontTools.subset | cmap subsetted
2026-10-05 17:58:16,849 | INFO | fontTools.subset | fpgm subsetting not needed
2026-10-05 17:58:16,849 | INFO | fontTools.subset | prep subsetting not needed
2026-10-05 17:58:16,849 | INFO | fontTools.subset | cvt  subsetting not needed
2026-10-05 17:58:16,849 | INFO | fontTools.subset | loca subsetting not needed
2026-10-05 17:58:16,849 | INFO | fontTools.subset | post subsetted
2026-10-05 17:58:16,849 | INFO | fontTools.subset | gasp subsetting not needed
2026-10-05 17:58:16,850 | INFO | fontTools.subset | MATH subsetted
2026-10-05 17:58:16,851 | INFO | fontTools.subset | GDEF subsetted
2026-10-05 17:58:16,866 | INFO | fontTools.subset | GPOS subsetted
2026-10-05 17:58:16,866 | INFO | fontTools.subset | GSUB subsetted
2026-10-05 17:58:16,866 | INFO | fontTools.subset | name subsetting not needed
2026-10-05 17:58:16,868 | INFO | fontTools.subset | glyf subsetted
2026-10-05 17:58:16,868 | INFO | fontTools.subset | head pruned
2026-10-05 17:58:16,868 | INFO | fontTools.subset | OS/2 Unicode ranges pruned: [62]
2026-10-05 17:58:16,868 | INFO | fontTools.subset | OS/2 CodePage ranges pruned: [0]
2026-10-05 17:58:16,868 | INFO | fontTools.subset | glyf pruned
2026-10-05 17:58:16,869 | INFO | fontTools.subset | GDEF pruned
2026-10-05 17:58:16,869 | INFO | fontTools.subset | GPOS pruned
2026-10-05 17:58:16,869 | INFO | fontTools.subset | GSUB pruned
2026-10-05 17:58:16,870 | INFO | fontTools.subset | name pruned
2026-10-05 17:58:17,928 | INFO | fontTools.subset | maxp pruned
2026-10-05 17:58:17,937 | INFO | fontTools.subset | cmap pruned
2026-10-05 17:58:17,937 | INFO | fontTools.subset | kern dropped
2026-10-05 17:58:17,937 | INFO | fontTools.subset | post pruned
2026-10-05 17:58:17,937 | INFO | fontTools.subset | FFTM dropped
2026-10-05 17:58:17,938 | INFO | fontTools.subset | GPOS pruned
2026-10-05 17:58:17,942 | INFO | fontTools.subset | GSUB pruned
2026-10-05 17:58:17,946 | INFO | fontTools.subset | glyf pruned
2026-10-05 17:58:17,947 | INFO | fontTools.subset | Added gid0 to subset
2026-10-05 17:58:17,947 | INFO | fontTools.subset | Added first four glyphs to subset
2026-10-05 17:58:17,947 | INFO | fontTools.subset | Closing glyph list over 'MATH': 37 glyphs before
2026-10-05 17:58:17,947 | INFO | fontTools.subset | Glyph names: ['.notdef', '.null', 'J', 'L', 'a', 'atilde', 'b', 'c', 'ccedilla', 'comma', 'd', 'e', 'eight', 'f', 'five', 'four', 'i', 'l', 'm', 'n', 'nine', 'nonmarkingreturn', 'o', 'one', 'p', 'parenleft', 'parenright', 'r', 's', 'six', 'space', 't', 'three', 'two', 'underscore', 'x', 'zero']
2026-10-05 17:58:17,948 | INFO | fontTools.subset | Glyph IDs:   [0, 1, 2, 3, 11, 12, 15, 19, 20, 21, 22, 23, 24, 25, 27, 28, 45, 47, 66, 68, 69, 70, 71, 72, 73, 76, 79, 80, 81, 82, 83, 85, 86, 87, 91, 165, 169]
2026-10-05 17:58:17,948 | INFO | fontTools.subset | Closed glyph list over 'MATH': 43 glyphs after
2026-10-05 17:58:17,949 | INFO | fontTools.subset | Glyph names: ['.notdef', '.null', 'J', 'L', 'a', 'atilde', 'b', 'c', 'ccedilla', 'comma', 'd', 'e', 'eight', 'f', 'five', 'four', 'i', 'l', 'm', 'n', 'nine', 'nonmarkingreturn', 'o', 'one', 'p', 'parenleft', 'parenright', 'r', 's', 'six', 'space', 't', 'three', 'two', 'underscore', 'uni239B', 'uni239C', 'uni239D', 'uni239E', 'uni239F', 'uni23A0', 'x', 'zero']
2026-10-05 17:58:17,949 | INFO | fontTools.subset | Glyph IDs:   [0, 1, 2, 3, 11, 12, 15, 19, 20, 21, 22, 23, 24, 25, 27, 28, 45, 47, 66, 68, 69, 70, 71, 72, 73, 76, 79, 80, 81, 82, 83, 85, 86, 87, 91, 165, 169, 3506, 3507, 3508, 3509, 3510, 3511]
2026-10-05 17:58:17,949 | INFO | fontTools.subset | Closing glyph list over 'GSUB': 43 glyphs before
2026-10-05 17:58:17,949 | INFO | fontTools.subset | Glyph names: ['.notdef', '.null', 'J', 'L', 'a', 'atilde', 'b', 'c', 'ccedilla', 'comma', 'd', 'e', 'eight', 'f', 'five', 'four', 'i', 'l', 'm', 'n', 'nine', 'nonmarkingreturn', 'o', 'one', 'p', 'parenleft', 'parenright', 'r', 's', 'six', 'space', 't', 'three', 'two', 'underscore', 'uni239B', 'uni239C', 'uni239D', 'uni239E', 'uni239F', 'uni23A0', 'x', 'zero']
2026-10-05 17:58:17,949 | INFO | fontTools.subset | Glyph IDs:   [0, 1, 2, 3, 11, 12, 15, 19, 20, 21, 22, 23, 24, 25, 27, 28, 45, 47, 66, 68, 69, 70, 71, 72, 73, 76, 79, 80, 81, 82, 83, 85, 86, 87, 91, 165, 169, 3506, 3507, 3508, 3509, 3510, 3511]
2026-10-05 17:58:17,951 | INFO | fontTools.subset | Closed glyph list over 'GSUB': 48 glyphs after
2026-10-05 17:58:17,951 | INFO | fontTools.subset | Glyph names: ['.notdef', '.null', 'J', 'L', 'a', 'atilde', 'b', 'c', 'ccedilla', 'comma', 'd', 'e', 'eight', 'f', 'fi', 'five', 'fl', 'four', 'i', 'l', 'm', 'n', 'nine', 'nonmarkingreturn', 'o', 'one', 'p', 'parenleft', 'parenright', 'r', 's', 'six', 'space', 't', 'three', 'two', 'underscore', 'uni239B', 'uni239C', 'uni239D', 'uni239E', 'uni239F', 'uni23A0', 'uniFB00', 'uniFB03', 'uniFB04', 'x', 'zero']
2026-10-05 17:58:17,952 | INFO | fontTools.subset | Glyph IDs:   [0, 1, 2, 3, 11, 12, 15, 19, 20, 21, 22, 23, 24, 25, 27, 28, 45, 47, 66, 68, 69, 70, 71, 72, 73, 76, 79, 80, 81, 82, 83, 85, 86, 87, 91, 165, 169, 3506, 3507, 3508, 3509, 3510, 3511, 5038, 5039, 5040, 5041, 5042]
2026-10-05 17:58:17,952 | INFO | fontTools.subset | Closing glyph list over 'glyf': 48 glyphs before
2026-10-05 17:58:17,952 | INFO | fontTools.subset | Glyph names: ['.notdef', '.null', 'J', 'L', 'a', 'atilde', 'b', 'c', 'ccedilla', 'comma', 'd', 'e', 'eight', 'f', 'fi', 'five', 'fl', 'four', 'i', 'l', 'm', 'n', 'nine', 'nonmarkingreturn', 'o', 'one', 'p', 'parenleft', 'parenright', 'r', 's', 'six', 'space', 't', 'three', 'two', 'underscore', 'uni239B', 'uni239C', 'uni239D', 'uni239E', 'uni239F', 'uni23A0', 'uniFB00', 'uniFB03', 'uniFB04', 'x', 'zero']
2026-10-05 17:58:17,952 | INFO | fontTools.subset | Glyph IDs:   [0, 1, 2, 3, 11, 12, 15, 19, 20, 21, 22, 23, 24, 25, 27, 28, 45, 47, 66, 68, 69, 70, 71, 72, 73, 76, 79, 80, 81, 82, 83, 85, 86, 87, 91, 165, 169, 3506, 3507, 3508, 3509, 3510, 3511, 5038, 5039, 5040, 5041, 5042]
2026-10-05 17:58:17,952 | INFO | fontTools.subset | Closed glyph list over 'glyf': 50 glyphs after
2026-10-05 17:58:17,952 | INFO | fontTools.subset | Glyph names: ['.notdef', '.null', 'J', 'L', 'a', 'atilde', 'b', 'c', 'ccedilla', 'cedilla', 'comma', 'd', 'e', 'eight', 'f', 'fi', 'five', 'fl', 'four', 'i', 'l', 'm', 'n', 'nine', 'nonmarkingreturn', 'o', 'one', 'p', 'parenleft', 'parenright', 'r', 's', 'six', 'space', 't', 'three', 'tilde', 'two', 'underscore', 'uni239B', 'uni239C', 'uni239D', 'uni239E', 'uni239F', 'uni23A0', 'uniFB00', 'uniFB03', 'uniFB04', 'x', 'zero']
2026-10-05 17:58:17,952 | INFO | fontTools.subset | Glyph IDs:   [0, 1, 2, 3, 11, 12, 15, 19, 20, 21, 22, 23, 24, 25, 27, 28, 45, 47, 66, 68, 69, 70, 71, 72, 73, 76, 79, 80, 81, 82, 83, 85, 86, 87, 91, 122, 165, 169, 670, 3506, 3507, 3508, 3509, 3510, 3511, 5038, 5039, 5040, 5041, 5042]
2026-10-05 17:58:17,953 | INFO | fontTools.subset | Retaining 50 glyphs
2026-10-05 17:58:17,953 | INFO | fontTools.subset | head subsetting not needed
2026-10-05 17:58:17,953 | INFO | fontTools.subset | hhea subsetting not needed
2026-10-05 17:58:17,953 | INFO | fontTools.subset | maxp subsetting not needed
2026-10-05 17:58:17,953 | INFO | fontTools.subset | OS/2 subsetting not needed
2026-10-05 17:58:18,035 | INFO | fontTools.subset | hmtx subsetted
2026-10-05 17:58:18,037 | INFO | fontTools.subset | cmap subsetted
2026-10-05 17:58:18,037 | INFO | fontTools.subset | fpgm subsetting not needed
2026-10-05 17:58:18,037 | INFO | fontTools.subset | prep subsetting not needed
2026-10-05 17:58:18,037 | INFO | fontTools.subset | cvt  subsetting not needed
2026-10-05 17:58:18,037 | INFO | fontTools.subset | loca subsetting not needed
2026-10-05 17:58:18,038 | INFO | fontTools.subset | post subsetted
2026-10-05 17:58:18,038 | INFO | fontTools.subset | gasp subsetting not needed
2026-10-05 17:58:18,038 | INFO | fontTools.subset | MATH subsetted
2026-10-05 17:58:18,039 | INFO | fontTools.subset | GDEF subsetted
2026-10-05 17:58:18,054 | INFO | fontTools.subset | GPOS subsetted
2026-10-05 17:58:18,056 | INFO | fontTools.subset | GSUB subsetted
2026-10-05 17:58:18,056 | INFO | fontTools.subset | name subsetting not needed
2026-10-05 17:58:18,057 | INFO | fontTools.subset | glyf subsetted
2026-10-05 17:58:18,057 | INFO | fontTools.subset | head pruned
2026-10-05 17:58:18,058 | INFO | fontTools.subset | OS/2 Unicode ranges pruned: [0, 1]
2026-10-05 17:58:18,058 | INFO | fontTools.subset | OS/2 CodePage ranges pruned: [0]
2026-10-05 17:58:18,058 | INFO | fontTools.subset | glyf pruned
2026-10-05 17:58:18,058 | INFO | fontTools.subset | GDEF pruned
2026-10-05 17:58:18,058 | INFO | fontTools.subset | GPOS pruned
2026-10-05 17:58:18,059 | INFO | fontTools.subset | GSUB pruned
2026-10-05 17:58:18,062 | INFO | fontTools.subset | name pruned
2026-10-05 17:58:18,069 | INFO | fontTools.subset | maxp pruned
2026-10-05 17:58:18,077 | INFO | fontTools.subset | cmap pruned
2026-10-05 17:58:18,077 | INFO | fontTools.subset | kern dropped
2026-10-05 17:58:18,077 | INFO | fontTools.subset | post pruned
2026-10-05 17:58:18,077 | INFO | fontTools.subset | FFTM dropped
2026-10-05 17:58:18,079 | INFO | fontTools.subset | GPOS pruned
2026-10-05 17:58:18,081 | INFO | fontTools.subset | GSUB pruned
2026-10-05 17:58:18,086 | INFO | fontTools.subset | glyf pruned
2026-10-05 17:58:18,087 | INFO | fontTools.subset | Added gid0 to subset
2026-10-05 17:58:18,087 | INFO | fontTools.subset | Added first four glyphs to subset
2026-10-05 17:58:18,087 | INFO | fontTools.subset | Closing glyph list over 'MATH': 6 glyphs before
2026-10-05 17:58:18,087 | INFO | fontTools.subset | Glyph names: ['.notdef', '.null', 'endash', 'nonmarkingreturn', 'space', 'uni02B7']
2026-10-05 17:58:18,088 | INFO | fontTools.subset | Glyph IDs:   [0, 1, 2, 3, 633, 2805]
2026-10-05 17:58:18,088 | INFO | fontTools.subset | Closed glyph list over 'MATH': 6 glyphs after
2026-10-05 17:58:18,088 | INFO | fontTools.subset | Glyph names: ['.notdef', '.null', 'endash', 'nonmarkingreturn', 'space', 'uni02B7']
2026-10-05 17:58:18,088 | INFO | fontTools.subset | Glyph IDs:   [0, 1, 2, 3, 633, 2805]
2026-10-05 17:58:18,088 | INFO | fontTools.subset | Closing glyph list over 'GSUB': 6 glyphs before
2026-10-05 17:58:18,088 | INFO | fontTools.subset | Glyph names: ['.notdef', '.null', 'endash', 'nonmarkingreturn', 'space', 'uni02B7']
2026-10-05 17:58:18,088 | INFO | fontTools.subset | Glyph IDs:   [0, 1, 2, 3, 633, 2805]
2026-10-05 17:58:18,090 | INFO | fontTools.subset | Closed glyph list over 'GSUB': 6 glyphs after
2026-10-05 17:58:18,090 | INFO | fontTools.subset | Glyph names: ['.notdef', '.null', 'endash', 'nonmarkingreturn', 'space', 'uni02B7']
2026-10-05 17:58:18,090 | INFO | fontTools.subset | Glyph IDs:   [0, 1, 2, 3, 633, 2805]
2026-10-05 17:58:18,090 | INFO | fontTools.subset | Closing glyph list over 'glyf': 6 glyphs before
2026-10-05 17:58:18,090 | INFO | fontTools.subset | Glyph names: ['.notdef', '.null', 'endash', 'nonmarkingreturn', 'space', 'uni02B7']
2026-10-05 17:58:18,090 | INFO | fontTools.subset | Glyph IDs:   [0, 1, 2, 3, 633, 2805]
2026-10-05 17:58:18,090 | INFO | fontTools.subset | Closed glyph list over 'glyf': 6 glyphs after
2026-10-05 17:58:18,090 | INFO | fontTools.subset | Glyph names: ['.notdef', '.null', 'endash', 'nonmarkingreturn', 'space', 'uni02B7']
2026-10-05 17:58:18,090 | INFO | fontTools.subset | Glyph IDs:   [0, 1, 2, 3, 633, 2805]
2026-10-05 17:58:18,091 | INFO | fontTools.subset | Retaining 6 glyphs
2026-10-05 17:58:18,091 | INFO | fontTools.subset | head subsetting not needed
2026-10-05 17:58:18,091 | INFO | fontTools.subset | hhea subsetting not needed
2026-10-05 17:58:18,091 | INFO | fontTools.subset | maxp subsetting not needed
2026-10-05 17:58:18,091 | INFO | fontTools.subset | OS/2 subsetting not needed
2026-10-05 17:58:18,094 | INFO | fontTools.subset | hmtx subsetted
2026-10-05 17:58:18,096 | INFO | fontTools.subset | cmap subsetted
2026-10-05 17:58:18,096 | INFO | fontTools.subset | fpgm subsetting not needed
2026-10-05 17:58:18,096 | INFO | fontTools.subset | prep subsetting not needed
2026-10-05 17:58:18,096 | INFO | fontTools.subset | cvt  subsetting not needed
2026-10-05 17:58:18,096 | INFO | fontTools.subset | loca subsetting not needed
2026-10-05 17:58:18,096 | INFO | fontTools.subset | post subsetted
2026-10-05 17:58:18,096 | INFO | fontTools.subset | gasp subsetting not needed
2026-10-05 17:58:18,096 | INFO | fontTools.subset | MATH subsetted
2026-10-05 17:58:18,098 | INFO | fontTools.subset | GDEF subsetted
2026-10-05 17:58:18,113 | INFO | fontTools.subset | GPOS subsetted
2026-10-05 17:58:18,113 | INFO | fontTools.subset | GSUB subsetted
2026-10-05 17:58:18,113 | INFO | fontTools.subset | name subsetting not needed
2026-10-05 17:58:18,115 | INFO | fontTools.subset | glyf subsetted
2026-10-05 17:58:18,115 | INFO | fontTools.subset | head pruned
2026-10-05 17:58:18,115 | INFO | fontTools.subset | OS/2 Unicode ranges pruned: [5, 31]
2026-10-05 17:58:18,115 | INFO | fontTools.subset | OS/2 CodePage ranges pruned: [0]
2026-10-05 17:58:18,115 | INFO | fontTools.subset | glyf pruned
2026-10-05 17:58:18,116 | INFO | fontTools.subset | GDEF pruned
2026-10-05 17:58:18,116 | INFO | fontTools.subset | GPOS pruned
2026-10-05 17:58:18,116 | INFO | fontTools.subset | GSUB pruned
2026-10-05 17:58:18,117 | INFO | fontTools.subset | name pruned
2026-10-05 17:58:18,852 | INFO | fontTools.subset | maxp pruned
2026-10-05 17:58:18,859 | INFO | fontTools.subset | cmap pruned
2026-10-05 17:58:18,859 | INFO | fontTools.subset | kern dropped
2026-10-05 17:58:18,859 | INFO | fontTools.subset | post pruned
2026-10-05 17:58:18,859 | INFO | fontTools.subset | FFTM dropped
2026-10-05 17:58:18,860 | INFO | fontTools.subset | GPOS pruned
2026-10-05 17:58:18,862 | INFO | fontTools.subset | GSUB pruned
2026-10-05 17:58:18,868 | INFO | fontTools.subset | glyf pruned
2026-10-05 17:58:18,869 | INFO | fontTools.subset | Added gid0 to subset
2026-10-05 17:58:18,869 | INFO | fontTools.subset | Added first four glyphs to subset
2026-10-05 17:58:18,869 | INFO | fontTools.subset | Closing glyph list over 'GSUB': 5 glyphs before
2026-10-05 17:58:18,869 | INFO | fontTools.subset | Glyph names: ['.notdef', '.null', 'k', 'nonmarkingreturn', 'space']
2026-10-05 17:58:18,869 | INFO | fontTools.subset | Glyph IDs:   [0, 1, 2, 3, 78]
2026-10-05 17:58:18,870 | INFO | fontTools.subset | Closed glyph list over 'GSUB': 5 glyphs after
2026-10-05 17:58:18,870 | INFO | fontTools.subset | Glyph names: ['.notdef', '.null', 'k', 'nonmarkingreturn', 'space']
2026-10-05 17:58:18,870 | INFO | fontTools.subset | Glyph IDs:   [0, 1, 2, 3, 78]
2026-10-05 17:58:18,870 | INFO | fontTools.subset | Closing glyph list over 'glyf': 5 glyphs before
2026-10-05 17:58:18,870 | INFO | fontTools.subset | Glyph names: ['.notdef', '.null', 'k', 'nonmarkingreturn', 'space']
2026-10-05 17:58:18,871 | INFO | fontTools.subset | Glyph IDs:   [0, 1, 2, 3, 78]
2026-10-05 17:58:18,871 | INFO | fontTools.subset | Closed glyph list over 'glyf': 5 glyphs after
2026-10-05 17:58:18,871 | INFO | fontTools.subset | Glyph names: ['.notdef', '.null', 'k', 'nonmarkingreturn', 'space']
2026-10-05 17:58:18,871 | INFO | fontTools.subset | Glyph IDs:   [0, 1, 2, 3, 78]
2026-10-05 17:58:18,871 | INFO | fontTools.subset | Retaining 5 glyphs
2026-10-05 17:58:18,871 | INFO | fontTools.subset | head subsetting not needed
2026-10-05 17:58:18,871 | INFO | fontTools.subset | hhea subsetting not needed
2026-10-05 17:58:18,871 | INFO | fontTools.subset | maxp subsetting not needed
2026-10-05 17:58:18,872 | INFO | fontTools.subset | OS/2 subsetting not needed
2026-10-05 17:58:18,874 | INFO | fontTools.subset | hmtx subsetted
2026-10-05 17:58:18,875 | INFO | fontTools.subset | cmap subsetted
2026-10-05 17:58:18,875 | INFO | fontTools.subset | fpgm subsetting not needed
2026-10-05 17:58:18,876 | INFO | fontTools.subset | prep subsetting not needed
2026-10-05 17:58:18,876 | INFO | fontTools.subset | cvt  subsetting not needed
2026-10-05 17:58:18,876 | INFO | fontTools.subset | loca subsetting not needed
2026-10-05 17:58:18,876 | INFO | fontTools.subset | post subsetted
2026-10-05 17:58:18,876 | INFO | fontTools.subset | gasp subsetting not needed
2026-10-05 17:58:18,877 | INFO | fontTools.subset | GDEF subsetted
2026-10-05 17:58:18,886 | INFO | fontTools.subset | GPOS subsetted
2026-10-05 17:58:18,887 | INFO | fontTools.subset | GSUB subsetted
2026-10-05 17:58:18,887 | INFO | fontTools.subset | name subsetting not needed
2026-10-05 17:58:18,888 | INFO | fontTools.subset | glyf subsetted
2026-10-05 17:58:18,888 | INFO | fontTools.subset | head pruned
2026-10-05 17:58:18,888 | INFO | fontTools.subset | OS/2 Unicode ranges pruned: [0]
2026-10-05 17:58:18,889 | INFO | fontTools.subset | OS/2 CodePage ranges pruned: [0]
2026-10-05 17:58:18,889 | INFO | fontTools.subset | glyf pruned
2026-10-05 17:58:18,889 | INFO | fontTools.subset | GDEF pruned
2026-10-05 17:58:18,889 | INFO | fontTools.subset | GPOS pruned
2026-10-05 17:58:18,889 | INFO | fontTools.subset | GSUB pruned
2026-10-05 17:58:18,890 | INFO | fontTools.subset | name pruned
2026-10-05 17:58:18,893 | INFO | fontTools.subset | maxp pruned
2026-10-05 17:58:18,901 | INFO | fontTools.subset | cmap pruned
2026-10-05 17:58:18,902 | INFO | fontTools.subset | kern dropped
2026-10-05 17:58:18,902 | INFO | fontTools.subset | post pruned
2026-10-05 17:58:18,902 | INFO | fontTools.subset | FFTM dropped
2026-10-05 17:58:18,903 | INFO | fontTools.subset | GPOS pruned
2026-10-05 17:58:18,905 | INFO | fontTools.subset | GSUB pruned
2026-10-05 17:58:18,974 | INFO | fontTools.subset | glyf pruned
2026-10-05 17:58:18,975 | INFO | fontTools.subset | Added gid0 to subset
2026-10-05 17:58:18,975 | INFO | fontTools.subset | Added first four glyphs to subset
2026-10-05 17:58:18,975 | INFO | fontTools.subset | Closing glyph list over 'MATH': 43 glyphs before
2026-10-05 17:58:18,975 | INFO | fontTools.subset | Glyph names: ['.notdef', '.null', 'K', 'P', 'R', 'a', 'aacute', 'atilde', 'b', 'c', 'ccedilla', 'colon', 'd', 'e', 'ecircumflex', 'equal', 'five', 'four', 'g', 'h', 'i', 'j', 'k', 'l', 'm', 'n', 'nonmarkingreturn', 'o', 'oacute', 'one', 'p', 'parenleft', 'parenright', 'r', 's', 'slash', 'space', 't', 'three', 'two', 'u', 'v', 'zero']
2026-10-05 17:58:18,976 | INFO | fontTools.subset | Glyph IDs:   [0, 1, 2, 3, 11, 12, 18, 19, 20, 21, 22, 23, 24, 29, 32, 46, 51, 53, 68, 69, 70, 71, 72, 74, 75, 76, 77, 78, 79, 80, 81, 82, 83, 85, 86, 87, 88, 89, 163, 165, 169, 172, 181]
2026-10-05 17:58:18,977 | INFO | fontTools.subset | Closed glyph list over 'MATH': 49 glyphs after
2026-10-05 17:58:18,977 | INFO | fontTools.subset | Glyph names: ['.notdef', '.null', 'K', 'P', 'R', 'a', 'aacute', 'atilde', 'b', 'c', 'ccedilla', 'colon', 'd', 'e', 'ecircumflex', 'equal', 'five', 'four', 'g', 'h', 'i', 'j', 'k', 'l', 'm', 'n', 'nonmarkingreturn', 'o', 'oacute', 'one', 'p', 'parenleft', 'parenright', 'r', 's', 'slash', 'space', 't', 'three', 'two', 'u', 'uni239B', 'uni239C', 'uni239D', 'uni239E', 'uni239F', 'uni23A0', 'v', 'zero']
2026-10-05 17:58:18,977 | INFO | fontTools.subset | Glyph IDs:   [0, 1, 2, 3, 11, 12, 18, 19, 20, 21, 22, 23, 24, 29, 32, 46, 51, 53, 68, 69, 70, 71, 72, 74, 75, 76, 77, 78, 79, 80, 81, 82, 83, 85, 86, 87, 88, 89, 163, 165, 169, 172, 181, 3506, 3507, 3508, 3509, 3510, 3511]
2026-10-05 17:58:18,977 | INFO | fontTools.subset | Closing glyph list over 'GSUB': 49 glyphs before
2026-10-05 17:58:18,977 | INFO | fontTools.subset | Glyph names: ['.notdef', '.null', 'K', 'P', 'R', 'a', 'aacute', 'atilde', 'b', 'c', 'ccedilla', 'colon', 'd', 'e', 'ecircumflex', 'equal', 'five', 'four', 'g', 'h', 'i', 'j', 'k', 'l', 'm', 'n', 'nonmarkingreturn', 'o', 'oacute', 'one', 'p', 'parenleft', 'parenright', 'r', 's', 'slash', 'space', 't', 'three', 'two', 'u', 'uni239B', 'uni239C', 'uni239D', 'uni239E', 'uni239F', 'uni23A0', 'v', 'zero']
2026-10-05 17:58:18,977 | INFO | fontTools.subset | Glyph IDs:   [0, 1, 2, 3, 11, 12, 18, 19, 20, 21, 22, 23, 24, 29, 32, 46, 51, 53, 68, 69, 70, 71, 72, 74, 75, 76, 77, 78, 79, 80, 81, 82, 83, 85, 86, 87, 88, 89, 163, 165, 169, 172, 181, 3506, 3507, 3508, 3509, 3510, 3511]
2026-10-05 17:58:18,980 | INFO | fontTools.subset | Closed glyph list over 'GSUB': 49 glyphs after
2026-10-05 17:58:18,980 | INFO | fontTools.subset | Glyph names: ['.notdef', '.null', 'K', 'P', 'R', 'a', 'aacute', 'atilde', 'b', 'c', 'ccedilla', 'colon', 'd', 'e', 'ecircumflex', 'equal', 'five', 'four', 'g', 'h', 'i', 'j', 'k', 'l', 'm', 'n', 'nonmarkingreturn', 'o', 'oacute', 'one', 'p', 'parenleft', 'parenright', 'r', 's', 'slash', 'space', 't', 'three', 'two', 'u', 'uni239B', 'uni239C', 'uni239D', 'uni239E', 'uni239F', 'uni23A0', 'v', 'zero']
2026-10-05 17:58:18,980 | INFO | fontTools.subset | Glyph IDs:   [0, 1, 2, 3, 11, 12, 18, 19, 20, 21, 22, 23, 24, 29, 32, 46, 51, 53, 68, 69, 70, 71, 72, 74, 75, 76, 77, 78, 79, 80, 81, 82, 83, 85, 86, 87, 88, 89, 163, 165, 169, 172, 181, 3506, 3507, 3508, 3509, 3510, 3511]
2026-10-05 17:58:18,980 | INFO | fontTools.subset | Closing glyph list over 'glyf': 49 glyphs before
2026-10-05 17:58:18,980 | INFO | fontTools.subset | Glyph names: ['.notdef', '.null', 'K', 'P', 'R', 'a', 'aacute', 'atilde', 'b', 'c', 'ccedilla', 'colon', 'd', 'e', 'ecircumflex', 'equal', 'five', 'four', 'g', 'h', 'i', 'j', 'k', 'l', 'm', 'n', 'nonmarkingreturn', 'o', 'oacute', 'one', 'p', 'parenleft', 'parenright', 'r', 's', 'slash', 'space', 't', 'three', 'two', 'u', 'uni239B', 'uni239C', 'uni239D', 'uni239E', 'uni239F', 'uni23A0', 'v', 'zero']
2026-10-05 17:58:18,980 | INFO | fontTools.subset | Glyph IDs:   [0, 1, 2, 3, 11, 12, 18, 19, 20, 21, 22, 23, 24, 29, 32, 46, 51, 53, 68, 69, 70, 71, 72, 74, 75, 76, 77, 78, 79, 80, 81, 82, 83, 85, 86, 87, 88, 89, 163, 165, 169, 172, 181, 3506, 3507, 3508, 3509, 3510, 3511]
2026-10-05 17:58:18,980 | INFO | fontTools.subset | Closed glyph list over 'glyf': 53 glyphs after
2026-10-05 17:58:18,980 | INFO | fontTools.subset | Glyph names: ['.notdef', '.null', 'K', 'P', 'R', 'a', 'aacute', 'acute', 'atilde', 'b', 'c', 'ccedilla', 'cedilla', 'circumflex', 'colon', 'd', 'e', 'ecircumflex', 'equal', 'five', 'four', 'g', 'h', 'i', 'j', 'k', 'l', 'm', 'n', 'nonmarkingreturn', 'o', 'oacute', 'one', 'p', 'parenleft', 'parenright', 'r', 's', 'slash', 'space', 't', 'three', 'tilde', 'two', 'u', 'uni239B', 'uni239C', 'uni239D', 'uni239E', 'uni239F', 'uni23A0', 'v', 'zero']
2026-10-05 17:58:18,980 | INFO | fontTools.subset | Glyph IDs:   [0, 1, 2, 3, 11, 12, 18, 19, 20, 21, 22, 23, 24, 29, 32, 46, 51, 53, 68, 69, 70, 71, 72, 74, 75, 76, 77, 78, 79, 80, 81, 82, 83, 85, 86, 87, 88, 89, 118, 122, 163, 165, 169, 172, 181, 648, 670, 3506, 3507, 3508, 3509, 3510, 3511]
2026-10-05 17:58:18,981 | INFO | fontTools.subset | Retaining 53 glyphs
2026-10-05 17:58:18,981 | INFO | fontTools.subset | head subsetting not needed
2026-10-05 17:58:18,981 | INFO | fontTools.subset | hhea subsetting not needed
2026-10-05 17:58:18,981 | INFO | fontTools.subset | maxp subsetting not needed
2026-10-05 17:58:18,981 | INFO | fontTools.subset | OS/2 subsetting not needed
2026-10-05 17:58:18,984 | INFO | fontTools.subset | hmtx subsetted
2026-10-05 17:58:18,985 | INFO | fontTools.subset | cmap subsetted
2026-10-05 17:58:18,985 | INFO | fontTools.subset | fpgm subsetting not needed
2026-10-05 17:58:18,986 | INFO | fontTools.subset | prep subsetting not needed
2026-10-05 17:58:18,986 | INFO | fontTools.subset | cvt  subsetting not needed
2026-10-05 17:58:18,986 | INFO | fontTools.subset | loca subsetting not needed
2026-10-05 17:58:18,986 | INFO | fontTools.subset | post subsetted
2026-10-05 17:58:18,986 | INFO | fontTools.subset | gasp subsetting not needed
2026-10-05 17:58:18,986 | INFO | fontTools.subset | MATH subsetted
2026-10-05 17:58:18,987 | INFO | fontTools.subset | GDEF subsetted
2026-10-05 17:58:19,003 | INFO | fontTools.subset | GPOS subsetted
2026-10-05 17:58:19,004 | INFO | fontTools.subset | GSUB subsetted
2026-10-05 17:58:19,004 | INFO | fontTools.subset | name subsetting not needed
2026-10-05 17:58:19,005 | INFO | fontTools.subset | glyf subsetted
2026-10-05 17:58:19,006 | INFO | fontTools.subset | head pruned
2026-10-05 17:58:19,006 | INFO | fontTools.subset | OS/2 Unicode ranges pruned: [0, 1]
2026-10-05 17:58:19,006 | INFO | fontTools.subset | OS/2 CodePage ranges pruned: [0]
2026-10-05 17:58:19,006 | INFO | fontTools.subset | glyf pruned
2026-10-05 17:58:19,006 | INFO | fontTools.subset | GDEF pruned
2026-10-05 17:58:19,006 | INFO | fontTools.subset | GPOS pruned
2026-10-05 17:58:19,007 | INFO | fontTools.subset | GSUB pruned
2026-10-05 17:58:19,011 | INFO | fontTools.subset | name pruned
2026-10-05 17:58:19,017 | INFO | fontTools.subset | maxp pruned
2026-10-05 17:58:19,025 | INFO | fontTools.subset | cmap pruned
2026-10-05 17:58:19,025 | INFO | fontTools.subset | kern dropped
2026-10-05 17:58:19,025 | INFO | fontTools.subset | post pruned
2026-10-05 17:58:19,025 | INFO | fontTools.subset | FFTM dropped
2026-10-05 17:58:19,026 | INFO | fontTools.subset | GPOS pruned
2026-10-05 17:58:19,029 | INFO | fontTools.subset | GSUB pruned
2026-10-05 17:58:19,034 | INFO | fontTools.subset | glyf pruned
2026-10-05 17:58:19,035 | INFO | fontTools.subset | Added gid0 to subset
2026-10-05 17:58:19,035 | INFO | fontTools.subset | Added first four glyphs to subset
2026-10-05 17:58:19,035 | INFO | fontTools.subset | Closing glyph list over 'MATH': 6 glyphs before
2026-10-05 17:58:19,035 | INFO | fontTools.subset | Glyph names: ['.notdef', '.null', 'greaterequal', 'minus', 'nonmarkingreturn', 'space']
2026-10-05 17:58:19,035 | INFO | fontTools.subset | Glyph IDs:   [0, 1, 2, 3, 3228, 3311]
2026-10-05 17:58:19,036 | INFO | fontTools.subset | Closed glyph list over 'MATH': 6 glyphs after
2026-10-05 17:58:19,036 | INFO | fontTools.subset | Glyph names: ['.notdef', '.null', 'greaterequal', 'minus', 'nonmarkingreturn', 'space']
2026-10-05 17:58:19,036 | INFO | fontTools.subset | Glyph IDs:   [0, 1, 2, 3, 3228, 3311]
2026-10-05 17:58:19,036 | INFO | fontTools.subset | Closing glyph list over 'GSUB': 6 glyphs before
2026-10-05 17:58:19,036 | INFO | fontTools.subset | Glyph names: ['.notdef', '.null', 'greaterequal', 'minus', 'nonmarkingreturn', 'space']
2026-10-05 17:58:19,036 | INFO | fontTools.subset | Glyph IDs:   [0, 1, 2, 3, 3228, 3311]
2026-10-05 17:58:19,037 | INFO | fontTools.subset | Closed glyph list over 'GSUB': 6 glyphs after
2026-10-05 17:58:19,037 | INFO | fontTools.subset | Glyph names: ['.notdef', '.null', 'greaterequal', 'minus', 'nonmarkingreturn', 'space']
2026-10-05 17:58:19,038 | INFO | fontTools.subset | Glyph IDs:   [0, 1, 2, 3, 3228, 3311]
2026-10-05 17:58:19,038 | INFO | fontTools.subset | Closing glyph list over 'glyf': 6 glyphs before
2026-10-05 17:58:19,038 | INFO | fontTools.subset | Glyph names: ['.notdef', '.null', 'greaterequal', 'minus', 'nonmarkingreturn', 'space']
2026-10-05 17:58:19,038 | INFO | fontTools.subset | Glyph IDs:   [0, 1, 2, 3, 3228, 3311]
2026-10-05 17:58:19,038 | INFO | fontTools.subset | Closed glyph list over 'glyf': 6 glyphs after
2026-10-05 17:58:19,038 | INFO | fontTools.subset | Glyph names: ['.notdef', '.null', 'greaterequal', 'minus', 'nonmarkingreturn', 'space']
2026-10-05 17:58:19,038 | INFO | fontTools.subset | Glyph IDs:   [0, 1, 2, 3, 3228, 3311]
2026-10-05 17:58:19,038 | INFO | fontTools.subset | Retaining 6 glyphs
2026-10-05 17:58:19,039 | INFO | fontTools.subset | head subsetting not needed
2026-10-05 17:58:19,039 | INFO | fontTools.subset | hhea subsetting not needed
2026-10-05 17:58:19,039 | INFO | fontTools.subset | maxp subsetting not needed
2026-10-05 17:58:19,039 | INFO | fontTools.subset | OS/2 subsetting not needed
2026-10-05 17:58:19,041 | INFO | fontTools.subset | hmtx subsetted
2026-10-05 17:58:19,043 | INFO | fontTools.subset | cmap subsetted
2026-10-05 17:58:19,043 | INFO | fontTools.subset | fpgm subsetting not needed
2026-10-05 17:58:19,043 | INFO | fontTools.subset | prep subsetting not needed
2026-10-05 17:58:19,043 | INFO | fontTools.subset | cvt  subsetting not needed
2026-10-05 17:58:19,043 | INFO | fontTools.subset | loca subsetting not needed
2026-10-05 17:58:19,043 | INFO | fontTools.subset | post subsetted
2026-10-05 17:58:19,043 | INFO | fontTools.subset | gasp subsetting not needed
2026-10-05 17:58:19,043 | INFO | fontTools.subset | MATH subsetted
2026-10-05 17:58:19,045 | INFO | fontTools.subset | GDEF subsetted
2026-10-05 17:58:19,059 | INFO | fontTools.subset | GPOS subsetted
2026-10-05 17:58:19,060 | INFO | fontTools.subset | GSUB subsetted
2026-10-05 17:58:19,060 | INFO | fontTools.subset | name subsetting not needed
2026-10-05 17:58:19,061 | INFO | fontTools.subset | glyf subsetted
2026-10-05 17:58:19,061 | INFO | fontTools.subset | head pruned
2026-10-05 17:58:19,061 | INFO | fontTools.subset | OS/2 Unicode ranges pruned: [38]
2026-10-05 17:58:19,062 | INFO | fontTools.subset | OS/2 CodePage ranges pruned: [0]
2026-10-05 17:58:19,062 | INFO | fontTools.subset | glyf pruned
2026-10-05 17:58:19,062 | INFO | fontTools.subset | GDEF pruned
2026-10-05 17:58:19,062 | INFO | fontTools.subset | GPOS pruned
2026-10-05 17:58:19,062 | INFO | fontTools.subset | GSUB pruned
2026-10-05 17:58:19,063 | INFO | fontTools.subset | name pruned
2026-10-05 17:58:19,421 | INFO | fontTools.subset | maxp pruned
2026-10-05 17:58:19,429 | INFO | fontTools.subset | cmap pruned
2026-10-05 17:58:19,429 | INFO | fontTools.subset | kern dropped
2026-10-05 17:58:19,430 | INFO | fontTools.subset | post pruned
2026-10-05 17:58:19,430 | INFO | fontTools.subset | FFTM dropped
2026-10-05 17:58:19,431 | INFO | fontTools.subset | GPOS pruned
2026-10-05 17:58:19,433 | INFO | fontTools.subset | GSUB pruned
2026-10-05 17:58:19,439 | INFO | fontTools.subset | glyf pruned
2026-10-05 17:58:19,440 | INFO | fontTools.subset | Added gid0 to subset
2026-10-05 17:58:19,440 | INFO | fontTools.subset | Added first four glyphs to subset
2026-10-05 17:58:19,440 | INFO | fontTools.subset | Closing glyph list over 'MATH': 42 glyphs before
2026-10-05 17:58:19,440 | INFO | fontTools.subset | Glyph names: ['.notdef', '.null', 'C', 'a', 'agrave', 'atilde', 'c', 'ccedilla', 'd', 'e', 'ecircumflex', 'eight', 'five', 'four', 'g', 'h', 'i', 'j', 'l', 'm', 'n', 'nine', 'nonmarkingreturn', 'o', 'oacute', 'one', 'p', 'parenleft', 'parenright', 'percent', 'period', 'r', 's', 'seven', 'six', 'slash', 'space', 't', 'three', 'two', 'u', 'zero']
2026-10-05 17:58:19,441 | INFO | fontTools.subset | Glyph IDs:   [0, 1, 2, 3, 8, 11, 12, 17, 18, 19, 20, 21, 22, 23, 24, 25, 26, 27, 28, 38, 68, 70, 71, 72, 74, 75, 76, 77, 79, 80, 81, 82, 83, 85, 86, 87, 88, 162, 165, 169, 172, 181]
2026-10-05 17:58:19,441 | INFO | fontTools.subset | Closed glyph list over 'MATH': 48 glyphs after
2026-10-05 17:58:19,441 | INFO | fontTools.subset | Glyph names: ['.notdef', '.null', 'C', 'a', 'agrave', 'atilde', 'c', 'ccedilla', 'd', 'e', 'ecircumflex', 'eight', 'five', 'four', 'g', 'h', 'i', 'j', 'l', 'm', 'n', 'nine', 'nonmarkingreturn', 'o', 'oacute', 'one', 'p', 'parenleft', 'parenright', 'percent', 'period', 'r', 's', 'seven', 'six', 'slash', 'space', 't', 'three', 'two', 'u', 'uni239B', 'uni239C', 'uni239D', 'uni239E', 'uni239F', 'uni23A0', 'zero']
2026-10-05 17:58:19,442 | INFO | fontTools.subset | Glyph IDs:   [0, 1, 2, 3, 8, 11, 12, 17, 18, 19, 20, 21, 22, 23, 24, 25, 26, 27, 28, 38, 68, 70, 71, 72, 74, 75, 76, 77, 79, 80, 81, 82, 83, 85, 86, 87, 88, 162, 165, 169, 172, 181, 3506, 3507, 3508, 3509, 3510, 3511]
2026-10-05 17:58:19,442 | INFO | fontTools.subset | Closing glyph list over 'GSUB': 48 glyphs before
2026-10-05 17:58:19,442 | INFO | fontTools.subset | Glyph names: ['.notdef', '.null', 'C', 'a', 'agrave', 'atilde', 'c', 'ccedilla', 'd', 'e', 'ecircumflex', 'eight', 'five', 'four', 'g', 'h', 'i', 'j', 'l', 'm', 'n', 'nine', 'nonmarkingreturn', 'o', 'oacute', 'one', 'p', 'parenleft', 'parenright', 'percent', 'period', 'r', 's', 'seven', 'six', 'slash', 'space', 't', 'three', 'two', 'u', 'uni239B', 'uni239C', 'uni239D', 'uni239E', 'uni239F', 'uni23A0', 'zero']
2026-10-05 17:58:19,442 | INFO | fontTools.subset | Glyph IDs:   [0, 1, 2, 3, 8, 11, 12, 17, 18, 19, 20, 21, 22, 23, 24, 25, 26, 27, 28, 38, 68, 70, 71, 72, 74, 75, 76, 77, 79, 80, 81, 82, 83, 85, 86, 87, 88, 162, 165, 169, 172, 181, 3506, 3507, 3508, 3509, 3510, 3511]
2026-10-05 17:58:19,444 | INFO | fontTools.subset | Closed glyph list over 'GSUB': 48 glyphs after
2026-10-05 17:58:19,444 | INFO | fontTools.subset | Glyph names: ['.notdef', '.null', 'C', 'a', 'agrave', 'atilde', 'c', 'ccedilla', 'd', 'e', 'ecircumflex', 'eight', 'five', 'four', 'g', 'h', 'i', 'j', 'l', 'm', 'n', 'nine', 'nonmarkingreturn', 'o', 'oacute', 'one', 'p', 'parenleft', 'parenright', 'percent', 'period', 'r', 's', 'seven', 'six', 'slash', 'space', 't', 'three', 'two', 'u', 'uni239B', 'uni239C', 'uni239D', 'uni239E', 'uni239F', 'uni23A0', 'zero']
2026-10-05 17:58:19,445 | INFO | fontTools.subset | Glyph IDs:   [0, 1, 2, 3, 8, 11, 12, 17, 18, 19, 20, 21, 22, 23, 24, 25, 26, 27, 28, 38, 68, 70, 71, 72, 74, 75, 76, 77, 79, 80, 81, 82, 83, 85, 86, 87, 88, 162, 165, 169, 172, 181, 3506, 3507, 3508, 3509, 3510, 3511]
2026-10-05 17:58:19,445 | INFO | fontTools.subset | Closing glyph list over 'glyf': 48 glyphs before
2026-10-05 17:58:19,445 | INFO | fontTools.subset | Glyph names: ['.notdef', '.null', 'C', 'a', 'agrave', 'atilde', 'c', 'ccedilla', 'd', 'e', 'ecircumflex', 'eight', 'five', 'four', 'g', 'h', 'i', 'j', 'l', 'm', 'n', 'nine', 'nonmarkingreturn', 'o', 'oacute', 'one', 'p', 'parenleft', 'parenright', 'percent', 'period', 'r', 's', 'seven', 'six', 'slash', 'space', 't', 'three', 'two', 'u', 'uni239B', 'uni239C', 'uni239D', 'uni239E', 'uni239F', 'uni23A0', 'zero']
2026-10-05 17:58:19,445 | INFO | fontTools.subset | Glyph IDs:   [0, 1, 2, 3, 8, 11, 12, 17, 18, 19, 20, 21, 22, 23, 24, 25, 26, 27, 28, 38, 68, 70, 71, 72, 74, 75, 76, 77, 79, 80, 81, 82, 83, 85, 86, 87, 88, 162, 165, 169, 172, 181, 3506, 3507, 3508, 3509, 3510, 3511]
2026-10-05 17:58:19,445 | INFO | fontTools.subset | Closed glyph list over 'glyf': 53 glyphs after
2026-10-05 17:58:19,445 | INFO | fontTools.subset | Glyph names: ['.notdef', '.null', 'C', 'a', 'acute', 'agrave', 'atilde', 'c', 'ccedilla', 'cedilla', 'circumflex', 'd', 'e', 'ecircumflex', 'eight', 'five', 'four', 'g', 'grave', 'h', 'i', 'j', 'l', 'm', 'n', 'nine', 'nonmarkingreturn', 'o', 'oacute', 'one', 'p', 'parenleft', 'parenright', 'percent', 'period', 'r', 's', 'seven', 'six', 'slash', 'space', 't', 'three', 'tilde', 'two', 'u', 'uni239B', 'uni239C', 'uni239D', 'uni239E', 'uni239F', 'uni23A0', 'zero']
2026-10-05 17:58:19,445 | INFO | fontTools.subset | Glyph IDs:   [0, 1, 2, 3, 8, 11, 12, 17, 18, 19, 20, 21, 22, 23, 24, 25, 26, 27, 28, 38, 67, 68, 70, 71, 72, 74, 75, 76, 77, 79, 80, 81, 82, 83, 85, 86, 87, 88, 118, 122, 162, 165, 169, 172, 181, 648, 670, 3506, 3507, 3508, 3509, 3510, 3511]
2026-10-05 17:58:19,445 | INFO | fontTools.subset | Retaining 53 glyphs
2026-10-05 17:58:19,446 | INFO | fontTools.subset | head subsetting not needed
2026-10-05 17:58:19,446 | INFO | fontTools.subset | hhea subsetting not needed
2026-10-05 17:58:19,446 | INFO | fontTools.subset | maxp subsetting not needed
2026-10-05 17:58:19,446 | INFO | fontTools.subset | OS/2 subsetting not needed
2026-10-05 17:58:19,449 | INFO | fontTools.subset | hmtx subsetted
2026-10-05 17:58:19,451 | INFO | fontTools.subset | cmap subsetted
2026-10-05 17:58:19,451 | INFO | fontTools.subset | fpgm subsetting not needed
2026-10-05 17:58:19,451 | INFO | fontTools.subset | prep subsetting not needed
2026-10-05 17:58:19,451 | INFO | fontTools.subset | cvt  subsetting not needed
2026-10-05 17:58:19,451 | INFO | fontTools.subset | loca subsetting not needed
2026-10-05 17:58:19,451 | INFO | fontTools.subset | post subsetted
2026-10-05 17:58:19,451 | INFO | fontTools.subset | gasp subsetting not needed
2026-10-05 17:58:19,451 | INFO | fontTools.subset | MATH subsetted
2026-10-05 17:58:19,453 | INFO | fontTools.subset | GDEF subsetted
2026-10-05 17:58:19,468 | INFO | fontTools.subset | GPOS subsetted
2026-10-05 17:58:19,469 | INFO | fontTools.subset | GSUB subsetted
2026-10-05 17:58:19,469 | INFO | fontTools.subset | name subsetting not needed
2026-10-05 17:58:19,471 | INFO | fontTools.subset | glyf subsetted
2026-10-05 17:58:19,471 | INFO | fontTools.subset | head pruned
2026-10-05 17:58:19,471 | INFO | fontTools.subset | OS/2 Unicode ranges pruned: [0, 1]
2026-10-05 17:58:19,471 | INFO | fontTools.subset | OS/2 CodePage ranges pruned: [0]
2026-10-05 17:58:19,472 | INFO | fontTools.subset | glyf pruned
2026-10-05 17:58:19,472 | INFO | fontTools.subset | GDEF pruned
2026-10-05 17:58:19,472 | INFO | fontTools.subset | GPOS pruned
2026-10-05 17:58:19,472 | INFO | fontTools.subset | GSUB pruned
2026-10-05 17:58:19,475 | INFO | fontTools.subset | name pruned
2026-10-05 17:58:20,106 | INFO | fontTools.subset | maxp pruned
2026-10-05 17:58:20,114 | INFO | fontTools.subset | cmap pruned
2026-10-05 17:58:20,114 | INFO | fontTools.subset | kern dropped
2026-10-05 17:58:20,114 | INFO | fontTools.subset | post pruned
2026-10-05 17:58:20,114 | INFO | fontTools.subset | FFTM dropped
2026-10-05 17:58:20,116 | INFO | fontTools.subset | GPOS pruned
2026-10-05 17:58:20,119 | INFO | fontTools.subset | GSUB pruned
2026-10-05 17:58:20,123 | INFO | fontTools.subset | glyf pruned
2026-10-05 17:58:20,124 | INFO | fontTools.subset | Added gid0 to subset
2026-10-05 17:58:20,124 | INFO | fontTools.subset | Added first four glyphs to subset
2026-10-05 17:58:20,124 | INFO | fontTools.subset | Closing glyph list over 'MATH': 43 glyphs before
2026-10-05 17:58:20,124 | INFO | fontTools.subset | Glyph names: ['.notdef', '.null', 'P', 'a', 'atilde', 'b', 'c', 'ccedilla', 'd', 'e', 'eight', 'equal', 'five', 'four', 'g', 'h', 'i', 'iacute', 'k', 'l', 'm', 'n', 'nonmarkingreturn', 'o', 'oacute', 'one', 'p', 'parenleft', 'parenright', 'plus', 'r', 's', 'six', 'space', 't', 'three', 'two', 'u', 'uacute', 'v', 'x', 'z', 'zero']
2026-10-05 17:58:20,125 | INFO | fontTools.subset | Glyph IDs:   [0, 1, 2, 3, 11, 12, 14, 19, 20, 21, 22, 23, 24, 25, 27, 32, 51, 68, 69, 70, 71, 72, 74, 75, 76, 78, 79, 80, 81, 82, 83, 85, 86, 87, 88, 89, 91, 93, 165, 169, 175, 181, 188]
2026-10-05 17:58:20,126 | INFO | fontTools.subset | Closed glyph list over 'MATH': 49 glyphs after
2026-10-05 17:58:20,126 | INFO | fontTools.subset | Glyph names: ['.notdef', '.null', 'P', 'a', 'atilde', 'b', 'c', 'ccedilla', 'd', 'e', 'eight', 'equal', 'five', 'four', 'g', 'h', 'i', 'iacute', 'k', 'l', 'm', 'n', 'nonmarkingreturn', 'o', 'oacute', 'one', 'p', 'parenleft', 'parenright', 'plus', 'r', 's', 'six', 'space', 't', 'three', 'two', 'u', 'uacute', 'uni239B', 'uni239C', 'uni239D', 'uni239E', 'uni239F', 'uni23A0', 'v', 'x', 'z', 'zero']
2026-10-05 17:58:20,126 | INFO | fontTools.subset | Glyph IDs:   [0, 1, 2, 3, 11, 12, 14, 19, 20, 21, 22, 23, 24, 25, 27, 32, 51, 68, 69, 70, 71, 72, 74, 75, 76, 78, 79, 80, 81, 82, 83, 85, 86, 87, 88, 89, 91, 93, 165, 169, 175, 181, 188, 3506, 3507, 3508, 3509, 3510, 3511]
2026-10-05 17:58:20,126 | INFO | fontTools.subset | Closing glyph list over 'GSUB': 49 glyphs before
2026-10-05 17:58:20,126 | INFO | fontTools.subset | Glyph names: ['.notdef', '.null', 'P', 'a', 'atilde', 'b', 'c', 'ccedilla', 'd', 'e', 'eight', 'equal', 'five', 'four', 'g', 'h', 'i', 'iacute', 'k', 'l', 'm', 'n', 'nonmarkingreturn', 'o', 'oacute', 'one', 'p', 'parenleft', 'parenright', 'plus', 'r', 's', 'six', 'space', 't', 'three', 'two', 'u', 'uacute', 'uni239B', 'uni239C', 'uni239D', 'uni239E', 'uni239F', 'uni23A0', 'v', 'x', 'z', 'zero']
2026-10-05 17:58:20,126 | INFO | fontTools.subset | Glyph IDs:   [0, 1, 2, 3, 11, 12, 14, 19, 20, 21, 22, 23, 24, 25, 27, 32, 51, 68, 69, 70, 71, 72, 74, 75, 76, 78, 79, 80, 81, 82, 83, 85, 86, 87, 88, 89, 91, 93, 165, 169, 175, 181, 188, 3506, 3507, 3508, 3509, 3510, 3511]
2026-10-05 17:58:20,130 | INFO | fontTools.subset | Closed glyph list over 'GSUB': 49 glyphs after
2026-10-05 17:58:20,130 | INFO | fontTools.subset | Glyph names: ['.notdef', '.null', 'P', 'a', 'atilde', 'b', 'c', 'ccedilla', 'd', 'e', 'eight', 'equal', 'five', 'four', 'g', 'h', 'i', 'iacute', 'k', 'l', 'm', 'n', 'nonmarkingreturn', 'o', 'oacute', 'one', 'p', 'parenleft', 'parenright', 'plus', 'r', 's', 'six', 'space', 't', 'three', 'two', 'u', 'uacute', 'uni239B', 'uni239C', 'uni239D', 'uni239E', 'uni239F', 'uni23A0', 'v', 'x', 'z', 'zero']
2026-10-05 17:58:20,130 | INFO | fontTools.subset | Glyph IDs:   [0, 1, 2, 3, 11, 12, 14, 19, 20, 21, 22, 23, 24, 25, 27, 32, 51, 68, 69, 70, 71, 72, 74, 75, 76, 78, 79, 80, 81, 82, 83, 85, 86, 87, 88, 89, 91, 93, 165, 169, 175, 181, 188, 3506, 3507, 3508, 3509, 3510, 3511]
2026-10-05 17:58:20,130 | INFO | fontTools.subset | Closing glyph list over 'glyf': 49 glyphs before
2026-10-05 17:58:20,130 | INFO | fontTools.subset | Glyph names: ['.notdef', '.null', 'P', 'a', 'atilde', 'b', 'c', 'ccedilla', 'd', 'e', 'eight', 'equal', 'five', 'four', 'g', 'h', 'i', 'iacute', 'k', 'l', 'm', 'n', 'nonmarkingreturn', 'o', 'oacute', 'one', 'p', 'parenleft', 'parenright', 'plus', 'r', 's', 'six', 'space', 't', 'three', 'two', 'u', 'uacute', 'uni239B', 'uni239C', 'uni239D', 'uni239E', 'uni239F', 'uni23A0', 'v', 'x', 'z', 'zero']
2026-10-05 17:58:20,130 | INFO | fontTools.subset | Glyph IDs:   [0, 1, 2, 3, 11, 12, 14, 19, 20, 21, 22, 23, 24, 25, 27, 32, 51, 68, 69, 70, 71, 72, 74, 75, 76, 78, 79, 80, 81, 82, 83, 85, 86, 87, 88, 89, 91, 93, 165, 169, 175, 181, 188, 3506, 3507, 3508, 3509, 3510, 3511]
2026-10-05 17:58:20,131 | INFO | fontTools.subset | Closed glyph list over 'glyf': 53 glyphs after
2026-10-05 17:58:20,131 | INFO | fontTools.subset | Glyph names: ['.notdef', '.null', 'P', 'a', 'acute', 'atilde', 'b', 'c', 'ccedilla', 'cedilla', 'd', 'dotlessi', 'e', 'eight', 'equal', 'five', 'four', 'g', 'h', 'i', 'iacute', 'k', 'l', 'm', 'n', 'nonmarkingreturn', 'o', 'oacute', 'one', 'p', 'parenleft', 'parenright', 'plus', 'r', 's', 'six', 'space', 't', 'three', 'tilde', 'two', 'u', 'uacute', 'uni239B', 'uni239C', 'uni239D', 'uni239E', 'uni239F', 'uni23A0', 'v', 'x', 'z', 'zero']
2026-10-05 17:58:20,131 | INFO | fontTools.subset | Glyph IDs:   [0, 1, 2, 3, 11, 12, 14, 19, 20, 21, 22, 23, 24, 25, 27, 32, 51, 68, 69, 70, 71, 72, 74, 75, 76, 78, 79, 80, 81, 82, 83, 85, 86, 87, 88, 89, 91, 93, 118, 122, 165, 169, 175, 181, 188, 243, 670, 3506, 3507, 3508, 3509, 3510, 3511]
2026-10-05 17:58:20,131 | INFO | fontTools.subset | Retaining 53 glyphs
2026-10-05 17:58:20,131 | INFO | fontTools.subset | head subsetting not needed
2026-10-05 17:58:20,132 | INFO | fontTools.subset | hhea subsetting not needed
2026-10-05 17:58:20,132 | INFO | fontTools.subset | maxp subsetting not needed
2026-10-05 17:58:20,132 | INFO | fontTools.subset | OS/2 subsetting not needed
2026-10-05 17:58:20,134 | INFO | fontTools.subset | hmtx subsetted
2026-10-05 17:58:20,136 | INFO | fontTools.subset | cmap subsetted
2026-10-05 17:58:20,136 | INFO | fontTools.subset | fpgm subsetting not needed
2026-10-05 17:58:20,136 | INFO | fontTools.subset | prep subsetting not needed
2026-10-05 17:58:20,136 | INFO | fontTools.subset | cvt  subsetting not needed
2026-10-05 17:58:20,136 | INFO | fontTools.subset | loca subsetting not needed
2026-10-05 17:58:20,136 | INFO | fontTools.subset | post subsetted
2026-10-05 17:58:20,136 | INFO | fontTools.subset | gasp subsetting not needed
2026-10-05 17:58:20,137 | INFO | fontTools.subset | MATH subsetted
2026-10-05 17:58:20,138 | INFO | fontTools.subset | GDEF subsetted
2026-10-05 17:58:20,154 | INFO | fontTools.subset | GPOS subsetted
2026-10-05 17:58:20,155 | INFO | fontTools.subset | GSUB subsetted
2026-10-05 17:58:20,156 | INFO | fontTools.subset | name subsetting not needed
2026-10-05 17:58:20,157 | INFO | fontTools.subset | glyf subsetted
2026-10-05 17:58:20,157 | INFO | fontTools.subset | head pruned
2026-10-05 17:58:20,158 | INFO | fontTools.subset | OS/2 Unicode ranges pruned: [0, 1]
2026-10-05 17:58:20,158 | INFO | fontTools.subset | OS/2 CodePage ranges pruned: [0]
2026-10-05 17:58:20,158 | INFO | fontTools.subset | glyf pruned
2026-10-05 17:58:20,158 | INFO | fontTools.subset | GDEF pruned
2026-10-05 17:58:20,158 | INFO | fontTools.subset | GPOS pruned
2026-10-05 17:58:20,159 | INFO | fontTools.subset | GSUB pruned
2026-10-05 17:58:20,162 | INFO | fontTools.subset | name pruned
2026-10-05 17:58:22,435 | INFO | gender_networks.report | Relatório: 35 de 35 itens gerados, 23 macros em numeros.tex (report/relatorio)
2026-10-05 17:58:25,584 | INFO | gender_networks.cli | Etapa report concluída em 18.3 s
