2026-10-05 15:46:09,349 | INFO | gender_networks.cli | Etapa report (execução mini)
2026-10-05 15:46:10,071 | INFO | fontTools.subset | maxp pruned
2026-10-05 15:46:10,080 | INFO | fontTools.subset | cmap pruned
2026-10-05 15:46:10,081 | INFO | fontTools.subset | kern dropped
2026-10-05 15:46:10,081 | INFO | fontTools.subset | post pruned
2026-10-05 15:46:10,082 | INFO | fontTools.subset | FFTM dropped
2026-10-05 15:46:10,083 | INFO | fontTools.subset | GPOS pruned
2026-10-05 15:46:10,086 | INFO | fontTools.subset | GSUB pruned
2026-10-05 15:46:10,091 | INFO | fontTools.subset | glyf pruned
2026-10-05 15:46:10,092 | INFO | fontTools.subset | Added gid0 to subset
2026-10-05 15:46:10,092 | INFO | fontTools.subset | Added first four glyphs to subset
2026-10-05 15:46:10,092 | INFO | fontTools.subset | Closing glyph list over 'MATH': 51 glyphs before
2026-10-05 15:46:10,092 | INFO | fontTools.subset | Glyph names: ['.notdef', '.null', 'B', 'C', 'E', 'F', 'G', 'M', 'P', 'T', 'a', 'aacute', 'atilde', 'c', 'ccedilla', 'comma', 'd', 'e', 'eight', 'f', 'five', 'four', 'g', 'h', 'i', 'iacute', 'l', 'm', 'n', 'nine', 'nonmarkingreturn', 'o', 'one', 'p', 'parenleft', 'parenright', 'percent', 'period', 'q', 'r', 's', 'seven', 'six', 'space', 't', 'three', 'two', 'u', 'uacute', 'v', 'zero']
2026-10-05 15:46:10,093 | INFO | fontTools.subset | Glyph IDs:   [0, 1, 2, 3, 8, 11, 12, 15, 17, 19, 20, 21, 22, 23, 24, 25, 26, 27, 28, 37, 38, 40, 41, 42, 48, 51, 55, 68, 70, 71, 72, 73, 74, 75, 76, 79, 80, 81, 82, 83, 84, 85, 86, 87, 88, 89, 163, 165, 169, 175, 188]
2026-10-05 15:46:10,094 | INFO | fontTools.subset | Closed glyph list over 'MATH': 57 glyphs after
2026-10-05 15:46:10,094 | INFO | fontTools.subset | Glyph names: ['.notdef', '.null', 'B', 'C', 'E', 'F', 'G', 'M', 'P', 'T', 'a', 'aacute', 'atilde', 'c', 'ccedilla', 'comma', 'd', 'e', 'eight', 'f', 'five', 'four', 'g', 'h', 'i', 'iacute', 'l', 'm', 'n', 'nine', 'nonmarkingreturn', 'o', 'one', 'p', 'parenleft', 'parenright', 'percent', 'period', 'q', 'r', 's', 'seven', 'six', 'space', 't', 'three', 'two', 'u', 'uacute', 'uni239B', 'uni239C', 'uni239D', 'uni239E', 'uni239F', 'uni23A0', 'v', 'zero']
2026-10-05 15:46:10,094 | INFO | fontTools.subset | Glyph IDs:   [0, 1, 2, 3, 8, 11, 12, 15, 17, 19, 20, 21, 22, 23, 24, 25, 26, 27, 28, 37, 38, 40, 41, 42, 48, 51, 55, 68, 70, 71, 72, 73, 74, 75, 76, 79, 80, 81, 82, 83, 84, 85, 86, 87, 88, 89, 163, 165, 169, 175, 188, 3506, 3507, 3508, 3509, 3510, 3511]
2026-10-05 15:46:10,094 | INFO | fontTools.subset | Closing glyph list over 'GSUB': 57 glyphs before
2026-10-05 15:46:10,094 | INFO | fontTools.subset | Glyph names: ['.notdef', '.null', 'B', 'C', 'E', 'F', 'G', 'M', 'P', 'T', 'a', 'aacute', 'atilde', 'c', 'ccedilla', 'comma', 'd', 'e', 'eight', 'f', 'five', 'four', 'g', 'h', 'i', 'iacute', 'l', 'm', 'n', 'nine', 'nonmarkingreturn', 'o', 'one', 'p', 'parenleft', 'parenright', 'percent', 'period', 'q', 'r', 's', 'seven', 'six', 'space', 't', 'three', 'two', 'u', 'uacute', 'uni239B', 'uni239C', 'uni239D', 'uni239E', 'uni239F', 'uni23A0', 'v', 'zero']
2026-10-05 15:46:10,094 | INFO | fontTools.subset | Glyph IDs:   [0, 1, 2, 3, 8, 11, 12, 15, 17, 19, 20, 21, 22, 23, 24, 25, 26, 27, 28, 37, 38, 40, 41, 42, 48, 51, 55, 68, 70, 71, 72, 73, 74, 75, 76, 79, 80, 81, 82, 83, 84, 85, 86, 87, 88, 89, 163, 165, 169, 175, 188, 3506, 3507, 3508, 3509, 3510, 3511]
2026-10-05 15:46:10,097 | INFO | fontTools.subset | Closed glyph list over 'GSUB': 62 glyphs after
2026-10-05 15:46:10,097 | INFO | fontTools.subset | Glyph names: ['.notdef', '.null', 'B', 'C', 'E', 'F', 'G', 'M', 'P', 'T', 'a', 'aacute', 'atilde', 'c', 'ccedilla', 'comma', 'd', 'e', 'eight', 'f', 'fi', 'five', 'fl', 'four', 'g', 'h', 'i', 'iacute', 'l', 'm', 'n', 'nine', 'nonmarkingreturn', 'o', 'one', 'p', 'parenleft', 'parenright', 'percent', 'period', 'q', 'r', 's', 'seven', 'six', 'space', 't', 'three', 'two', 'u', 'uacute', 'uni239B', 'uni239C', 'uni239D', 'uni239E', 'uni239F', 'uni23A0', 'uniFB00', 'uniFB03', 'uniFB04', 'v', 'zero']
2026-10-05 15:46:10,097 | INFO | fontTools.subset | Glyph IDs:   [0, 1, 2, 3, 8, 11, 12, 15, 17, 19, 20, 21, 22, 23, 24, 25, 26, 27, 28, 37, 38, 40, 41, 42, 48, 51, 55, 68, 70, 71, 72, 73, 74, 75, 76, 79, 80, 81, 82, 83, 84, 85, 86, 87, 88, 89, 163, 165, 169, 175, 188, 3506, 3507, 3508, 3509, 3510, 3511, 5038, 5039, 5040, 5041, 5042]
2026-10-05 15:46:10,098 | INFO | fontTools.subset | Closing glyph list over 'glyf': 62 glyphs before
2026-10-05 15:46:10,098 | INFO | fontTools.subset | Glyph names: ['.notdef', '.null', 'B', 'C', 'E', 'F', 'G', 'M', 'P', 'T', 'a', 'aacute', 'atilde', 'c', 'ccedilla', 'comma', 'd', 'e', 'eight', 'f', 'fi', 'five', 'fl', 'four', 'g', 'h', 'i', 'iacute', 'l', 'm', 'n', 'nine', 'nonmarkingreturn', 'o', 'one', 'p', 'parenleft', 'parenright', 'percent', 'period', 'q', 'r', 's', 'seven', 'six', 'space', 't', 'three', 'two', 'u', 'uacute', 'uni239B', 'uni239C', 'uni239D', 'uni239E', 'uni239F', 'uni23A0', 'uniFB00', 'uniFB03', 'uniFB04', 'v', 'zero']
2026-10-05 15:46:10,098 | INFO | fontTools.subset | Glyph IDs:   [0, 1, 2, 3, 8, 11, 12, 15, 17, 19, 20, 21, 22, 23, 24, 25, 26, 27, 28, 37, 38, 40, 41, 42, 48, 51, 55, 68, 70, 71, 72, 73, 74, 75, 76, 79, 80, 81, 82, 83, 84, 85, 86, 87, 88, 89, 163, 165, 169, 175, 188, 3506, 3507, 3508, 3509, 3510, 3511, 5038, 5039, 5040, 5041, 5042]
2026-10-05 15:46:10,098 | INFO | fontTools.subset | Closed glyph list over 'glyf': 66 glyphs after
2026-10-05 15:46:10,098 | INFO | fontTools.subset | Glyph names: ['.notdef', '.null', 'B', 'C', 'E', 'F', 'G', 'M', 'P', 'T', 'a', 'aacute', 'acute', 'atilde', 'c', 'ccedilla', 'cedilla', 'comma', 'd', 'dotlessi', 'e', 'eight', 'f', 'fi', 'five', 'fl', 'four', 'g', 'h', 'i', 'iacute', 'l', 'm', 'n', 'nine', 'nonmarkingreturn', 'o', 'one', 'p', 'parenleft', 'parenright', 'percent', 'period', 'q', 'r', 's', 'seven', 'six', 'space', 't', 'three', 'tilde', 'two', 'u', 'uacute', 'uni239B', 'uni239C', 'uni239D', 'uni239E', 'uni239F', 'uni23A0', 'uniFB00', 'uniFB03', 'uniFB04', 'v', 'zero']
2026-10-05 15:46:10,098 | INFO | fontTools.subset | Glyph IDs:   [0, 1, 2, 3, 8, 11, 12, 15, 17, 19, 20, 21, 22, 23, 24, 25, 26, 27, 28, 37, 38, 40, 41, 42, 48, 51, 55, 68, 70, 71, 72, 73, 74, 75, 76, 79, 80, 81, 82, 83, 84, 85, 86, 87, 88, 89, 118, 122, 163, 165, 169, 175, 188, 243, 670, 3506, 3507, 3508, 3509, 3510, 3511, 5038, 5039, 5040, 5041, 5042]
2026-10-05 15:46:10,098 | INFO | fontTools.subset | Retaining 66 glyphs
2026-10-05 15:46:10,099 | INFO | fontTools.subset | head subsetting not needed
2026-10-05 15:46:10,099 | INFO | fontTools.subset | hhea subsetting not needed
2026-10-05 15:46:10,099 | INFO | fontTools.subset | maxp subsetting not needed
2026-10-05 15:46:10,099 | INFO | fontTools.subset | OS/2 subsetting not needed
2026-10-05 15:46:10,102 | INFO | fontTools.subset | hmtx subsetted
2026-10-05 15:46:10,104 | INFO | fontTools.subset | cmap subsetted
2026-10-05 15:46:10,104 | INFO | fontTools.subset | fpgm subsetting not needed
2026-10-05 15:46:10,104 | INFO | fontTools.subset | prep subsetting not needed
2026-10-05 15:46:10,104 | INFO | fontTools.subset | cvt  subsetting not needed
2026-10-05 15:46:10,104 | INFO | fontTools.subset | loca subsetting not needed
2026-10-05 15:46:10,104 | INFO | fontTools.subset | post subsetted
2026-10-05 15:46:10,104 | INFO | fontTools.subset | gasp subsetting not needed
2026-10-05 15:46:10,104 | INFO | fontTools.subset | MATH subsetted
2026-10-05 15:46:10,106 | INFO | fontTools.subset | GDEF subsetted
2026-10-05 15:46:10,122 | INFO | fontTools.subset | GPOS subsetted
2026-10-05 15:46:10,123 | INFO | fontTools.subset | GSUB subsetted
2026-10-05 15:46:10,123 | INFO | fontTools.subset | name subsetting not needed
2026-10-05 15:46:10,124 | INFO | fontTools.subset | glyf subsetted
2026-10-05 15:46:10,125 | INFO | fontTools.subset | head pruned
2026-10-05 15:46:10,125 | INFO | fontTools.subset | OS/2 Unicode ranges pruned: [0, 1]
2026-10-05 15:46:10,125 | INFO | fontTools.subset | OS/2 CodePage ranges pruned: [0]
2026-10-05 15:46:10,126 | INFO | fontTools.subset | glyf pruned
2026-10-05 15:46:10,126 | INFO | fontTools.subset | GDEF pruned
2026-10-05 15:46:10,126 | INFO | fontTools.subset | GPOS pruned
2026-10-05 15:46:10,126 | INFO | fontTools.subset | GSUB pruned
2026-10-05 15:46:10,132 | INFO | fontTools.subset | name pruned
2026-10-05 15:46:10,141 | INFO | fontTools.subset | maxp pruned
2026-10-05 15:46:10,149 | INFO | fontTools.subset | cmap pruned
2026-10-05 15:46:10,149 | INFO | fontTools.subset | kern dropped
2026-10-05 15:46:10,149 | INFO | fontTools.subset | post pruned
2026-10-05 15:46:10,149 | INFO | fontTools.subset | FFTM dropped
2026-10-05 15:46:10,150 | INFO | fontTools.subset | GPOS pruned
2026-10-05 15:46:10,153 | INFO | fontTools.subset | GSUB pruned
2026-10-05 15:46:10,158 | INFO | fontTools.subset | glyf pruned
2026-10-05 15:46:10,159 | INFO | fontTools.subset | Added gid0 to subset
2026-10-05 15:46:10,159 | INFO | fontTools.subset | Added first four glyphs to subset
2026-10-05 15:46:10,159 | INFO | fontTools.subset | Closing glyph list over 'MATH': 5 glyphs before
2026-10-05 15:46:10,159 | INFO | fontTools.subset | Glyph names: ['.notdef', '.null', 'fi', 'nonmarkingreturn', 'space']
2026-10-05 15:46:10,160 | INFO | fontTools.subset | Glyph IDs:   [0, 1, 2, 3, 5039]
2026-10-05 15:46:10,161 | INFO | fontTools.subset | Closed glyph list over 'MATH': 5 glyphs after
2026-10-05 15:46:10,161 | INFO | fontTools.subset | Glyph names: ['.notdef', '.null', 'fi', 'nonmarkingreturn', 'space']
2026-10-05 15:46:10,161 | INFO | fontTools.subset | Glyph IDs:   [0, 1, 2, 3, 5039]
2026-10-05 15:46:10,161 | INFO | fontTools.subset | Closing glyph list over 'GSUB': 5 glyphs before
2026-10-05 15:46:10,161 | INFO | fontTools.subset | Glyph names: ['.notdef', '.null', 'fi', 'nonmarkingreturn', 'space']
2026-10-05 15:46:10,161 | INFO | fontTools.subset | Glyph IDs:   [0, 1, 2, 3, 5039]
2026-10-05 15:46:10,162 | INFO | fontTools.subset | Closed glyph list over 'GSUB': 5 glyphs after
2026-10-05 15:46:10,162 | INFO | fontTools.subset | Glyph names: ['.notdef', '.null', 'fi', 'nonmarkingreturn', 'space']
2026-10-05 15:46:10,163 | INFO | fontTools.subset | Glyph IDs:   [0, 1, 2, 3, 5039]
2026-10-05 15:46:10,163 | INFO | fontTools.subset | Closing glyph list over 'glyf': 5 glyphs before
2026-10-05 15:46:10,163 | INFO | fontTools.subset | Glyph names: ['.notdef', '.null', 'fi', 'nonmarkingreturn', 'space']
2026-10-05 15:46:10,163 | INFO | fontTools.subset | Glyph IDs:   [0, 1, 2, 3, 5039]
2026-10-05 15:46:10,163 | INFO | fontTools.subset | Closed glyph list over 'glyf': 5 glyphs after
2026-10-05 15:46:10,163 | INFO | fontTools.subset | Glyph names: ['.notdef', '.null', 'fi', 'nonmarkingreturn', 'space']
2026-10-05 15:46:10,163 | INFO | fontTools.subset | Glyph IDs:   [0, 1, 2, 3, 5039]
2026-10-05 15:46:10,163 | INFO | fontTools.subset | Retaining 5 glyphs
2026-10-05 15:46:10,164 | INFO | fontTools.subset | head subsetting not needed
2026-10-05 15:46:10,164 | INFO | fontTools.subset | hhea subsetting not needed
2026-10-05 15:46:10,164 | INFO | fontTools.subset | maxp subsetting not needed
2026-10-05 15:46:10,164 | INFO | fontTools.subset | OS/2 subsetting not needed
2026-10-05 15:46:10,166 | INFO | fontTools.subset | hmtx subsetted
2026-10-05 15:46:10,168 | INFO | fontTools.subset | cmap subsetted
2026-10-05 15:46:10,168 | INFO | fontTools.subset | fpgm subsetting not needed
2026-10-05 15:46:10,168 | INFO | fontTools.subset | prep subsetting not needed
2026-10-05 15:46:10,168 | INFO | fontTools.subset | cvt  subsetting not needed
2026-10-05 15:46:10,168 | INFO | fontTools.subset | loca subsetting not needed
2026-10-05 15:46:10,168 | INFO | fontTools.subset | post subsetted
2026-10-05 15:46:10,168 | INFO | fontTools.subset | gasp subsetting not needed
2026-10-05 15:46:10,168 | INFO | fontTools.subset | MATH subsetted
2026-10-05 15:46:10,170 | INFO | fontTools.subset | GDEF subsetted
2026-10-05 15:46:10,185 | INFO | fontTools.subset | GPOS subsetted
2026-10-05 15:46:10,186 | INFO | fontTools.subset | GSUB subsetted
2026-10-05 15:46:10,186 | INFO | fontTools.subset | name subsetting not needed
2026-10-05 15:46:10,187 | INFO | fontTools.subset | glyf subsetted
2026-10-05 15:46:10,187 | INFO | fontTools.subset | head pruned
2026-10-05 15:46:10,188 | INFO | fontTools.subset | OS/2 Unicode ranges pruned: [62]
2026-10-05 15:46:10,188 | INFO | fontTools.subset | OS/2 CodePage ranges pruned: [0]
2026-10-05 15:46:10,188 | INFO | fontTools.subset | glyf pruned
2026-10-05 15:46:10,188 | INFO | fontTools.subset | GDEF pruned
2026-10-05 15:46:10,188 | INFO | fontTools.subset | GPOS pruned
2026-10-05 15:46:10,188 | INFO | fontTools.subset | GSUB pruned
2026-10-05 15:46:10,190 | INFO | fontTools.subset | name pruned
2026-10-05 15:46:10,584 | INFO | fontTools.subset | maxp pruned
2026-10-05 15:46:10,592 | INFO | fontTools.subset | cmap pruned
2026-10-05 15:46:10,593 | INFO | fontTools.subset | kern dropped
2026-10-05 15:46:10,593 | INFO | fontTools.subset | post pruned
2026-10-05 15:46:10,593 | INFO | fontTools.subset | FFTM dropped
2026-10-05 15:46:10,594 | INFO | fontTools.subset | GPOS pruned
2026-10-05 15:46:10,597 | INFO | fontTools.subset | GSUB pruned
2026-10-05 15:46:10,602 | INFO | fontTools.subset | glyf pruned
2026-10-05 15:46:10,603 | INFO | fontTools.subset | Added gid0 to subset
2026-10-05 15:46:10,603 | INFO | fontTools.subset | Added first four glyphs to subset
2026-10-05 15:46:10,603 | INFO | fontTools.subset | Closing glyph list over 'MATH': 45 glyphs before
2026-10-05 15:46:10,604 | INFO | fontTools.subset | Glyph names: ['.notdef', '.null', 'B', 'C', 'E', 'F', 'G', 'M', 'P', 'a', 'aacute', 'atilde', 'b', 'c', 'ccedilla', 'd', 'e', 'eight', 'f', 'five', 'four', 'g', 'i', 'iacute', 'l', 'm', 'n', 'nine', 'nonmarkingreturn', 'o', 'one', 'p', 'parenleft', 'parenright', 'r', 's', 'seven', 'six', 'space', 't', 'three', 'two', 'u', 'uacute', 'zero']
2026-10-05 15:46:10,604 | INFO | fontTools.subset | Glyph IDs:   [0, 1, 2, 3, 11, 12, 19, 20, 21, 22, 23, 24, 25, 26, 27, 28, 37, 38, 40, 41, 42, 48, 51, 68, 69, 70, 71, 72, 73, 74, 76, 79, 80, 81, 82, 83, 85, 86, 87, 88, 163, 165, 169, 175, 188]
2026-10-05 15:46:10,605 | INFO | fontTools.subset | Closed glyph list over 'MATH': 51 glyphs after
2026-10-05 15:46:10,605 | INFO | fontTools.subset | Glyph names: ['.notdef', '.null', 'B', 'C', 'E', 'F', 'G', 'M', 'P', 'a', 'aacute', 'atilde', 'b', 'c', 'ccedilla', 'd', 'e', 'eight', 'f', 'five', 'four', 'g', 'i', 'iacute', 'l', 'm', 'n', 'nine', 'nonmarkingreturn', 'o', 'one', 'p', 'parenleft', 'parenright', 'r', 's', 'seven', 'six', 'space', 't', 'three', 'two', 'u', 'uacute', 'uni239B', 'uni239C', 'uni239D', 'uni239E', 'uni239F', 'uni23A0', 'zero']
2026-10-05 15:46:10,605 | INFO | fontTools.subset | Glyph IDs:   [0, 1, 2, 3, 11, 12, 19, 20, 21, 22, 23, 24, 25, 26, 27, 28, 37, 38, 40, 41, 42, 48, 51, 68, 69, 70, 71, 72, 73, 74, 76, 79, 80, 81, 82, 83, 85, 86, 87, 88, 163, 165, 169, 175, 188, 3506, 3507, 3508, 3509, 3510, 3511]
2026-10-05 15:46:10,605 | INFO | fontTools.subset | Closing glyph list over 'GSUB': 51 glyphs before
2026-10-05 15:46:10,605 | INFO | fontTools.subset | Glyph names: ['.notdef', '.null', 'B', 'C', 'E', 'F', 'G', 'M', 'P', 'a', 'aacute', 'atilde', 'b', 'c', 'ccedilla', 'd', 'e', 'eight', 'f', 'five', 'four', 'g', 'i', 'iacute', 'l', 'm', 'n', 'nine', 'nonmarkingreturn', 'o', 'one', 'p', 'parenleft', 'parenright', 'r', 's', 'seven', 'six', 'space', 't', 'three', 'two', 'u', 'uacute', 'uni239B', 'uni239C', 'uni239D', 'uni239E', 'uni239F', 'uni23A0', 'zero']
2026-10-05 15:46:10,605 | INFO | fontTools.subset | Glyph IDs:   [0, 1, 2, 3, 11, 12, 19, 20, 21, 22, 23, 24, 25, 26, 27, 28, 37, 38, 40, 41, 42, 48, 51, 68, 69, 70, 71, 72, 73, 74, 76, 79, 80, 81, 82, 83, 85, 86, 87, 88, 163, 165, 169, 175, 188, 3506, 3507, 3508, 3509, 3510, 3511]
2026-10-05 15:46:10,608 | INFO | fontTools.subset | Closed glyph list over 'GSUB': 56 glyphs after
2026-10-05 15:46:10,608 | INFO | fontTools.subset | Glyph names: ['.notdef', '.null', 'B', 'C', 'E', 'F', 'G', 'M', 'P', 'a', 'aacute', 'atilde', 'b', 'c', 'ccedilla', 'd', 'e', 'eight', 'f', 'fi', 'five', 'fl', 'four', 'g', 'i', 'iacute', 'l', 'm', 'n', 'nine', 'nonmarkingreturn', 'o', 'one', 'p', 'parenleft', 'parenright', 'r', 's', 'seven', 'six', 'space', 't', 'three', 'two', 'u', 'uacute', 'uni239B', 'uni239C', 'uni239D', 'uni239E', 'uni239F', 'uni23A0', 'uniFB00', 'uniFB03', 'uniFB04', 'zero']
2026-10-05 15:46:10,608 | INFO | fontTools.subset | Glyph IDs:   [0, 1, 2, 3, 11, 12, 19, 20, 21, 22, 23, 24, 25, 26, 27, 28, 37, 38, 40, 41, 42, 48, 51, 68, 69, 70, 71, 72, 73, 74, 76, 79, 80, 81, 82, 83, 85, 86, 87, 88, 163, 165, 169, 175, 188, 3506, 3507, 3508, 3509, 3510, 3511, 5038, 5039, 5040, 5041, 5042]
2026-10-05 15:46:10,609 | INFO | fontTools.subset | Closing glyph list over 'glyf': 56 glyphs before
2026-10-05 15:46:10,609 | INFO | fontTools.subset | Glyph names: ['.notdef', '.null', 'B', 'C', 'E', 'F', 'G', 'M', 'P', 'a', 'aacute', 'atilde', 'b', 'c', 'ccedilla', 'd', 'e', 'eight', 'f', 'fi', 'five', 'fl', 'four', 'g', 'i', 'iacute', 'l', 'm', 'n', 'nine', 'nonmarkingreturn', 'o', 'one', 'p', 'parenleft', 'parenright', 'r', 's', 'seven', 'six', 'space', 't', 'three', 'two', 'u', 'uacute', 'uni239B', 'uni239C', 'uni239D', 'uni239E', 'uni239F', 'uni23A0', 'uniFB00', 'uniFB03', 'uniFB04', 'zero']
2026-10-05 15:46:10,609 | INFO | fontTools.subset | Glyph IDs:   [0, 1, 2, 3, 11, 12, 19, 20, 21, 22, 23, 24, 25, 26, 27, 28, 37, 38, 40, 41, 42, 48, 51, 68, 69, 70, 71, 72, 73, 74, 76, 79, 80, 81, 82, 83, 85, 86, 87, 88, 163, 165, 169, 175, 188, 3506, 3507, 3508, 3509, 3510, 3511, 5038, 5039, 5040, 5041, 5042]
2026-10-05 15:46:10,609 | INFO | fontTools.subset | Closed glyph list over 'glyf': 60 glyphs after
2026-10-05 15:46:10,609 | INFO | fontTools.subset | Glyph names: ['.notdef', '.null', 'B', 'C', 'E', 'F', 'G', 'M', 'P', 'a', 'aacute', 'acute', 'atilde', 'b', 'c', 'ccedilla', 'cedilla', 'd', 'dotlessi', 'e', 'eight', 'f', 'fi', 'five', 'fl', 'four', 'g', 'i', 'iacute', 'l', 'm', 'n', 'nine', 'nonmarkingreturn', 'o', 'one', 'p', 'parenleft', 'parenright', 'r', 's', 'seven', 'six', 'space', 't', 'three', 'tilde', 'two', 'u', 'uacute', 'uni239B', 'uni239C', 'uni239D', 'uni239E', 'uni239F', 'uni23A0', 'uniFB00', 'uniFB03', 'uniFB04', 'zero']
2026-10-05 15:46:10,609 | INFO | fontTools.subset | Glyph IDs:   [0, 1, 2, 3, 11, 12, 19, 20, 21, 22, 23, 24, 25, 26, 27, 28, 37, 38, 40, 41, 42, 48, 51, 68, 69, 70, 71, 72, 73, 74, 76, 79, 80, 81, 82, 83, 85, 86, 87, 88, 118, 122, 163, 165, 169, 175, 188, 243, 670, 3506, 3507, 3508, 3509, 3510, 3511, 5038, 5039, 5040, 5041, 5042]
2026-10-05 15:46:10,609 | INFO | fontTools.subset | Retaining 60 glyphs
2026-10-05 15:46:10,610 | INFO | fontTools.subset | head subsetting not needed
2026-10-05 15:46:10,610 | INFO | fontTools.subset | hhea subsetting not needed
2026-10-05 15:46:10,610 | INFO | fontTools.subset | maxp subsetting not needed
2026-10-05 15:46:10,610 | INFO | fontTools.subset | OS/2 subsetting not needed
2026-10-05 15:46:10,613 | INFO | fontTools.subset | hmtx subsetted
2026-10-05 15:46:10,615 | INFO | fontTools.subset | cmap subsetted
2026-10-05 15:46:10,615 | INFO | fontTools.subset | fpgm subsetting not needed
2026-10-05 15:46:10,615 | INFO | fontTools.subset | prep subsetting not needed
2026-10-05 15:46:10,615 | INFO | fontTools.subset | cvt  subsetting not needed
2026-10-05 15:46:10,615 | INFO | fontTools.subset | loca subsetting not needed
2026-10-05 15:46:10,615 | INFO | fontTools.subset | post subsetted
2026-10-05 15:46:10,615 | INFO | fontTools.subset | gasp subsetting not needed
2026-10-05 15:46:10,615 | INFO | fontTools.subset | MATH subsetted
2026-10-05 15:46:10,617 | INFO | fontTools.subset | GDEF subsetted
2026-10-05 15:46:10,633 | INFO | fontTools.subset | GPOS subsetted
2026-10-05 15:46:10,634 | INFO | fontTools.subset | GSUB subsetted
2026-10-05 15:46:10,634 | INFO | fontTools.subset | name subsetting not needed
2026-10-05 15:46:10,636 | INFO | fontTools.subset | glyf subsetted
2026-10-05 15:46:10,636 | INFO | fontTools.subset | head pruned
2026-10-05 15:46:10,636 | INFO | fontTools.subset | OS/2 Unicode ranges pruned: [0, 1]
2026-10-05 15:46:10,636 | INFO | fontTools.subset | OS/2 CodePage ranges pruned: [0]
2026-10-05 15:46:10,637 | INFO | fontTools.subset | glyf pruned
2026-10-05 15:46:10,637 | INFO | fontTools.subset | GDEF pruned
2026-10-05 15:46:10,637 | INFO | fontTools.subset | GPOS pruned
2026-10-05 15:46:10,637 | INFO | fontTools.subset | GSUB pruned
2026-10-05 15:46:10,642 | INFO | fontTools.subset | name pruned
2026-10-05 15:46:10,649 | INFO | fontTools.subset | maxp pruned
2026-10-05 15:46:10,658 | INFO | fontTools.subset | cmap pruned
2026-10-05 15:46:10,658 | INFO | fontTools.subset | kern dropped
2026-10-05 15:46:10,658 | INFO | fontTools.subset | post pruned
2026-10-05 15:46:10,658 | INFO | fontTools.subset | FFTM dropped
2026-10-05 15:46:10,659 | INFO | fontTools.subset | GPOS pruned
2026-10-05 15:46:10,662 | INFO | fontTools.subset | GSUB pruned
2026-10-05 15:46:10,670 | INFO | fontTools.subset | glyf pruned
2026-10-05 15:46:10,671 | INFO | fontTools.subset | Added gid0 to subset
2026-10-05 15:46:10,671 | INFO | fontTools.subset | Added first four glyphs to subset
2026-10-05 15:46:10,671 | INFO | fontTools.subset | Closing glyph list over 'MATH': 5 glyphs before
2026-10-05 15:46:10,671 | INFO | fontTools.subset | Glyph names: ['.notdef', '.null', 'fi', 'nonmarkingreturn', 'space']
2026-10-05 15:46:10,672 | INFO | fontTools.subset | Glyph IDs:   [0, 1, 2, 3, 5039]
2026-10-05 15:46:10,673 | INFO | fontTools.subset | Closed glyph list over 'MATH': 5 glyphs after
2026-10-05 15:46:10,673 | INFO | fontTools.subset | Glyph names: ['.notdef', '.null', 'fi', 'nonmarkingreturn', 'space']
2026-10-05 15:46:10,673 | INFO | fontTools.subset | Glyph IDs:   [0, 1, 2, 3, 5039]
2026-10-05 15:46:10,673 | INFO | fontTools.subset | Closing glyph list over 'GSUB': 5 glyphs before
2026-10-05 15:46:10,673 | INFO | fontTools.subset | Glyph names: ['.notdef', '.null', 'fi', 'nonmarkingreturn', 'space']
2026-10-05 15:46:10,673 | INFO | fontTools.subset | Glyph IDs:   [0, 1, 2, 3, 5039]
2026-10-05 15:46:10,674 | INFO | fontTools.subset | Closed glyph list over 'GSUB': 5 glyphs after
2026-10-05 15:46:10,674 | INFO | fontTools.subset | Glyph names: ['.notdef', '.null', 'fi', 'nonmarkingreturn', 'space']
2026-10-05 15:46:10,674 | INFO | fontTools.subset | Glyph IDs:   [0, 1, 2, 3, 5039]
2026-10-05 15:46:10,674 | INFO | fontTools.subset | Closing glyph list over 'glyf': 5 glyphs before
2026-10-05 15:46:10,675 | INFO | fontTools.subset | Glyph names: ['.notdef', '.null', 'fi', 'nonmarkingreturn', 'space']
2026-10-05 15:46:10,675 | INFO | fontTools.subset | Glyph IDs:   [0, 1, 2, 3, 5039]
2026-10-05 15:46:10,675 | INFO | fontTools.subset | Closed glyph list over 'glyf': 5 glyphs after
2026-10-05 15:46:10,675 | INFO | fontTools.subset | Glyph names: ['.notdef', '.null', 'fi', 'nonmarkingreturn', 'space']
2026-10-05 15:46:10,675 | INFO | fontTools.subset | Glyph IDs:   [0, 1, 2, 3, 5039]
2026-10-05 15:46:10,675 | INFO | fontTools.subset | Retaining 5 glyphs
2026-10-05 15:46:10,676 | INFO | fontTools.subset | head subsetting not needed
2026-10-05 15:46:10,676 | INFO | fontTools.subset | hhea subsetting not needed
2026-10-05 15:46:10,676 | INFO | fontTools.subset | maxp subsetting not needed
2026-10-05 15:46:10,676 | INFO | fontTools.subset | OS/2 subsetting not needed
2026-10-05 15:46:10,678 | INFO | fontTools.subset | hmtx subsetted
2026-10-05 15:46:10,680 | INFO | fontTools.subset | cmap subsetted
2026-10-05 15:46:10,680 | INFO | fontTools.subset | fpgm subsetting not needed
2026-10-05 15:46:10,680 | INFO | fontTools.subset | prep subsetting not needed
2026-10-05 15:46:10,680 | INFO | fontTools.subset | cvt  subsetting not needed
2026-10-05 15:46:10,680 | INFO | fontTools.subset | loca subsetting not needed
2026-10-05 15:46:10,680 | INFO | fontTools.subset | post subsetted
2026-10-05 15:46:10,680 | INFO | fontTools.subset | gasp subsetting not needed
2026-10-05 15:46:10,681 | INFO | fontTools.subset | MATH subsetted
2026-10-05 15:46:10,682 | INFO | fontTools.subset | GDEF subsetted
2026-10-05 15:46:10,697 | INFO | fontTools.subset | GPOS subsetted
2026-10-05 15:46:10,698 | INFO | fontTools.subset | GSUB subsetted
2026-10-05 15:46:10,698 | INFO | fontTools.subset | name subsetting not needed
2026-10-05 15:46:10,699 | INFO | fontTools.subset | glyf subsetted
2026-10-05 15:46:10,700 | INFO | fontTools.subset | head pruned
2026-10-05 15:46:10,700 | INFO | fontTools.subset | OS/2 Unicode ranges pruned: [62]
2026-10-05 15:46:10,700 | INFO | fontTools.subset | OS/2 CodePage ranges pruned: [0]
2026-10-05 15:46:10,700 | INFO | fontTools.subset | glyf pruned
2026-10-05 15:46:10,700 | INFO | fontTools.subset | GDEF pruned
2026-10-05 15:46:10,700 | INFO | fontTools.subset | GPOS pruned
2026-10-05 15:46:10,701 | INFO | fontTools.subset | GSUB pruned
2026-10-05 15:46:10,702 | INFO | fontTools.subset | name pruned
2026-10-05 15:46:11,004 | INFO | fontTools.subset | maxp pruned
2026-10-05 15:46:11,013 | INFO | fontTools.subset | cmap pruned
2026-10-05 15:46:11,013 | INFO | fontTools.subset | kern dropped
2026-10-05 15:46:11,013 | INFO | fontTools.subset | post pruned
2026-10-05 15:46:11,013 | INFO | fontTools.subset | FFTM dropped
2026-10-05 15:46:11,014 | INFO | fontTools.subset | GPOS pruned
2026-10-05 15:46:11,018 | INFO | fontTools.subset | GSUB pruned
2026-10-05 15:46:11,023 | INFO | fontTools.subset | glyf pruned
2026-10-05 15:46:11,024 | INFO | fontTools.subset | Added gid0 to subset
2026-10-05 15:46:11,024 | INFO | fontTools.subset | Added first four glyphs to subset
2026-10-05 15:46:11,024 | INFO | fontTools.subset | Closing glyph list over 'MATH': 47 glyphs before
2026-10-05 15:46:11,024 | INFO | fontTools.subset | Glyph names: ['.notdef', '.null', 'C', 'E', 'F', 'T', 'a', 'atilde', 'c', 'ccedilla', 'd', 'e', 'ecircumflex', 'eight', 'f', 'five', 'four', 'g', 'i', 'iacute', 'k', 'l', 'm', 'n', 'nine', 'nonmarkingreturn', 'o', 'one', 'p', 'parenleft', 'parenright', 'period', 'q', 'r', 's', 'seven', 'six', 'space', 't', 'three', 'two', 'u', 'uacute', 'underscore', 'v', 'x', 'zero']
2026-10-05 15:46:11,025 | INFO | fontTools.subset | Glyph IDs:   [0, 1, 2, 3, 11, 12, 17, 19, 20, 21, 22, 23, 24, 25, 26, 27, 28, 38, 40, 41, 55, 66, 68, 70, 71, 72, 73, 74, 76, 78, 79, 80, 81, 82, 83, 84, 85, 86, 87, 88, 89, 91, 165, 169, 172, 175, 188]
2026-10-05 15:46:11,026 | INFO | fontTools.subset | Closed glyph list over 'MATH': 53 glyphs after
2026-10-05 15:46:11,026 | INFO | fontTools.subset | Glyph names: ['.notdef', '.null', 'C', 'E', 'F', 'T', 'a', 'atilde', 'c', 'ccedilla', 'd', 'e', 'ecircumflex', 'eight', 'f', 'five', 'four', 'g', 'i', 'iacute', 'k', 'l', 'm', 'n', 'nine', 'nonmarkingreturn', 'o', 'one', 'p', 'parenleft', 'parenright', 'period', 'q', 'r', 's', 'seven', 'six', 'space', 't', 'three', 'two', 'u', 'uacute', 'underscore', 'uni239B', 'uni239C', 'uni239D', 'uni239E', 'uni239F', 'uni23A0', 'v', 'x', 'zero']
2026-10-05 15:46:11,026 | INFO | fontTools.subset | Glyph IDs:   [0, 1, 2, 3, 11, 12, 17, 19, 20, 21, 22, 23, 24, 25, 26, 27, 28, 38, 40, 41, 55, 66, 68, 70, 71, 72, 73, 74, 76, 78, 79, 80, 81, 82, 83, 84, 85, 86, 87, 88, 89, 91, 165, 169, 172, 175, 188, 3506, 3507, 3508, 3509, 3510, 3511]
2026-10-05 15:46:11,026 | INFO | fontTools.subset | Closing glyph list over 'GSUB': 53 glyphs before
2026-10-05 15:46:11,026 | INFO | fontTools.subset | Glyph names: ['.notdef', '.null', 'C', 'E', 'F', 'T', 'a', 'atilde', 'c', 'ccedilla', 'd', 'e', 'ecircumflex', 'eight', 'f', 'five', 'four', 'g', 'i', 'iacute', 'k', 'l', 'm', 'n', 'nine', 'nonmarkingreturn', 'o', 'one', 'p', 'parenleft', 'parenright', 'period', 'q', 'r', 's', 'seven', 'six', 'space', 't', 'three', 'two', 'u', 'uacute', 'underscore', 'uni239B', 'uni239C', 'uni239D', 'uni239E', 'uni239F', 'uni23A0', 'v', 'x', 'zero']
2026-10-05 15:46:11,026 | INFO | fontTools.subset | Glyph IDs:   [0, 1, 2, 3, 11, 12, 17, 19, 20, 21, 22, 23, 24, 25, 26, 27, 28, 38, 40, 41, 55, 66, 68, 70, 71, 72, 73, 74, 76, 78, 79, 80, 81, 82, 83, 84, 85, 86, 87, 88, 89, 91, 165, 169, 172, 175, 188, 3506, 3507, 3508, 3509, 3510, 3511]
2026-10-05 15:46:11,029 | INFO | fontTools.subset | Closed glyph list over 'GSUB': 58 glyphs after
2026-10-05 15:46:11,029 | INFO | fontTools.subset | Glyph names: ['.notdef', '.null', 'C', 'E', 'F', 'T', 'a', 'atilde', 'c', 'ccedilla', 'd', 'e', 'ecircumflex', 'eight', 'f', 'fi', 'five', 'fl', 'four', 'g', 'i', 'iacute', 'k', 'l', 'm', 'n', 'nine', 'nonmarkingreturn', 'o', 'one', 'p', 'parenleft', 'parenright', 'period', 'q', 'r', 's', 'seven', 'six', 'space', 't', 'three', 'two', 'u', 'uacute', 'underscore', 'uni239B', 'uni239C', 'uni239D', 'uni239E', 'uni239F', 'uni23A0', 'uniFB00', 'uniFB03', 'uniFB04', 'v', 'x', 'zero']
2026-10-05 15:46:11,029 | INFO | fontTools.subset | Glyph IDs:   [0, 1, 2, 3, 11, 12, 17, 19, 20, 21, 22, 23, 24, 25, 26, 27, 28, 38, 40, 41, 55, 66, 68, 70, 71, 72, 73, 74, 76, 78, 79, 80, 81, 82, 83, 84, 85, 86, 87, 88, 89, 91, 165, 169, 172, 175, 188, 3506, 3507, 3508, 3509, 3510, 3511, 5038, 5039, 5040, 5041, 5042]
2026-10-05 15:46:11,029 | INFO | fontTools.subset | Closing glyph list over 'glyf': 58 glyphs before
2026-10-05 15:46:11,029 | INFO | fontTools.subset | Glyph names: ['.notdef', '.null', 'C', 'E', 'F', 'T', 'a', 'atilde', 'c', 'ccedilla', 'd', 'e', 'ecircumflex', 'eight', 'f', 'fi', 'five', 'fl', 'four', 'g', 'i', 'iacute', 'k', 'l', 'm', 'n', 'nine', 'nonmarkingreturn', 'o', 'one', 'p', 'parenleft', 'parenright', 'period', 'q', 'r', 's', 'seven', 'six', 'space', 't', 'three', 'two', 'u', 'uacute', 'underscore', 'uni239B', 'uni239C', 'uni239D', 'uni239E', 'uni239F', 'uni23A0', 'uniFB00', 'uniFB03', 'uniFB04', 'v', 'x', 'zero']
2026-10-05 15:46:11,029 | INFO | fontTools.subset | Glyph IDs:   [0, 1, 2, 3, 11, 12, 17, 19, 20, 21, 22, 23, 24, 25, 26, 27, 28, 38, 40, 41, 55, 66, 68, 70, 71, 72, 73, 74, 76, 78, 79, 80, 81, 82, 83, 84, 85, 86, 87, 88, 89, 91, 165, 169, 172, 175, 188, 3506, 3507, 3508, 3509, 3510, 3511, 5038, 5039, 5040, 5041, 5042]
2026-10-05 15:46:11,029 | INFO | fontTools.subset | Closed glyph list over 'glyf': 63 glyphs after
2026-10-05 15:46:11,029 | INFO | fontTools.subset | Glyph names: ['.notdef', '.null', 'C', 'E', 'F', 'T', 'a', 'acute', 'atilde', 'c', 'ccedilla', 'cedilla', 'circumflex', 'd', 'dotlessi', 'e', 'ecircumflex', 'eight', 'f', 'fi', 'five', 'fl', 'four', 'g', 'i', 'iacute', 'k', 'l', 'm', 'n', 'nine', 'nonmarkingreturn', 'o', 'one', 'p', 'parenleft', 'parenright', 'period', 'q', 'r', 's', 'seven', 'six', 'space', 't', 'three', 'tilde', 'two', 'u', 'uacute', 'underscore', 'uni239B', 'uni239C', 'uni239D', 'uni239E', 'uni239F', 'uni23A0', 'uniFB00', 'uniFB03', 'uniFB04', 'v', 'x', 'zero']
2026-10-05 15:46:11,030 | INFO | fontTools.subset | Glyph IDs:   [0, 1, 2, 3, 11, 12, 17, 19, 20, 21, 22, 23, 24, 25, 26, 27, 28, 38, 40, 41, 55, 66, 68, 70, 71, 72, 73, 74, 76, 78, 79, 80, 81, 82, 83, 84, 85, 86, 87, 88, 89, 91, 118, 122, 165, 169, 172, 175, 188, 243, 648, 670, 3506, 3507, 3508, 3509, 3510, 3511, 5038, 5039, 5040, 5041, 5042]
2026-10-05 15:46:11,030 | INFO | fontTools.subset | Retaining 63 glyphs
2026-10-05 15:46:11,030 | INFO | fontTools.subset | head subsetting not needed
2026-10-05 15:46:11,030 | INFO | fontTools.subset | hhea subsetting not needed
2026-10-05 15:46:11,030 | INFO | fontTools.subset | maxp subsetting not needed
2026-10-05 15:46:11,030 | INFO | fontTools.subset | OS/2 subsetting not needed
2026-10-05 15:46:11,034 | INFO | fontTools.subset | hmtx subsetted
2026-10-05 15:46:11,035 | INFO | fontTools.subset | cmap subsetted
2026-10-05 15:46:11,036 | INFO | fontTools.subset | fpgm subsetting not needed
2026-10-05 15:46:11,036 | INFO | fontTools.subset | prep subsetting not needed
2026-10-05 15:46:11,036 | INFO | fontTools.subset | cvt  subsetting not needed
2026-10-05 15:46:11,036 | INFO | fontTools.subset | loca subsetting not needed
2026-10-05 15:46:11,036 | INFO | fontTools.subset | post subsetted
2026-10-05 15:46:11,036 | INFO | fontTools.subset | gasp subsetting not needed
2026-10-05 15:46:11,036 | INFO | fontTools.subset | MATH subsetted
2026-10-05 15:46:11,038 | INFO | fontTools.subset | GDEF subsetted
2026-10-05 15:46:11,117 | INFO | fontTools.subset | GPOS subsetted
2026-10-05 15:46:11,118 | INFO | fontTools.subset | GSUB subsetted
2026-10-05 15:46:11,118 | INFO | fontTools.subset | name subsetting not needed
2026-10-05 15:46:11,120 | INFO | fontTools.subset | glyf subsetted
2026-10-05 15:46:11,120 | INFO | fontTools.subset | head pruned
2026-10-05 15:46:11,120 | INFO | fontTools.subset | OS/2 Unicode ranges pruned: [0, 1]
2026-10-05 15:46:11,120 | INFO | fontTools.subset | OS/2 CodePage ranges pruned: [0]
2026-10-05 15:46:11,121 | INFO | fontTools.subset | glyf pruned
2026-10-05 15:46:11,121 | INFO | fontTools.subset | GDEF pruned
2026-10-05 15:46:11,121 | INFO | fontTools.subset | GPOS pruned
2026-10-05 15:46:11,121 | INFO | fontTools.subset | GSUB pruned
2026-10-05 15:46:11,127 | INFO | fontTools.subset | name pruned
2026-10-05 15:46:11,134 | INFO | fontTools.subset | maxp pruned
2026-10-05 15:46:11,142 | INFO | fontTools.subset | cmap pruned
2026-10-05 15:46:11,142 | INFO | fontTools.subset | kern dropped
2026-10-05 15:46:11,142 | INFO | fontTools.subset | post pruned
2026-10-05 15:46:11,142 | INFO | fontTools.subset | FFTM dropped
2026-10-05 15:46:11,144 | INFO | fontTools.subset | GPOS pruned
2026-10-05 15:46:11,146 | INFO | fontTools.subset | GSUB pruned
2026-10-05 15:46:11,151 | INFO | fontTools.subset | glyf pruned
2026-10-05 15:46:11,152 | INFO | fontTools.subset | Added gid0 to subset
2026-10-05 15:46:11,152 | INFO | fontTools.subset | Added first four glyphs to subset
2026-10-05 15:46:11,152 | INFO | fontTools.subset | Closing glyph list over 'MATH': 5 glyphs before
2026-10-05 15:46:11,152 | INFO | fontTools.subset | Glyph names: ['.notdef', '.null', 'endash', 'nonmarkingreturn', 'space']
2026-10-05 15:46:11,153 | INFO | fontTools.subset | Glyph IDs:   [0, 1, 2, 3, 2805]
2026-10-05 15:46:11,153 | INFO | fontTools.subset | Closed glyph list over 'MATH': 5 glyphs after
2026-10-05 15:46:11,154 | INFO | fontTools.subset | Glyph names: ['.notdef', '.null', 'endash', 'nonmarkingreturn', 'space']
2026-10-05 15:46:11,154 | INFO | fontTools.subset | Glyph IDs:   [0, 1, 2, 3, 2805]
2026-10-05 15:46:11,154 | INFO | fontTools.subset | Closing glyph list over 'GSUB': 5 glyphs before
2026-10-05 15:46:11,154 | INFO | fontTools.subset | Glyph names: ['.notdef', '.null', 'endash', 'nonmarkingreturn', 'space']
2026-10-05 15:46:11,154 | INFO | fontTools.subset | Glyph IDs:   [0, 1, 2, 3, 2805]
2026-10-05 15:46:11,155 | INFO | fontTools.subset | Closed glyph list over 'GSUB': 5 glyphs after
2026-10-05 15:46:11,156 | INFO | fontTools.subset | Glyph names: ['.notdef', '.null', 'endash', 'nonmarkingreturn', 'space']
2026-10-05 15:46:11,156 | INFO | fontTools.subset | Glyph IDs:   [0, 1, 2, 3, 2805]
2026-10-05 15:46:11,156 | INFO | fontTools.subset | Closing glyph list over 'glyf': 5 glyphs before
2026-10-05 15:46:11,156 | INFO | fontTools.subset | Glyph names: ['.notdef', '.null', 'endash', 'nonmarkingreturn', 'space']
2026-10-05 15:46:11,156 | INFO | fontTools.subset | Glyph IDs:   [0, 1, 2, 3, 2805]
2026-10-05 15:46:11,156 | INFO | fontTools.subset | Closed glyph list over 'glyf': 5 glyphs after
2026-10-05 15:46:11,156 | INFO | fontTools.subset | Glyph names: ['.notdef', '.null', 'endash', 'nonmarkingreturn', 'space']
2026-10-05 15:46:11,156 | INFO | fontTools.subset | Glyph IDs:   [0, 1, 2, 3, 2805]
2026-10-05 15:46:11,156 | INFO | fontTools.subset | Retaining 5 glyphs
2026-10-05 15:46:11,157 | INFO | fontTools.subset | head subsetting not needed
2026-10-05 15:46:11,157 | INFO | fontTools.subset | hhea subsetting not needed
2026-10-05 15:46:11,157 | INFO | fontTools.subset | maxp subsetting not needed
2026-10-05 15:46:11,157 | INFO | fontTools.subset | OS/2 subsetting not needed
2026-10-05 15:46:11,161 | INFO | fontTools.subset | hmtx subsetted
2026-10-05 15:46:11,162 | INFO | fontTools.subset | cmap subsetted
2026-10-05 15:46:11,162 | INFO | fontTools.subset | fpgm subsetting not needed
2026-10-05 15:46:11,162 | INFO | fontTools.subset | prep subsetting not needed
2026-10-05 15:46:11,162 | INFO | fontTools.subset | cvt  subsetting not needed
2026-10-05 15:46:11,162 | INFO | fontTools.subset | loca subsetting not needed
2026-10-05 15:46:11,162 | INFO | fontTools.subset | post subsetted
2026-10-05 15:46:11,162 | INFO | fontTools.subset | gasp subsetting not needed
2026-10-05 15:46:11,162 | INFO | fontTools.subset | MATH subsetted
2026-10-05 15:46:11,164 | INFO | fontTools.subset | GDEF subsetted
2026-10-05 15:46:11,179 | INFO | fontTools.subset | GPOS subsetted
2026-10-05 15:46:11,180 | INFO | fontTools.subset | GSUB subsetted
2026-10-05 15:46:11,180 | INFO | fontTools.subset | name subsetting not needed
2026-10-05 15:46:11,181 | INFO | fontTools.subset | glyf subsetted
2026-10-05 15:46:11,181 | INFO | fontTools.subset | head pruned
2026-10-05 15:46:11,181 | INFO | fontTools.subset | OS/2 Unicode ranges pruned: [31]
2026-10-05 15:46:11,182 | INFO | fontTools.subset | OS/2 CodePage ranges pruned: [0]
2026-10-05 15:46:11,182 | INFO | fontTools.subset | glyf pruned
2026-10-05 15:46:11,182 | INFO | fontTools.subset | GDEF pruned
2026-10-05 15:46:11,182 | INFO | fontTools.subset | GPOS pruned
2026-10-05 15:46:11,182 | INFO | fontTools.subset | GSUB pruned
2026-10-05 15:46:11,183 | INFO | fontTools.subset | name pruned
2026-10-05 15:46:11,586 | INFO | fontTools.subset | maxp pruned
2026-10-05 15:46:11,595 | INFO | fontTools.subset | cmap pruned
2026-10-05 15:46:11,595 | INFO | fontTools.subset | kern dropped
2026-10-05 15:46:11,595 | INFO | fontTools.subset | post pruned
2026-10-05 15:46:11,595 | INFO | fontTools.subset | FFTM dropped
2026-10-05 15:46:11,596 | INFO | fontTools.subset | GPOS pruned
2026-10-05 15:46:11,599 | INFO | fontTools.subset | GSUB pruned
2026-10-05 15:46:11,604 | INFO | fontTools.subset | glyf pruned
2026-10-05 15:46:11,605 | INFO | fontTools.subset | Added gid0 to subset
2026-10-05 15:46:11,605 | INFO | fontTools.subset | Added first four glyphs to subset
2026-10-05 15:46:11,605 | INFO | fontTools.subset | Closing glyph list over 'MATH': 36 glyphs before
2026-10-05 15:46:11,605 | INFO | fontTools.subset | Glyph names: ['.notdef', '.null', 'C', 'L', 'N', 'a', 'b', 'c', 'comma', 'd', 'e', 'eacute', 'eight', 'equal', 'five', 'four', 'g', 'i', 'l', 'm', 'n', 'nonmarkingreturn', 'o', 'oacute', 'one', 'p', 'parenleft', 'parenright', 'r', 's', 'six', 'space', 't', 'three', 'two', 'zero']
2026-10-05 15:46:11,606 | INFO | fontTools.subset | Glyph IDs:   [0, 1, 2, 3, 11, 12, 15, 19, 20, 21, 22, 23, 24, 25, 27, 32, 38, 47, 49, 68, 69, 70, 71, 72, 74, 76, 79, 80, 81, 82, 83, 85, 86, 87, 171, 181]
2026-10-05 15:46:11,606 | INFO | fontTools.subset | Closed glyph list over 'MATH': 42 glyphs after
2026-10-05 15:46:11,606 | INFO | fontTools.subset | Glyph names: ['.notdef', '.null', 'C', 'L', 'N', 'a', 'b', 'c', 'comma', 'd', 'e', 'eacute', 'eight', 'equal', 'five', 'four', 'g', 'i', 'l', 'm', 'n', 'nonmarkingreturn', 'o', 'oacute', 'one', 'p', 'parenleft', 'parenright', 'r', 's', 'six', 'space', 't', 'three', 'two', 'uni239B', 'uni239C', 'uni239D', 'uni239E', 'uni239F', 'uni23A0', 'zero']
2026-10-05 15:46:11,606 | INFO | fontTools.subset | Glyph IDs:   [0, 1, 2, 3, 11, 12, 15, 19, 20, 21, 22, 23, 24, 25, 27, 32, 38, 47, 49, 68, 69, 70, 71, 72, 74, 76, 79, 80, 81, 82, 83, 85, 86, 87, 171, 181, 3506, 3507, 3508, 3509, 3510, 3511]
2026-10-05 15:46:11,606 | INFO | fontTools.subset | Closing glyph list over 'GSUB': 42 glyphs before
2026-10-05 15:46:11,606 | INFO | fontTools.subset | Glyph names: ['.notdef', '.null', 'C', 'L', 'N', 'a', 'b', 'c', 'comma', 'd', 'e', 'eacute', 'eight', 'equal', 'five', 'four', 'g', 'i', 'l', 'm', 'n', 'nonmarkingreturn', 'o', 'oacute', 'one', 'p', 'parenleft', 'parenright', 'r', 's', 'six', 'space', 't', 'three', 'two', 'uni239B', 'uni239C', 'uni239D', 'uni239E', 'uni239F', 'uni23A0', 'zero']
2026-10-05 15:46:11,607 | INFO | fontTools.subset | Glyph IDs:   [0, 1, 2, 3, 11, 12, 15, 19, 20, 21, 22, 23, 24, 25, 27, 32, 38, 47, 49, 68, 69, 70, 71, 72, 74, 76, 79, 80, 81, 82, 83, 85, 86, 87, 171, 181, 3506, 3507, 3508, 3509, 3510, 3511]
2026-10-05 15:46:11,609 | INFO | fontTools.subset | Closed glyph list over 'GSUB': 42 glyphs after
2026-10-05 15:46:11,609 | INFO | fontTools.subset | Glyph names: ['.notdef', '.null', 'C', 'L', 'N', 'a', 'b', 'c', 'comma', 'd', 'e', 'eacute', 'eight', 'equal', 'five', 'four', 'g', 'i', 'l', 'm', 'n', 'nonmarkingreturn', 'o', 'oacute', 'one', 'p', 'parenleft', 'parenright', 'r', 's', 'six', 'space', 't', 'three', 'two', 'uni239B', 'uni239C', 'uni239D', 'uni239E', 'uni239F', 'uni23A0', 'zero']
2026-10-05 15:46:11,609 | INFO | fontTools.subset | Glyph IDs:   [0, 1, 2, 3, 11, 12, 15, 19, 20, 21, 22, 23, 24, 25, 27, 32, 38, 47, 49, 68, 69, 70, 71, 72, 74, 76, 79, 80, 81, 82, 83, 85, 86, 87, 171, 181, 3506, 3507, 3508, 3509, 3510, 3511]
2026-10-05 15:46:11,609 | INFO | fontTools.subset | Closing glyph list over 'glyf': 42 glyphs before
2026-10-05 15:46:11,609 | INFO | fontTools.subset | Glyph names: ['.notdef', '.null', 'C', 'L', 'N', 'a', 'b', 'c', 'comma', 'd', 'e', 'eacute', 'eight', 'equal', 'five', 'four', 'g', 'i', 'l', 'm', 'n', 'nonmarkingreturn', 'o', 'oacute', 'one', 'p', 'parenleft', 'parenright', 'r', 's', 'six', 'space', 't', 'three', 'two', 'uni239B', 'uni239C', 'uni239D', 'uni239E', 'uni239F', 'uni23A0', 'zero']
2026-10-05 15:46:11,610 | INFO | fontTools.subset | Glyph IDs:   [0, 1, 2, 3, 11, 12, 15, 19, 20, 21, 22, 23, 24, 25, 27, 32, 38, 47, 49, 68, 69, 70, 71, 72, 74, 76, 79, 80, 81, 82, 83, 85, 86, 87, 171, 181, 3506, 3507, 3508, 3509, 3510, 3511]
2026-10-05 15:46:11,610 | INFO | fontTools.subset | Closed glyph list over 'glyf': 43 glyphs after
2026-10-05 15:46:11,610 | INFO | fontTools.subset | Glyph names: ['.notdef', '.null', 'C', 'L', 'N', 'a', 'acute', 'b', 'c', 'comma', 'd', 'e', 'eacute', 'eight', 'equal', 'five', 'four', 'g', 'i', 'l', 'm', 'n', 'nonmarkingreturn', 'o', 'oacute', 'one', 'p', 'parenleft', 'parenright', 'r', 's', 'six', 'space', 't', 'three', 'two', 'uni239B', 'uni239C', 'uni239D', 'uni239E', 'uni239F', 'uni23A0', 'zero']
2026-10-05 15:46:11,610 | INFO | fontTools.subset | Glyph IDs:   [0, 1, 2, 3, 11, 12, 15, 19, 20, 21, 22, 23, 24, 25, 27, 32, 38, 47, 49, 68, 69, 70, 71, 72, 74, 76, 79, 80, 81, 82, 83, 85, 86, 87, 118, 171, 181, 3506, 3507, 3508, 3509, 3510, 3511]
2026-10-05 15:46:11,610 | INFO | fontTools.subset | Retaining 43 glyphs
2026-10-05 15:46:11,611 | INFO | fontTools.subset | head subsetting not needed
2026-10-05 15:46:11,611 | INFO | fontTools.subset | hhea subsetting not needed
2026-10-05 15:46:11,611 | INFO | fontTools.subset | maxp subsetting not needed
2026-10-05 15:46:11,611 | INFO | fontTools.subset | OS/2 subsetting not needed
2026-10-05 15:46:11,614 | INFO | fontTools.subset | hmtx subsetted
2026-10-05 15:46:11,616 | INFO | fontTools.subset | cmap subsetted
2026-10-05 15:46:11,616 | INFO | fontTools.subset | fpgm subsetting not needed
2026-10-05 15:46:11,616 | INFO | fontTools.subset | prep subsetting not needed
2026-10-05 15:46:11,616 | INFO | fontTools.subset | cvt  subsetting not needed
2026-10-05 15:46:11,616 | INFO | fontTools.subset | loca subsetting not needed
2026-10-05 15:46:11,616 | INFO | fontTools.subset | post subsetted
2026-10-05 15:46:11,616 | INFO | fontTools.subset | gasp subsetting not needed
2026-10-05 15:46:11,616 | INFO | fontTools.subset | MATH subsetted
2026-10-05 15:46:11,618 | INFO | fontTools.subset | GDEF subsetted
2026-10-05 15:46:11,633 | INFO | fontTools.subset | GPOS subsetted
2026-10-05 15:46:11,634 | INFO | fontTools.subset | GSUB subsetted
2026-10-05 15:46:11,634 | INFO | fontTools.subset | name subsetting not needed
2026-10-05 15:46:11,636 | INFO | fontTools.subset | glyf subsetted
2026-10-05 15:46:11,636 | INFO | fontTools.subset | head pruned
2026-10-05 15:46:11,636 | INFO | fontTools.subset | OS/2 Unicode ranges pruned: [0, 1]
2026-10-05 15:46:11,636 | INFO | fontTools.subset | OS/2 CodePage ranges pruned: [0]
2026-10-05 15:46:11,637 | INFO | fontTools.subset | glyf pruned
2026-10-05 15:46:11,637 | INFO | fontTools.subset | GDEF pruned
2026-10-05 15:46:11,637 | INFO | fontTools.subset | GPOS pruned
2026-10-05 15:46:11,637 | INFO | fontTools.subset | GSUB pruned
2026-10-05 15:46:11,640 | INFO | fontTools.subset | name pruned
2026-10-05 15:46:12,103 | INFO | fontTools.subset | maxp pruned
2026-10-05 15:46:12,111 | INFO | fontTools.subset | cmap pruned
2026-10-05 15:46:12,111 | INFO | fontTools.subset | kern dropped
2026-10-05 15:46:12,111 | INFO | fontTools.subset | post pruned
2026-10-05 15:46:12,111 | INFO | fontTools.subset | FFTM dropped
2026-10-05 15:46:12,113 | INFO | fontTools.subset | GPOS pruned
2026-10-05 15:46:12,117 | INFO | fontTools.subset | GSUB pruned
2026-10-05 15:46:12,121 | INFO | fontTools.subset | glyf pruned
2026-10-05 15:46:12,122 | INFO | fontTools.subset | Added gid0 to subset
2026-10-05 15:46:12,122 | INFO | fontTools.subset | Added first four glyphs to subset
2026-10-05 15:46:12,122 | INFO | fontTools.subset | Closing glyph list over 'MATH': 50 glyphs before
2026-10-05 15:46:12,122 | INFO | fontTools.subset | Glyph names: ['.notdef', '.null', 'F', 'L', 'M', 'N', 'a', 'agrave', 'atilde', 'b', 'bar', 'c', 'ccedilla', 'comma', 'd', 'e', 'eacute', 'ecircumflex', 'eight', 'f', 'five', 'four', 'i', 'l', 'm', 'n', 'nine', 'nonmarkingreturn', 'o', 'one', 'otilde', 'p', 'parenleft', 'parenright', 'percent', 'plus', 'q', 'r', 's', 'seven', 'six', 'space', 't', 'three', 'two', 'twosuperior', 'u', 'v', 'x', 'zero']
2026-10-05 15:46:12,123 | INFO | fontTools.subset | Glyph IDs:   [0, 1, 2, 3, 8, 11, 12, 14, 15, 19, 20, 21, 22, 23, 24, 25, 26, 27, 28, 41, 47, 48, 49, 68, 69, 70, 71, 72, 73, 76, 79, 80, 81, 82, 83, 84, 85, 86, 87, 88, 89, 91, 95, 116, 162, 165, 169, 171, 172, 183]
2026-10-05 15:46:12,124 | INFO | fontTools.subset | Closed glyph list over 'MATH': 56 glyphs after
2026-10-05 15:46:12,124 | INFO | fontTools.subset | Glyph names: ['.notdef', '.null', 'F', 'L', 'M', 'N', 'a', 'agrave', 'atilde', 'b', 'bar', 'c', 'ccedilla', 'comma', 'd', 'e', 'eacute', 'ecircumflex', 'eight', 'f', 'five', 'four', 'i', 'l', 'm', 'n', 'nine', 'nonmarkingreturn', 'o', 'one', 'otilde', 'p', 'parenleft', 'parenright', 'percent', 'plus', 'q', 'r', 's', 'seven', 'six', 'space', 't', 'three', 'two', 'twosuperior', 'u', 'uni239B', 'uni239C', 'uni239D', 'uni239E', 'uni239F', 'uni23A0', 'v', 'x', 'zero']
2026-10-05 15:46:12,124 | INFO | fontTools.subset | Glyph IDs:   [0, 1, 2, 3, 8, 11, 12, 14, 15, 19, 20, 21, 22, 23, 24, 25, 26, 27, 28, 41, 47, 48, 49, 68, 69, 70, 71, 72, 73, 76, 79, 80, 81, 82, 83, 84, 85, 86, 87, 88, 89, 91, 95, 116, 162, 165, 169, 171, 172, 183, 3506, 3507, 3508, 3509, 3510, 3511]
2026-10-05 15:46:12,124 | INFO | fontTools.subset | Closing glyph list over 'GSUB': 56 glyphs before
2026-10-05 15:46:12,124 | INFO | fontTools.subset | Glyph names: ['.notdef', '.null', 'F', 'L', 'M', 'N', 'a', 'agrave', 'atilde', 'b', 'bar', 'c', 'ccedilla', 'comma', 'd', 'e', 'eacute', 'ecircumflex', 'eight', 'f', 'five', 'four', 'i', 'l', 'm', 'n', 'nine', 'nonmarkingreturn', 'o', 'one', 'otilde', 'p', 'parenleft', 'parenright', 'percent', 'plus', 'q', 'r', 's', 'seven', 'six', 'space', 't', 'three', 'two', 'twosuperior', 'u', 'uni239B', 'uni239C', 'uni239D', 'uni239E', 'uni239F', 'uni23A0', 'v', 'x', 'zero']
2026-10-05 15:46:12,125 | INFO | fontTools.subset | Glyph IDs:   [0, 1, 2, 3, 8, 11, 12, 14, 15, 19, 20, 21, 22, 23, 24, 25, 26, 27, 28, 41, 47, 48, 49, 68, 69, 70, 71, 72, 73, 76, 79, 80, 81, 82, 83, 84, 85, 86, 87, 88, 89, 91, 95, 116, 162, 165, 169, 171, 172, 183, 3506, 3507, 3508, 3509, 3510, 3511]
2026-10-05 15:46:12,127 | INFO | fontTools.subset | Closed glyph list over 'GSUB': 61 glyphs after
2026-10-05 15:46:12,127 | INFO | fontTools.subset | Glyph names: ['.notdef', '.null', 'F', 'L', 'M', 'N', 'a', 'agrave', 'atilde', 'b', 'bar', 'c', 'ccedilla', 'comma', 'd', 'e', 'eacute', 'ecircumflex', 'eight', 'f', 'fi', 'five', 'fl', 'four', 'i', 'l', 'm', 'n', 'nine', 'nonmarkingreturn', 'o', 'one', 'otilde', 'p', 'parenleft', 'parenright', 'percent', 'plus', 'q', 'r', 's', 'seven', 'six', 'space', 't', 'three', 'two', 'twosuperior', 'u', 'uni239B', 'uni239C', 'uni239D', 'uni239E', 'uni239F', 'uni23A0', 'uniFB00', 'uniFB03', 'uniFB04', 'v', 'x', 'zero']
2026-10-05 15:46:12,127 | INFO | fontTools.subset | Glyph IDs:   [0, 1, 2, 3, 8, 11, 12, 14, 15, 19, 20, 21, 22, 23, 24, 25, 26, 27, 28, 41, 47, 48, 49, 68, 69, 70, 71, 72, 73, 76, 79, 80, 81, 82, 83, 84, 85, 86, 87, 88, 89, 91, 95, 116, 162, 165, 169, 171, 172, 183, 3506, 3507, 3508, 3509, 3510, 3511, 5038, 5039, 5040, 5041, 5042]
2026-10-05 15:46:12,127 | INFO | fontTools.subset | Closing glyph list over 'glyf': 61 glyphs before
2026-10-05 15:46:12,127 | INFO | fontTools.subset | Glyph names: ['.notdef', '.null', 'F', 'L', 'M', 'N', 'a', 'agrave', 'atilde', 'b', 'bar', 'c', 'ccedilla', 'comma', 'd', 'e', 'eacute', 'ecircumflex', 'eight', 'f', 'fi', 'five', 'fl', 'four', 'i', 'l', 'm', 'n', 'nine', 'nonmarkingreturn', 'o', 'one', 'otilde', 'p', 'parenleft', 'parenright', 'percent', 'plus', 'q', 'r', 's', 'seven', 'six', 'space', 't', 'three', 'two', 'twosuperior', 'u', 'uni239B', 'uni239C', 'uni239D', 'uni239E', 'uni239F', 'uni23A0', 'uniFB00', 'uniFB03', 'uniFB04', 'v', 'x', 'zero']
2026-10-05 15:46:12,128 | INFO | fontTools.subset | Glyph IDs:   [0, 1, 2, 3, 8, 11, 12, 14, 15, 19, 20, 21, 22, 23, 24, 25, 26, 27, 28, 41, 47, 48, 49, 68, 69, 70, 71, 72, 73, 76, 79, 80, 81, 82, 83, 84, 85, 86, 87, 88, 89, 91, 95, 116, 162, 165, 169, 171, 172, 183, 3506, 3507, 3508, 3509, 3510, 3511, 5038, 5039, 5040, 5041, 5042]
2026-10-05 15:46:12,128 | INFO | fontTools.subset | Closed glyph list over 'glyf': 66 glyphs after
2026-10-05 15:46:12,128 | INFO | fontTools.subset | Glyph names: ['.notdef', '.null', 'F', 'L', 'M', 'N', 'a', 'acute', 'agrave', 'atilde', 'b', 'bar', 'c', 'ccedilla', 'cedilla', 'circumflex', 'comma', 'd', 'e', 'eacute', 'ecircumflex', 'eight', 'f', 'fi', 'five', 'fl', 'four', 'grave', 'i', 'l', 'm', 'n', 'nine', 'nonmarkingreturn', 'o', 'one', 'otilde', 'p', 'parenleft', 'parenright', 'percent', 'plus', 'q', 'r', 's', 'seven', 'six', 'space', 't', 'three', 'tilde', 'two', 'twosuperior', 'u', 'uni239B', 'uni239C', 'uni239D', 'uni239E', 'uni239F', 'uni23A0', 'uniFB00', 'uniFB03', 'uniFB04', 'v', 'x', 'zero']
2026-10-05 15:46:12,128 | INFO | fontTools.subset | Glyph IDs:   [0, 1, 2, 3, 8, 11, 12, 14, 15, 19, 20, 21, 22, 23, 24, 25, 26, 27, 28, 41, 47, 48, 49, 67, 68, 69, 70, 71, 72, 73, 76, 79, 80, 81, 82, 83, 84, 85, 86, 87, 88, 89, 91, 95, 116, 118, 122, 162, 165, 169, 171, 172, 183, 648, 670, 3506, 3507, 3508, 3509, 3510, 3511, 5038, 5039, 5040, 5041, 5042]
2026-10-05 15:46:12,128 | INFO | fontTools.subset | Retaining 66 glyphs
2026-10-05 15:46:12,129 | INFO | fontTools.subset | head subsetting not needed
2026-10-05 15:46:12,129 | INFO | fontTools.subset | hhea subsetting not needed
2026-10-05 15:46:12,129 | INFO | fontTools.subset | maxp subsetting not needed
2026-10-05 15:46:12,129 | INFO | fontTools.subset | OS/2 subsetting not needed
2026-10-05 15:46:12,132 | INFO | fontTools.subset | hmtx subsetted
2026-10-05 15:46:12,134 | INFO | fontTools.subset | cmap subsetted
2026-10-05 15:46:12,134 | INFO | fontTools.subset | fpgm subsetting not needed
2026-10-05 15:46:12,134 | INFO | fontTools.subset | prep subsetting not needed
2026-10-05 15:46:12,134 | INFO | fontTools.subset | cvt  subsetting not needed
2026-10-05 15:46:12,134 | INFO | fontTools.subset | loca subsetting not needed
2026-10-05 15:46:12,134 | INFO | fontTools.subset | post subsetted
2026-10-05 15:46:12,134 | INFO | fontTools.subset | gasp subsetting not needed
2026-10-05 15:46:12,134 | INFO | fontTools.subset | MATH subsetted
2026-10-05 15:46:12,136 | INFO | fontTools.subset | GDEF subsetted
2026-10-05 15:46:12,151 | INFO | fontTools.subset | GPOS subsetted
2026-10-05 15:46:12,152 | INFO | fontTools.subset | GSUB subsetted
2026-10-05 15:46:12,153 | INFO | fontTools.subset | name subsetting not needed
2026-10-05 15:46:12,154 | INFO | fontTools.subset | glyf subsetted
2026-10-05 15:46:12,154 | INFO | fontTools.subset | head pruned
2026-10-05 15:46:12,154 | INFO | fontTools.subset | OS/2 Unicode ranges pruned: [0, 1]
2026-10-05 15:46:12,155 | INFO | fontTools.subset | OS/2 CodePage ranges pruned: [0]
2026-10-05 15:46:12,155 | INFO | fontTools.subset | glyf pruned
2026-10-05 15:46:12,155 | INFO | fontTools.subset | GDEF pruned
2026-10-05 15:46:12,155 | INFO | fontTools.subset | GPOS pruned
2026-10-05 15:46:12,156 | INFO | fontTools.subset | GSUB pruned
2026-10-05 15:46:12,160 | INFO | fontTools.subset | name pruned
2026-10-05 15:46:12,167 | INFO | fontTools.subset | maxp pruned
2026-10-05 15:46:12,175 | INFO | fontTools.subset | cmap pruned
2026-10-05 15:46:12,175 | INFO | fontTools.subset | kern dropped
2026-10-05 15:46:12,175 | INFO | fontTools.subset | post pruned
2026-10-05 15:46:12,175 | INFO | fontTools.subset | FFTM dropped
2026-10-05 15:46:12,177 | INFO | fontTools.subset | GPOS pruned
2026-10-05 15:46:12,179 | INFO | fontTools.subset | GSUB pruned
2026-10-05 15:46:12,184 | INFO | fontTools.subset | glyf pruned
2026-10-05 15:46:12,185 | INFO | fontTools.subset | Added gid0 to subset
2026-10-05 15:46:12,185 | INFO | fontTools.subset | Added first four glyphs to subset
2026-10-05 15:46:12,185 | INFO | fontTools.subset | Closing glyph list over 'MATH': 5 glyphs before
2026-10-05 15:46:12,185 | INFO | fontTools.subset | Glyph names: ['.notdef', '.null', 'endash', 'nonmarkingreturn', 'space']
2026-10-05 15:46:12,186 | INFO | fontTools.subset | Glyph IDs:   [0, 1, 2, 3, 2805]
2026-10-05 15:46:12,186 | INFO | fontTools.subset | Closed glyph list over 'MATH': 5 glyphs after
2026-10-05 15:46:12,186 | INFO | fontTools.subset | Glyph names: ['.notdef', '.null', 'endash', 'nonmarkingreturn', 'space']
2026-10-05 15:46:12,186 | INFO | fontTools.subset | Glyph IDs:   [0, 1, 2, 3, 2805]
2026-10-05 15:46:12,186 | INFO | fontTools.subset | Closing glyph list over 'GSUB': 5 glyphs before
2026-10-05 15:46:12,186 | INFO | fontTools.subset | Glyph names: ['.notdef', '.null', 'endash', 'nonmarkingreturn', 'space']
2026-10-05 15:46:12,186 | INFO | fontTools.subset | Glyph IDs:   [0, 1, 2, 3, 2805]
2026-10-05 15:46:12,188 | INFO | fontTools.subset | Closed glyph list over 'GSUB': 5 glyphs after
2026-10-05 15:46:12,188 | INFO | fontTools.subset | Glyph names: ['.notdef', '.null', 'endash', 'nonmarkingreturn', 'space']
2026-10-05 15:46:12,188 | INFO | fontTools.subset | Glyph IDs:   [0, 1, 2, 3, 2805]
2026-10-05 15:46:12,188 | INFO | fontTools.subset | Closing glyph list over 'glyf': 5 glyphs before
2026-10-05 15:46:12,188 | INFO | fontTools.subset | Glyph names: ['.notdef', '.null', 'endash', 'nonmarkingreturn', 'space']
2026-10-05 15:46:12,188 | INFO | fontTools.subset | Glyph IDs:   [0, 1, 2, 3, 2805]
2026-10-05 15:46:12,188 | INFO | fontTools.subset | Closed glyph list over 'glyf': 5 glyphs after
2026-10-05 15:46:12,188 | INFO | fontTools.subset | Glyph names: ['.notdef', '.null', 'endash', 'nonmarkingreturn', 'space']
2026-10-05 15:46:12,188 | INFO | fontTools.subset | Glyph IDs:   [0, 1, 2, 3, 2805]
2026-10-05 15:46:12,189 | INFO | fontTools.subset | Retaining 5 glyphs
2026-10-05 15:46:12,189 | INFO | fontTools.subset | head subsetting not needed
2026-10-05 15:46:12,189 | INFO | fontTools.subset | hhea subsetting not needed
2026-10-05 15:46:12,189 | INFO | fontTools.subset | maxp subsetting not needed
2026-10-05 15:46:12,189 | INFO | fontTools.subset | OS/2 subsetting not needed
2026-10-05 15:46:12,193 | INFO | fontTools.subset | hmtx subsetted
2026-10-05 15:46:12,194 | INFO | fontTools.subset | cmap subsetted
2026-10-05 15:46:12,194 | INFO | fontTools.subset | fpgm subsetting not needed
2026-10-05 15:46:12,194 | INFO | fontTools.subset | prep subsetting not needed
2026-10-05 15:46:12,195 | INFO | fontTools.subset | cvt  subsetting not needed
2026-10-05 15:46:12,195 | INFO | fontTools.subset | loca subsetting not needed
2026-10-05 15:46:12,195 | INFO | fontTools.subset | post subsetted
2026-10-05 15:46:12,195 | INFO | fontTools.subset | gasp subsetting not needed
2026-10-05 15:46:12,195 | INFO | fontTools.subset | MATH subsetted
2026-10-05 15:46:12,197 | INFO | fontTools.subset | GDEF subsetted
2026-10-05 15:46:12,211 | INFO | fontTools.subset | GPOS subsetted
2026-10-05 15:46:12,212 | INFO | fontTools.subset | GSUB subsetted
2026-10-05 15:46:12,212 | INFO | fontTools.subset | name subsetting not needed
2026-10-05 15:46:12,213 | INFO | fontTools.subset | glyf subsetted
2026-10-05 15:46:12,214 | INFO | fontTools.subset | head pruned
2026-10-05 15:46:12,214 | INFO | fontTools.subset | OS/2 Unicode ranges pruned: [31]
2026-10-05 15:46:12,214 | INFO | fontTools.subset | OS/2 CodePage ranges pruned: [0]
2026-10-05 15:46:12,214 | INFO | fontTools.subset | glyf pruned
2026-10-05 15:46:12,214 | INFO | fontTools.subset | GDEF pruned
2026-10-05 15:46:12,215 | INFO | fontTools.subset | GPOS pruned
2026-10-05 15:46:12,215 | INFO | fontTools.subset | GSUB pruned
2026-10-05 15:46:12,216 | INFO | fontTools.subset | name pruned
2026-10-05 15:46:12,673 | INFO | fontTools.subset | maxp pruned
2026-10-05 15:46:12,682 | INFO | fontTools.subset | cmap pruned
2026-10-05 15:46:12,682 | INFO | fontTools.subset | kern dropped
2026-10-05 15:46:12,682 | INFO | fontTools.subset | post pruned
2026-10-05 15:46:12,682 | INFO | fontTools.subset | FFTM dropped
2026-10-05 15:46:12,684 | INFO | fontTools.subset | GPOS pruned
2026-10-05 15:46:12,687 | INFO | fontTools.subset | GSUB pruned
2026-10-05 15:46:12,693 | INFO | fontTools.subset | glyf pruned
2026-10-05 15:46:12,694 | INFO | fontTools.subset | Added gid0 to subset
2026-10-05 15:46:12,694 | INFO | fontTools.subset | Added first four glyphs to subset
2026-10-05 15:46:12,694 | INFO | fontTools.subset | Closing glyph list over 'MATH': 33 glyphs before
2026-10-05 15:46:12,694 | INFO | fontTools.subset | Glyph names: ['.notdef', '.null', 'G', 'K', 'L', 'P', 'a', 'c', 'd', 'e', 'eight', 'equal', 'g', 'i', 'k', 'l', 'm', 'n', 'nonmarkingreturn', 'o', 'one', 'parenleft', 'parenright', 'r', 's', 'six', 'space', 't', 'three', 'two', 'u', 'x', 'zero']
2026-10-05 15:46:12,695 | INFO | fontTools.subset | Glyph IDs:   [0, 1, 2, 3, 11, 12, 19, 20, 21, 22, 25, 27, 32, 42, 46, 47, 51, 68, 70, 71, 72, 74, 76, 78, 79, 80, 81, 82, 85, 86, 87, 88, 91]
2026-10-05 15:46:12,696 | INFO | fontTools.subset | Closed glyph list over 'MATH': 39 glyphs after
2026-10-05 15:46:12,696 | INFO | fontTools.subset | Glyph names: ['.notdef', '.null', 'G', 'K', 'L', 'P', 'a', 'c', 'd', 'e', 'eight', 'equal', 'g', 'i', 'k', 'l', 'm', 'n', 'nonmarkingreturn', 'o', 'one', 'parenleft', 'parenright', 'r', 's', 'six', 'space', 't', 'three', 'two', 'u', 'uni239B', 'uni239C', 'uni239D', 'uni239E', 'uni239F', 'uni23A0', 'x', 'zero']
2026-10-05 15:46:12,696 | INFO | fontTools.subset | Glyph IDs:   [0, 1, 2, 3, 11, 12, 19, 20, 21, 22, 25, 27, 32, 42, 46, 47, 51, 68, 70, 71, 72, 74, 76, 78, 79, 80, 81, 82, 85, 86, 87, 88, 91, 3506, 3507, 3508, 3509, 3510, 3511]
2026-10-05 15:46:12,696 | INFO | fontTools.subset | Closing glyph list over 'GSUB': 39 glyphs before
2026-10-05 15:46:12,696 | INFO | fontTools.subset | Glyph names: ['.notdef', '.null', 'G', 'K', 'L', 'P', 'a', 'c', 'd', 'e', 'eight', 'equal', 'g', 'i', 'k', 'l', 'm', 'n', 'nonmarkingreturn', 'o', 'one', 'parenleft', 'parenright', 'r', 's', 'six', 'space', 't', 'three', 'two', 'u', 'uni239B', 'uni239C', 'uni239D', 'uni239E', 'uni239F', 'uni23A0', 'x', 'zero']
2026-10-05 15:46:12,696 | INFO | fontTools.subset | Glyph IDs:   [0, 1, 2, 3, 11, 12, 19, 20, 21, 22, 25, 27, 32, 42, 46, 47, 51, 68, 70, 71, 72, 74, 76, 78, 79, 80, 81, 82, 85, 86, 87, 88, 91, 3506, 3507, 3508, 3509, 3510, 3511]
2026-10-05 15:46:12,699 | INFO | fontTools.subset | Closed glyph list over 'GSUB': 39 glyphs after
2026-10-05 15:46:12,699 | INFO | fontTools.subset | Glyph names: ['.notdef', '.null', 'G', 'K', 'L', 'P', 'a', 'c', 'd', 'e', 'eight', 'equal', 'g', 'i', 'k', 'l', 'm', 'n', 'nonmarkingreturn', 'o', 'one', 'parenleft', 'parenright', 'r', 's', 'six', 'space', 't', 'three', 'two', 'u', 'uni239B', 'uni239C', 'uni239D', 'uni239E', 'uni239F', 'uni23A0', 'x', 'zero']
2026-10-05 15:46:12,699 | INFO | fontTools.subset | Glyph IDs:   [0, 1, 2, 3, 11, 12, 19, 20, 21, 22, 25, 27, 32, 42, 46, 47, 51, 68, 70, 71, 72, 74, 76, 78, 79, 80, 81, 82, 85, 86, 87, 88, 91, 3506, 3507, 3508, 3509, 3510, 3511]
2026-10-05 15:46:12,699 | INFO | fontTools.subset | Closing glyph list over 'glyf': 39 glyphs before
2026-10-05 15:46:12,699 | INFO | fontTools.subset | Glyph names: ['.notdef', '.null', 'G', 'K', 'L', 'P', 'a', 'c', 'd', 'e', 'eight', 'equal', 'g', 'i', 'k', 'l', 'm', 'n', 'nonmarkingreturn', 'o', 'one', 'parenleft', 'parenright', 'r', 's', 'six', 'space', 't', 'three', 'two', 'u', 'uni239B', 'uni239C', 'uni239D', 'uni239E', 'uni239F', 'uni23A0', 'x', 'zero']
2026-10-05 15:46:12,699 | INFO | fontTools.subset | Glyph IDs:   [0, 1, 2, 3, 11, 12, 19, 20, 21, 22, 25, 27, 32, 42, 46, 47, 51, 68, 70, 71, 72, 74, 76, 78, 79, 80, 81, 82, 85, 86, 87, 88, 91, 3506, 3507, 3508, 3509, 3510, 3511]
2026-10-05 15:46:12,700 | INFO | fontTools.subset | Closed glyph list over 'glyf': 39 glyphs after
2026-10-05 15:46:12,700 | INFO | fontTools.subset | Glyph names: ['.notdef', '.null', 'G', 'K', 'L', 'P', 'a', 'c', 'd', 'e', 'eight', 'equal', 'g', 'i', 'k', 'l', 'm', 'n', 'nonmarkingreturn', 'o', 'one', 'parenleft', 'parenright', 'r', 's', 'six', 'space', 't', 'three', 'two', 'u', 'uni239B', 'uni239C', 'uni239D', 'uni239E', 'uni239F', 'uni23A0', 'x', 'zero']
2026-10-05 15:46:12,700 | INFO | fontTools.subset | Glyph IDs:   [0, 1, 2, 3, 11, 12, 19, 20, 21, 22, 25, 27, 32, 42, 46, 47, 51, 68, 70, 71, 72, 74, 76, 78, 79, 80, 81, 82, 85, 86, 87, 88, 91, 3506, 3507, 3508, 3509, 3510, 3511]
2026-10-05 15:46:12,700 | INFO | fontTools.subset | Retaining 39 glyphs
2026-10-05 15:46:12,700 | INFO | fontTools.subset | head subsetting not needed
2026-10-05 15:46:12,701 | INFO | fontTools.subset | hhea subsetting not needed
2026-10-05 15:46:12,701 | INFO | fontTools.subset | maxp subsetting not needed
2026-10-05 15:46:12,701 | INFO | fontTools.subset | OS/2 subsetting not needed
2026-10-05 15:46:12,704 | INFO | fontTools.subset | hmtx subsetted
2026-10-05 15:46:12,706 | INFO | fontTools.subset | cmap subsetted
2026-10-05 15:46:12,706 | INFO | fontTools.subset | fpgm subsetting not needed
2026-10-05 15:46:12,706 | INFO | fontTools.subset | prep subsetting not needed
2026-10-05 15:46:12,706 | INFO | fontTools.subset | cvt  subsetting not needed
2026-10-05 15:46:12,706 | INFO | fontTools.subset | loca subsetting not needed
2026-10-05 15:46:12,706 | INFO | fontTools.subset | post subsetted
2026-10-05 15:46:12,706 | INFO | fontTools.subset | gasp subsetting not needed
2026-10-05 15:46:12,706 | INFO | fontTools.subset | MATH subsetted
2026-10-05 15:46:12,708 | INFO | fontTools.subset | GDEF subsetted
2026-10-05 15:46:12,724 | INFO | fontTools.subset | GPOS subsetted
2026-10-05 15:46:12,725 | INFO | fontTools.subset | GSUB subsetted
2026-10-05 15:46:12,725 | INFO | fontTools.subset | name subsetting not needed
2026-10-05 15:46:12,727 | INFO | fontTools.subset | glyf subsetted
2026-10-05 15:46:12,727 | INFO | fontTools.subset | head pruned
2026-10-05 15:46:12,727 | INFO | fontTools.subset | OS/2 Unicode ranges pruned: [0]
2026-10-05 15:46:12,727 | INFO | fontTools.subset | OS/2 CodePage ranges pruned: [0]
2026-10-05 15:46:12,728 | INFO | fontTools.subset | glyf pruned
2026-10-05 15:46:12,728 | INFO | fontTools.subset | GDEF pruned
2026-10-05 15:46:12,728 | INFO | fontTools.subset | GPOS pruned
2026-10-05 15:46:12,728 | INFO | fontTools.subset | GSUB pruned
2026-10-05 15:46:12,732 | INFO | fontTools.subset | name pruned
2026-10-05 15:46:12,739 | INFO | fontTools.subset | maxp pruned
2026-10-05 15:46:12,747 | INFO | fontTools.subset | cmap pruned
2026-10-05 15:46:12,747 | INFO | fontTools.subset | kern dropped
2026-10-05 15:46:12,747 | INFO | fontTools.subset | post pruned
2026-10-05 15:46:12,747 | INFO | fontTools.subset | FFTM dropped
2026-10-05 15:46:12,749 | INFO | fontTools.subset | GPOS pruned
2026-10-05 15:46:12,751 | INFO | fontTools.subset | GSUB pruned
2026-10-05 15:46:12,756 | INFO | fontTools.subset | glyf pruned
2026-10-05 15:46:12,757 | INFO | fontTools.subset | Added gid0 to subset
2026-10-05 15:46:12,757 | INFO | fontTools.subset | Added first four glyphs to subset
2026-10-05 15:46:12,757 | INFO | fontTools.subset | Closing glyph list over 'MATH': 6 glyphs before
2026-10-05 15:46:12,757 | INFO | fontTools.subset | Glyph names: ['.notdef', '.null', 'greaterequal', 'minus', 'nonmarkingreturn', 'space']
2026-10-05 15:46:12,757 | INFO | fontTools.subset | Glyph IDs:   [0, 1, 2, 3, 3228, 3311]
2026-10-05 15:46:12,758 | INFO | fontTools.subset | Closed glyph list over 'MATH': 6 glyphs after
2026-10-05 15:46:12,758 | INFO | fontTools.subset | Glyph names: ['.notdef', '.null', 'greaterequal', 'minus', 'nonmarkingreturn', 'space']
2026-10-05 15:46:12,758 | INFO | fontTools.subset | Glyph IDs:   [0, 1, 2, 3, 3228, 3311]
2026-10-05 15:46:12,758 | INFO | fontTools.subset | Closing glyph list over 'GSUB': 6 glyphs before
2026-10-05 15:46:12,758 | INFO | fontTools.subset | Glyph names: ['.notdef', '.null', 'greaterequal', 'minus', 'nonmarkingreturn', 'space']
2026-10-05 15:46:12,758 | INFO | fontTools.subset | Glyph IDs:   [0, 1, 2, 3, 3228, 3311]
2026-10-05 15:46:12,759 | INFO | fontTools.subset | Closed glyph list over 'GSUB': 6 glyphs after
2026-10-05 15:46:12,759 | INFO | fontTools.subset | Glyph names: ['.notdef', '.null', 'greaterequal', 'minus', 'nonmarkingreturn', 'space']
2026-10-05 15:46:12,760 | INFO | fontTools.subset | Glyph IDs:   [0, 1, 2, 3, 3228, 3311]
2026-10-05 15:46:12,760 | INFO | fontTools.subset | Closing glyph list over 'glyf': 6 glyphs before
2026-10-05 15:46:12,760 | INFO | fontTools.subset | Glyph names: ['.notdef', '.null', 'greaterequal', 'minus', 'nonmarkingreturn', 'space']
2026-10-05 15:46:12,760 | INFO | fontTools.subset | Glyph IDs:   [0, 1, 2, 3, 3228, 3311]
2026-10-05 15:46:12,760 | INFO | fontTools.subset | Closed glyph list over 'glyf': 6 glyphs after
2026-10-05 15:46:12,760 | INFO | fontTools.subset | Glyph names: ['.notdef', '.null', 'greaterequal', 'minus', 'nonmarkingreturn', 'space']
2026-10-05 15:46:12,760 | INFO | fontTools.subset | Glyph IDs:   [0, 1, 2, 3, 3228, 3311]
2026-10-05 15:46:12,760 | INFO | fontTools.subset | Retaining 6 glyphs
2026-10-05 15:46:12,761 | INFO | fontTools.subset | head subsetting not needed
2026-10-05 15:46:12,761 | INFO | fontTools.subset | hhea subsetting not needed
2026-10-05 15:46:12,761 | INFO | fontTools.subset | maxp subsetting not needed
2026-10-05 15:46:12,761 | INFO | fontTools.subset | OS/2 subsetting not needed
2026-10-05 15:46:12,764 | INFO | fontTools.subset | hmtx subsetted
2026-10-05 15:46:12,766 | INFO | fontTools.subset | cmap subsetted
2026-10-05 15:46:12,766 | INFO | fontTools.subset | fpgm subsetting not needed
2026-10-05 15:46:12,766 | INFO | fontTools.subset | prep subsetting not needed
2026-10-05 15:46:12,766 | INFO | fontTools.subset | cvt  subsetting not needed
2026-10-05 15:46:12,766 | INFO | fontTools.subset | loca subsetting not needed
2026-10-05 15:46:12,766 | INFO | fontTools.subset | post subsetted
2026-10-05 15:46:12,766 | INFO | fontTools.subset | gasp subsetting not needed
2026-10-05 15:46:12,766 | INFO | fontTools.subset | MATH subsetted
2026-10-05 15:46:12,768 | INFO | fontTools.subset | GDEF subsetted
2026-10-05 15:46:12,782 | INFO | fontTools.subset | GPOS subsetted
2026-10-05 15:46:12,783 | INFO | fontTools.subset | GSUB subsetted
2026-10-05 15:46:12,783 | INFO | fontTools.subset | name subsetting not needed
2026-10-05 15:46:12,785 | INFO | fontTools.subset | glyf subsetted
2026-10-05 15:46:12,785 | INFO | fontTools.subset | head pruned
2026-10-05 15:46:12,785 | INFO | fontTools.subset | OS/2 Unicode ranges pruned: [38]
2026-10-05 15:46:12,785 | INFO | fontTools.subset | OS/2 CodePage ranges pruned: [0]
2026-10-05 15:46:12,786 | INFO | fontTools.subset | glyf pruned
2026-10-05 15:46:12,786 | INFO | fontTools.subset | GDEF pruned
2026-10-05 15:46:12,786 | INFO | fontTools.subset | GPOS pruned
2026-10-05 15:46:12,786 | INFO | fontTools.subset | GSUB pruned
2026-10-05 15:46:12,787 | INFO | fontTools.subset | name pruned
2026-10-05 15:46:13,941 | INFO | fontTools.subset | maxp pruned
2026-10-05 15:46:13,950 | INFO | fontTools.subset | cmap pruned
2026-10-05 15:46:13,951 | INFO | fontTools.subset | kern dropped
2026-10-05 15:46:13,951 | INFO | fontTools.subset | post pruned
2026-10-05 15:46:13,951 | INFO | fontTools.subset | FFTM dropped
2026-10-05 15:46:13,953 | INFO | fontTools.subset | GPOS pruned
2026-10-05 15:46:13,955 | INFO | fontTools.subset | GSUB pruned
2026-10-05 15:46:13,960 | INFO | fontTools.subset | glyf pruned
2026-10-05 15:46:13,961 | INFO | fontTools.subset | Added gid0 to subset
2026-10-05 15:46:13,961 | INFO | fontTools.subset | Added first four glyphs to subset
2026-10-05 15:46:13,961 | INFO | fontTools.subset | Closing glyph list over 'MATH': 43 glyphs before
2026-10-05 15:46:13,961 | INFO | fontTools.subset | Glyph names: ['.notdef', '.null', 'L', 'P', 'T', 'a', 'aacute', 'atilde', 'b', 'c', 'ccedilla', 'comma', 'd', 'e', 'eight', 'f', 'g', 'guillemotleft', 'guillemotright', 'h', 'i', 'k', 'l', 'm', 'n', 'nonmarkingreturn', 'o', 'one', 'p', 'parenleft', 'parenright', 'q', 'r', 's', 'six', 'space', 't', 'three', 'u', 'v', 'x', 'z', 'zero']
2026-10-05 15:46:13,962 | INFO | fontTools.subset | Glyph IDs:   [0, 1, 2, 3, 11, 12, 15, 19, 20, 22, 25, 27, 47, 51, 55, 68, 69, 70, 71, 72, 73, 74, 75, 76, 78, 79, 80, 81, 82, 83, 84, 85, 86, 87, 88, 89, 91, 93, 109, 125, 163, 165, 169]
2026-10-05 15:46:13,963 | INFO | fontTools.subset | Closed glyph list over 'MATH': 49 glyphs after
2026-10-05 15:46:13,963 | INFO | fontTools.subset | Glyph names: ['.notdef', '.null', 'L', 'P', 'T', 'a', 'aacute', 'atilde', 'b', 'c', 'ccedilla', 'comma', 'd', 'e', 'eight', 'f', 'g', 'guillemotleft', 'guillemotright', 'h', 'i', 'k', 'l', 'm', 'n', 'nonmarkingreturn', 'o', 'one', 'p', 'parenleft', 'parenright', 'q', 'r', 's', 'six', 'space', 't', 'three', 'u', 'uni239B', 'uni239C', 'uni239D', 'uni239E', 'uni239F', 'uni23A0', 'v', 'x', 'z', 'zero']
2026-10-05 15:46:13,963 | INFO | fontTools.subset | Glyph IDs:   [0, 1, 2, 3, 11, 12, 15, 19, 20, 22, 25, 27, 47, 51, 55, 68, 69, 70, 71, 72, 73, 74, 75, 76, 78, 79, 80, 81, 82, 83, 84, 85, 86, 87, 88, 89, 91, 93, 109, 125, 163, 165, 169, 3506, 3507, 3508, 3509, 3510, 3511]
2026-10-05 15:46:13,963 | INFO | fontTools.subset | Closing glyph list over 'GSUB': 49 glyphs before
2026-10-05 15:46:13,963 | INFO | fontTools.subset | Glyph names: ['.notdef', '.null', 'L', 'P', 'T', 'a', 'aacute', 'atilde', 'b', 'c', 'ccedilla', 'comma', 'd', 'e', 'eight', 'f', 'g', 'guillemotleft', 'guillemotright', 'h', 'i', 'k', 'l', 'm', 'n', 'nonmarkingreturn', 'o', 'one', 'p', 'parenleft', 'parenright', 'q', 'r', 's', 'six', 'space', 't', 'three', 'u', 'uni239B', 'uni239C', 'uni239D', 'uni239E', 'uni239F', 'uni23A0', 'v', 'x', 'z', 'zero']
2026-10-05 15:46:13,963 | INFO | fontTools.subset | Glyph IDs:   [0, 1, 2, 3, 11, 12, 15, 19, 20, 22, 25, 27, 47, 51, 55, 68, 69, 70, 71, 72, 73, 74, 75, 76, 78, 79, 80, 81, 82, 83, 84, 85, 86, 87, 88, 89, 91, 93, 109, 125, 163, 165, 169, 3506, 3507, 3508, 3509, 3510, 3511]
2026-10-05 15:46:13,967 | INFO | fontTools.subset | Closed glyph list over 'GSUB': 54 glyphs after
2026-10-05 15:46:13,967 | INFO | fontTools.subset | Glyph names: ['.notdef', '.null', 'L', 'P', 'T', 'a', 'aacute', 'atilde', 'b', 'c', 'ccedilla', 'comma', 'd', 'e', 'eight', 'f', 'fi', 'fl', 'g', 'guillemotleft', 'guillemotright', 'h', 'i', 'k', 'l', 'm', 'n', 'nonmarkingreturn', 'o', 'one', 'p', 'parenleft', 'parenright', 'q', 'r', 's', 'six', 'space', 't', 'three', 'u', 'uni239B', 'uni239C', 'uni239D', 'uni239E', 'uni239F', 'uni23A0', 'uniFB00', 'uniFB03', 'uniFB04', 'v', 'x', 'z', 'zero']
2026-10-05 15:46:13,967 | INFO | fontTools.subset | Glyph IDs:   [0, 1, 2, 3, 11, 12, 15, 19, 20, 22, 25, 27, 47, 51, 55, 68, 69, 70, 71, 72, 73, 74, 75, 76, 78, 79, 80, 81, 82, 83, 84, 85, 86, 87, 88, 89, 91, 93, 109, 125, 163, 165, 169, 3506, 3507, 3508, 3509, 3510, 3511, 5038, 5039, 5040, 5041, 5042]
2026-10-05 15:46:13,967 | INFO | fontTools.subset | Closing glyph list over 'glyf': 54 glyphs before
2026-10-05 15:46:13,967 | INFO | fontTools.subset | Glyph names: ['.notdef', '.null', 'L', 'P', 'T', 'a', 'aacute', 'atilde', 'b', 'c', 'ccedilla', 'comma', 'd', 'e', 'eight', 'f', 'fi', 'fl', 'g', 'guillemotleft', 'guillemotright', 'h', 'i', 'k', 'l', 'm', 'n', 'nonmarkingreturn', 'o', 'one', 'p', 'parenleft', 'parenright', 'q', 'r', 's', 'six', 'space', 't', 'three', 'u', 'uni239B', 'uni239C', 'uni239D', 'uni239E', 'uni239F', 'uni23A0', 'uniFB00', 'uniFB03', 'uniFB04', 'v', 'x', 'z', 'zero']
2026-10-05 15:46:13,967 | INFO | fontTools.subset | Glyph IDs:   [0, 1, 2, 3, 11, 12, 15, 19, 20, 22, 25, 27, 47, 51, 55, 68, 69, 70, 71, 72, 73, 74, 75, 76, 78, 79, 80, 81, 82, 83, 84, 85, 86, 87, 88, 89, 91, 93, 109, 125, 163, 165, 169, 3506, 3507, 3508, 3509, 3510, 3511, 5038, 5039, 5040, 5041, 5042]
2026-10-05 15:46:13,968 | INFO | fontTools.subset | Closed glyph list over 'glyf': 57 glyphs after
2026-10-05 15:46:13,968 | INFO | fontTools.subset | Glyph names: ['.notdef', '.null', 'L', 'P', 'T', 'a', 'aacute', 'acute', 'atilde', 'b', 'c', 'ccedilla', 'cedilla', 'comma', 'd', 'e', 'eight', 'f', 'fi', 'fl', 'g', 'guillemotleft', 'guillemotright', 'h', 'i', 'k', 'l', 'm', 'n', 'nonmarkingreturn', 'o', 'one', 'p', 'parenleft', 'parenright', 'q', 'r', 's', 'six', 'space', 't', 'three', 'tilde', 'u', 'uni239B', 'uni239C', 'uni239D', 'uni239E', 'uni239F', 'uni23A0', 'uniFB00', 'uniFB03', 'uniFB04', 'v', 'x', 'z', 'zero']
2026-10-05 15:46:13,968 | INFO | fontTools.subset | Glyph IDs:   [0, 1, 2, 3, 11, 12, 15, 19, 20, 22, 25, 27, 47, 51, 55, 68, 69, 70, 71, 72, 73, 74, 75, 76, 78, 79, 80, 81, 82, 83, 84, 85, 86, 87, 88, 89, 91, 93, 109, 118, 122, 125, 163, 165, 169, 670, 3506, 3507, 3508, 3509, 3510, 3511, 5038, 5039, 5040, 5041, 5042]
2026-10-05 15:46:13,968 | INFO | fontTools.subset | Retaining 57 glyphs
2026-10-05 15:46:13,968 | INFO | fontTools.subset | head subsetting not needed
2026-10-05 15:46:13,969 | INFO | fontTools.subset | hhea subsetting not needed
2026-10-05 15:46:13,969 | INFO | fontTools.subset | maxp subsetting not needed
2026-10-05 15:46:13,969 | INFO | fontTools.subset | OS/2 subsetting not needed
2026-10-05 15:46:13,972 | INFO | fontTools.subset | hmtx subsetted
2026-10-05 15:46:13,973 | INFO | fontTools.subset | cmap subsetted
2026-10-05 15:46:13,973 | INFO | fontTools.subset | fpgm subsetting not needed
2026-10-05 15:46:13,973 | INFO | fontTools.subset | prep subsetting not needed
2026-10-05 15:46:13,973 | INFO | fontTools.subset | cvt  subsetting not needed
2026-10-05 15:46:13,973 | INFO | fontTools.subset | loca subsetting not needed
2026-10-05 15:46:13,974 | INFO | fontTools.subset | post subsetted
2026-10-05 15:46:13,974 | INFO | fontTools.subset | gasp subsetting not needed
2026-10-05 15:46:13,974 | INFO | fontTools.subset | MATH subsetted
2026-10-05 15:46:13,975 | INFO | fontTools.subset | GDEF subsetted
2026-10-05 15:46:13,992 | INFO | fontTools.subset | GPOS subsetted
2026-10-05 15:46:13,993 | INFO | fontTools.subset | GSUB subsetted
2026-10-05 15:46:13,993 | INFO | fontTools.subset | name subsetting not needed
2026-10-05 15:46:13,995 | INFO | fontTools.subset | glyf subsetted
2026-10-05 15:46:13,995 | INFO | fontTools.subset | head pruned
2026-10-05 15:46:13,995 | INFO | fontTools.subset | OS/2 Unicode ranges pruned: [0, 1]
2026-10-05 15:46:13,995 | INFO | fontTools.subset | OS/2 CodePage ranges pruned: [0]
2026-10-05 15:46:13,996 | INFO | fontTools.subset | glyf pruned
2026-10-05 15:46:13,996 | INFO | fontTools.subset | GDEF pruned
2026-10-05 15:46:13,996 | INFO | fontTools.subset | GPOS pruned
2026-10-05 15:46:13,996 | INFO | fontTools.subset | GSUB pruned
2026-10-05 15:46:14,003 | INFO | fontTools.subset | name pruned
2026-10-05 15:46:14,010 | INFO | fontTools.subset | maxp pruned
2026-10-05 15:46:14,019 | INFO | fontTools.subset | cmap pruned
2026-10-05 15:46:14,019 | INFO | fontTools.subset | kern dropped
2026-10-05 15:46:14,019 | INFO | fontTools.subset | post pruned
2026-10-05 15:46:14,019 | INFO | fontTools.subset | FFTM dropped
2026-10-05 15:46:14,021 | INFO | fontTools.subset | GPOS pruned
2026-10-05 15:46:14,023 | INFO | fontTools.subset | GSUB pruned
2026-10-05 15:46:14,028 | INFO | fontTools.subset | glyf pruned
2026-10-05 15:46:14,029 | INFO | fontTools.subset | Added gid0 to subset
2026-10-05 15:46:14,029 | INFO | fontTools.subset | Added first four glyphs to subset
2026-10-05 15:46:14,030 | INFO | fontTools.subset | Closing glyph list over 'MATH': 5 glyphs before
2026-10-05 15:46:14,030 | INFO | fontTools.subset | Glyph names: ['.notdef', '.null', 'nonmarkingreturn', 'space', 'uni2423']
2026-10-05 15:46:14,030 | INFO | fontTools.subset | Glyph IDs:   [0, 1, 2, 3, 3532]
2026-10-05 15:46:14,031 | INFO | fontTools.subset | Closed glyph list over 'MATH': 5 glyphs after
2026-10-05 15:46:14,031 | INFO | fontTools.subset | Glyph names: ['.notdef', '.null', 'nonmarkingreturn', 'space', 'uni2423']
2026-10-05 15:46:14,031 | INFO | fontTools.subset | Glyph IDs:   [0, 1, 2, 3, 3532]
2026-10-05 15:46:14,031 | INFO | fontTools.subset | Closing glyph list over 'GSUB': 5 glyphs before
2026-10-05 15:46:14,031 | INFO | fontTools.subset | Glyph names: ['.notdef', '.null', 'nonmarkingreturn', 'space', 'uni2423']
2026-10-05 15:46:14,031 | INFO | fontTools.subset | Glyph IDs:   [0, 1, 2, 3, 3532]
2026-10-05 15:46:14,032 | INFO | fontTools.subset | Closed glyph list over 'GSUB': 5 glyphs after
2026-10-05 15:46:14,032 | INFO | fontTools.subset | Glyph names: ['.notdef', '.null', 'nonmarkingreturn', 'space', 'uni2423']
2026-10-05 15:46:14,033 | INFO | fontTools.subset | Glyph IDs:   [0, 1, 2, 3, 3532]
2026-10-05 15:46:14,033 | INFO | fontTools.subset | Closing glyph list over 'glyf': 5 glyphs before
2026-10-05 15:46:14,033 | INFO | fontTools.subset | Glyph names: ['.notdef', '.null', 'nonmarkingreturn', 'space', 'uni2423']
2026-10-05 15:46:14,033 | INFO | fontTools.subset | Glyph IDs:   [0, 1, 2, 3, 3532]
2026-10-05 15:46:14,033 | INFO | fontTools.subset | Closed glyph list over 'glyf': 5 glyphs after
2026-10-05 15:46:14,033 | INFO | fontTools.subset | Glyph names: ['.notdef', '.null', 'nonmarkingreturn', 'space', 'uni2423']
2026-10-05 15:46:14,033 | INFO | fontTools.subset | Glyph IDs:   [0, 1, 2, 3, 3532]
2026-10-05 15:46:14,033 | INFO | fontTools.subset | Retaining 5 glyphs
2026-10-05 15:46:14,034 | INFO | fontTools.subset | head subsetting not needed
2026-10-05 15:46:14,034 | INFO | fontTools.subset | hhea subsetting not needed
2026-10-05 15:46:14,034 | INFO | fontTools.subset | maxp subsetting not needed
2026-10-05 15:46:14,034 | INFO | fontTools.subset | OS/2 subsetting not needed
2026-10-05 15:46:14,037 | INFO | fontTools.subset | hmtx subsetted
2026-10-05 15:46:14,038 | INFO | fontTools.subset | cmap subsetted
2026-10-05 15:46:14,038 | INFO | fontTools.subset | fpgm subsetting not needed
2026-10-05 15:46:14,038 | INFO | fontTools.subset | prep subsetting not needed
2026-10-05 15:46:14,038 | INFO | fontTools.subset | cvt  subsetting not needed
2026-10-05 15:46:14,038 | INFO | fontTools.subset | loca subsetting not needed
2026-10-05 15:46:14,039 | INFO | fontTools.subset | post subsetted
2026-10-05 15:46:14,039 | INFO | fontTools.subset | gasp subsetting not needed
2026-10-05 15:46:14,039 | INFO | fontTools.subset | MATH subsetted
2026-10-05 15:46:14,040 | INFO | fontTools.subset | GDEF subsetted
2026-10-05 15:46:14,056 | INFO | fontTools.subset | GPOS subsetted
2026-10-05 15:46:14,056 | INFO | fontTools.subset | GSUB subsetted
2026-10-05 15:46:14,056 | INFO | fontTools.subset | name subsetting not needed
2026-10-05 15:46:14,058 | INFO | fontTools.subset | glyf subsetted
2026-10-05 15:46:14,058 | INFO | fontTools.subset | head pruned
2026-10-05 15:46:14,058 | INFO | fontTools.subset | OS/2 Unicode ranges pruned: [40]
2026-10-05 15:46:14,058 | INFO | fontTools.subset | OS/2 CodePage ranges pruned: [0]
2026-10-05 15:46:14,058 | INFO | fontTools.subset | glyf pruned
2026-10-05 15:46:14,058 | INFO | fontTools.subset | GDEF pruned
2026-10-05 15:46:14,059 | INFO | fontTools.subset | GPOS pruned
2026-10-05 15:46:14,059 | INFO | fontTools.subset | GSUB pruned
2026-10-05 15:46:14,060 | INFO | fontTools.subset | name pruned
2026-10-05 15:46:14,309 | INFO | fontTools.subset | maxp pruned
2026-10-05 15:46:14,317 | INFO | fontTools.subset | cmap pruned
2026-10-05 15:46:14,318 | INFO | fontTools.subset | kern dropped
2026-10-05 15:46:14,318 | INFO | fontTools.subset | post pruned
2026-10-05 15:46:14,318 | INFO | fontTools.subset | FFTM dropped
2026-10-05 15:46:14,319 | INFO | fontTools.subset | GPOS pruned
2026-10-05 15:46:14,322 | INFO | fontTools.subset | GSUB pruned
2026-10-05 15:46:14,399 | INFO | fontTools.subset | glyf pruned
2026-10-05 15:46:14,400 | INFO | fontTools.subset | Added gid0 to subset
2026-10-05 15:46:14,401 | INFO | fontTools.subset | Added first four glyphs to subset
2026-10-05 15:46:14,401 | INFO | fontTools.subset | Closing glyph list over 'MATH': 39 glyphs before
2026-10-05 15:46:14,401 | INFO | fontTools.subset | Glyph names: ['.notdef', '.null', 'J', 'L', 'a', 'c', 'comma', 'd', 'e', 'eacute', 'ecircumflex', 'eight', 'f', 'five', 'four', 'i', 'iacute', 'l', 'm', 'n', 'nine', 'nonmarkingreturn', 'o', 'one', 'p', 'parenleft', 'parenright', 'q', 'r', 's', 'six', 'space', 't', 'three', 'two', 'u', 'underscore', 'x', 'zero']
2026-10-05 15:46:14,401 | INFO | fontTools.subset | Glyph IDs:   [0, 1, 2, 3, 11, 12, 15, 19, 20, 21, 22, 23, 24, 25, 27, 28, 45, 47, 66, 68, 70, 71, 72, 73, 76, 79, 80, 81, 82, 83, 84, 85, 86, 87, 88, 91, 171, 172, 175]
2026-10-05 15:46:14,402 | INFO | fontTools.subset | Closed glyph list over 'MATH': 45 glyphs after
2026-10-05 15:46:14,402 | INFO | fontTools.subset | Glyph names: ['.notdef', '.null', 'J', 'L', 'a', 'c', 'comma', 'd', 'e', 'eacute', 'ecircumflex', 'eight', 'f', 'five', 'four', 'i', 'iacute', 'l', 'm', 'n', 'nine', 'nonmarkingreturn', 'o', 'one', 'p', 'parenleft', 'parenright', 'q', 'r', 's', 'six', 'space', 't', 'three', 'two', 'u', 'underscore', 'uni239B', 'uni239C', 'uni239D', 'uni239E', 'uni239F', 'uni23A0', 'x', 'zero']
2026-10-05 15:46:14,403 | INFO | fontTools.subset | Glyph IDs:   [0, 1, 2, 3, 11, 12, 15, 19, 20, 21, 22, 23, 24, 25, 27, 28, 45, 47, 66, 68, 70, 71, 72, 73, 76, 79, 80, 81, 82, 83, 84, 85, 86, 87, 88, 91, 171, 172, 175, 3506, 3507, 3508, 3509, 3510, 3511]
2026-10-05 15:46:14,403 | INFO | fontTools.subset | Closing glyph list over 'GSUB': 45 glyphs before
2026-10-05 15:46:14,403 | INFO | fontTools.subset | Glyph names: ['.notdef', '.null', 'J', 'L', 'a', 'c', 'comma', 'd', 'e', 'eacute', 'ecircumflex', 'eight', 'f', 'five', 'four', 'i', 'iacute', 'l', 'm', 'n', 'nine', 'nonmarkingreturn', 'o', 'one', 'p', 'parenleft', 'parenright', 'q', 'r', 's', 'six', 'space', 't', 'three', 'two', 'u', 'underscore', 'uni239B', 'uni239C', 'uni239D', 'uni239E', 'uni239F', 'uni23A0', 'x', 'zero']
2026-10-05 15:46:14,403 | INFO | fontTools.subset | Glyph IDs:   [0, 1, 2, 3, 11, 12, 15, 19, 20, 21, 22, 23, 24, 25, 27, 28, 45, 47, 66, 68, 70, 71, 72, 73, 76, 79, 80, 81, 82, 83, 84, 85, 86, 87, 88, 91, 171, 172, 175, 3506, 3507, 3508, 3509, 3510, 3511]
2026-10-05 15:46:14,405 | INFO | fontTools.subset | Closed glyph list over 'GSUB': 50 glyphs after
2026-10-05 15:46:14,405 | INFO | fontTools.subset | Glyph names: ['.notdef', '.null', 'J', 'L', 'a', 'c', 'comma', 'd', 'e', 'eacute', 'ecircumflex', 'eight', 'f', 'fi', 'five', 'fl', 'four', 'i', 'iacute', 'l', 'm', 'n', 'nine', 'nonmarkingreturn', 'o', 'one', 'p', 'parenleft', 'parenright', 'q', 'r', 's', 'six', 'space', 't', 'three', 'two', 'u', 'underscore', 'uni239B', 'uni239C', 'uni239D', 'uni239E', 'uni239F', 'uni23A0', 'uniFB00', 'uniFB03', 'uniFB04', 'x', 'zero']
2026-10-05 15:46:14,406 | INFO | fontTools.subset | Glyph IDs:   [0, 1, 2, 3, 11, 12, 15, 19, 20, 21, 22, 23, 24, 25, 27, 28, 45, 47, 66, 68, 70, 71, 72, 73, 76, 79, 80, 81, 82, 83, 84, 85, 86, 87, 88, 91, 171, 172, 175, 3506, 3507, 3508, 3509, 3510, 3511, 5038, 5039, 5040, 5041, 5042]
2026-10-05 15:46:14,406 | INFO | fontTools.subset | Closing glyph list over 'glyf': 50 glyphs before
2026-10-05 15:46:14,406 | INFO | fontTools.subset | Glyph names: ['.notdef', '.null', 'J', 'L', 'a', 'c', 'comma', 'd', 'e', 'eacute', 'ecircumflex', 'eight', 'f', 'fi', 'five', 'fl', 'four', 'i', 'iacute', 'l', 'm', 'n', 'nine', 'nonmarkingreturn', 'o', 'one', 'p', 'parenleft', 'parenright', 'q', 'r', 's', 'six', 'space', 't', 'three', 'two', 'u', 'underscore', 'uni239B', 'uni239C', 'uni239D', 'uni239E', 'uni239F', 'uni23A0', 'uniFB00', 'uniFB03', 'uniFB04', 'x', 'zero']
2026-10-05 15:46:14,406 | INFO | fontTools.subset | Glyph IDs:   [0, 1, 2, 3, 11, 12, 15, 19, 20, 21, 22, 23, 24, 25, 27, 28, 45, 47, 66, 68, 70, 71, 72, 73, 76, 79, 80, 81, 82, 83, 84, 85, 86, 87, 88, 91, 171, 172, 175, 3506, 3507, 3508, 3509, 3510, 3511, 5038, 5039, 5040, 5041, 5042]
2026-10-05 15:46:14,406 | INFO | fontTools.subset | Closed glyph list over 'glyf': 53 glyphs after
2026-10-05 15:46:14,406 | INFO | fontTools.subset | Glyph names: ['.notdef', '.null', 'J', 'L', 'a', 'acute', 'c', 'circumflex', 'comma', 'd', 'dotlessi', 'e', 'eacute', 'ecircumflex', 'eight', 'f', 'fi', 'five', 'fl', 'four', 'i', 'iacute', 'l', 'm', 'n', 'nine', 'nonmarkingreturn', 'o', 'one', 'p', 'parenleft', 'parenright', 'q', 'r', 's', 'six', 'space', 't', 'three', 'two', 'u', 'underscore', 'uni239B', 'uni239C', 'uni239D', 'uni239E', 'uni239F', 'uni23A0', 'uniFB00', 'uniFB03', 'uniFB04', 'x', 'zero']
2026-10-05 15:46:14,406 | INFO | fontTools.subset | Glyph IDs:   [0, 1, 2, 3, 11, 12, 15, 19, 20, 21, 22, 23, 24, 25, 27, 28, 45, 47, 66, 68, 70, 71, 72, 73, 76, 79, 80, 81, 82, 83, 84, 85, 86, 87, 88, 91, 118, 171, 172, 175, 243, 648, 3506, 3507, 3508, 3509, 3510, 3511, 5038, 5039, 5040, 5041, 5042]
2026-10-05 15:46:14,407 | INFO | fontTools.subset | Retaining 53 glyphs
2026-10-05 15:46:14,407 | INFO | fontTools.subset | head subsetting not needed
2026-10-05 15:46:14,407 | INFO | fontTools.subset | hhea subsetting not needed
2026-10-05 15:46:14,407 | INFO | fontTools.subset | maxp subsetting not needed
2026-10-05 15:46:14,407 | INFO | fontTools.subset | OS/2 subsetting not needed
2026-10-05 15:46:14,409 | INFO | fontTools.subset | hmtx subsetted
2026-10-05 15:46:14,412 | INFO | fontTools.subset | cmap subsetted
2026-10-05 15:46:14,412 | INFO | fontTools.subset | fpgm subsetting not needed
2026-10-05 15:46:14,412 | INFO | fontTools.subset | prep subsetting not needed
2026-10-05 15:46:14,412 | INFO | fontTools.subset | cvt  subsetting not needed
2026-10-05 15:46:14,412 | INFO | fontTools.subset | loca subsetting not needed
2026-10-05 15:46:14,412 | INFO | fontTools.subset | post subsetted
2026-10-05 15:46:14,412 | INFO | fontTools.subset | gasp subsetting not needed
2026-10-05 15:46:14,412 | INFO | fontTools.subset | MATH subsetted
2026-10-05 15:46:14,414 | INFO | fontTools.subset | GDEF subsetted
2026-10-05 15:46:14,429 | INFO | fontTools.subset | GPOS subsetted
2026-10-05 15:46:14,431 | INFO | fontTools.subset | GSUB subsetted
2026-10-05 15:46:14,431 | INFO | fontTools.subset | name subsetting not needed
2026-10-05 15:46:14,432 | INFO | fontTools.subset | glyf subsetted
2026-10-05 15:46:14,433 | INFO | fontTools.subset | head pruned
2026-10-05 15:46:14,433 | INFO | fontTools.subset | OS/2 Unicode ranges pruned: [0, 1]
2026-10-05 15:46:14,433 | INFO | fontTools.subset | OS/2 CodePage ranges pruned: [0]
2026-10-05 15:46:14,433 | INFO | fontTools.subset | glyf pruned
2026-10-05 15:46:14,433 | INFO | fontTools.subset | GDEF pruned
2026-10-05 15:46:14,434 | INFO | fontTools.subset | GPOS pruned
2026-10-05 15:46:14,434 | INFO | fontTools.subset | GSUB pruned
2026-10-05 15:46:14,438 | INFO | fontTools.subset | name pruned
2026-10-05 15:46:14,445 | INFO | fontTools.subset | maxp pruned
2026-10-05 15:46:14,453 | INFO | fontTools.subset | cmap pruned
2026-10-05 15:46:14,453 | INFO | fontTools.subset | kern dropped
2026-10-05 15:46:14,454 | INFO | fontTools.subset | post pruned
2026-10-05 15:46:14,454 | INFO | fontTools.subset | FFTM dropped
2026-10-05 15:46:14,455 | INFO | fontTools.subset | GPOS pruned
2026-10-05 15:46:14,458 | INFO | fontTools.subset | GSUB pruned
2026-10-05 15:46:14,463 | INFO | fontTools.subset | glyf pruned
2026-10-05 15:46:14,464 | INFO | fontTools.subset | Added gid0 to subset
2026-10-05 15:46:14,464 | INFO | fontTools.subset | Added first four glyphs to subset
2026-10-05 15:46:14,464 | INFO | fontTools.subset | Closing glyph list over 'MATH': 6 glyphs before
2026-10-05 15:46:14,464 | INFO | fontTools.subset | Glyph names: ['.notdef', '.null', 'endash', 'nonmarkingreturn', 'space', 'uni2113']
2026-10-05 15:46:14,465 | INFO | fontTools.subset | Glyph IDs:   [0, 1, 2, 3, 2805, 2986]
2026-10-05 15:46:14,465 | INFO | fontTools.subset | Closed glyph list over 'MATH': 6 glyphs after
2026-10-05 15:46:14,465 | INFO | fontTools.subset | Glyph names: ['.notdef', '.null', 'endash', 'nonmarkingreturn', 'space', 'uni2113']
2026-10-05 15:46:14,465 | INFO | fontTools.subset | Glyph IDs:   [0, 1, 2, 3, 2805, 2986]
2026-10-05 15:46:14,465 | INFO | fontTools.subset | Closing glyph list over 'GSUB': 6 glyphs before
2026-10-05 15:46:14,465 | INFO | fontTools.subset | Glyph names: ['.notdef', '.null', 'endash', 'nonmarkingreturn', 'space', 'uni2113']
2026-10-05 15:46:14,466 | INFO | fontTools.subset | Glyph IDs:   [0, 1, 2, 3, 2805, 2986]
2026-10-05 15:46:14,467 | INFO | fontTools.subset | Closed glyph list over 'GSUB': 6 glyphs after
2026-10-05 15:46:14,467 | INFO | fontTools.subset | Glyph names: ['.notdef', '.null', 'endash', 'nonmarkingreturn', 'space', 'uni2113']
2026-10-05 15:46:14,467 | INFO | fontTools.subset | Glyph IDs:   [0, 1, 2, 3, 2805, 2986]
2026-10-05 15:46:14,467 | INFO | fontTools.subset | Closing glyph list over 'glyf': 6 glyphs before
2026-10-05 15:46:14,467 | INFO | fontTools.subset | Glyph names: ['.notdef', '.null', 'endash', 'nonmarkingreturn', 'space', 'uni2113']
2026-10-05 15:46:14,467 | INFO | fontTools.subset | Glyph IDs:   [0, 1, 2, 3, 2805, 2986]
2026-10-05 15:46:14,467 | INFO | fontTools.subset | Closed glyph list over 'glyf': 6 glyphs after
2026-10-05 15:46:14,467 | INFO | fontTools.subset | Glyph names: ['.notdef', '.null', 'endash', 'nonmarkingreturn', 'space', 'uni2113']
2026-10-05 15:46:14,467 | INFO | fontTools.subset | Glyph IDs:   [0, 1, 2, 3, 2805, 2986]
2026-10-05 15:46:14,468 | INFO | fontTools.subset | Retaining 6 glyphs
2026-10-05 15:46:14,468 | INFO | fontTools.subset | head subsetting not needed
2026-10-05 15:46:14,468 | INFO | fontTools.subset | hhea subsetting not needed
2026-10-05 15:46:14,468 | INFO | fontTools.subset | maxp subsetting not needed
2026-10-05 15:46:14,468 | INFO | fontTools.subset | OS/2 subsetting not needed
2026-10-05 15:46:14,471 | INFO | fontTools.subset | hmtx subsetted
2026-10-05 15:46:14,473 | INFO | fontTools.subset | cmap subsetted
2026-10-05 15:46:14,473 | INFO | fontTools.subset | fpgm subsetting not needed
2026-10-05 15:46:14,473 | INFO | fontTools.subset | prep subsetting not needed
2026-10-05 15:46:14,473 | INFO | fontTools.subset | cvt  subsetting not needed
2026-10-05 15:46:14,473 | INFO | fontTools.subset | loca subsetting not needed
2026-10-05 15:46:14,473 | INFO | fontTools.subset | post subsetted
2026-10-05 15:46:14,473 | INFO | fontTools.subset | gasp subsetting not needed
2026-10-05 15:46:14,473 | INFO | fontTools.subset | MATH subsetted
2026-10-05 15:46:14,475 | INFO | fontTools.subset | GDEF subsetted
2026-10-05 15:46:14,490 | INFO | fontTools.subset | GPOS subsetted
2026-10-05 15:46:14,491 | INFO | fontTools.subset | GSUB subsetted
2026-10-05 15:46:14,491 | INFO | fontTools.subset | name subsetting not needed
2026-10-05 15:46:14,492 | INFO | fontTools.subset | glyf subsetted
2026-10-05 15:46:14,493 | INFO | fontTools.subset | head pruned
2026-10-05 15:46:14,493 | INFO | fontTools.subset | OS/2 Unicode ranges pruned: [31, 35]
2026-10-05 15:46:14,493 | INFO | fontTools.subset | OS/2 CodePage ranges pruned: [0]
2026-10-05 15:46:14,493 | INFO | fontTools.subset | glyf pruned
2026-10-05 15:46:14,493 | INFO | fontTools.subset | GDEF pruned
2026-10-05 15:46:14,493 | INFO | fontTools.subset | GPOS pruned
2026-10-05 15:46:14,494 | INFO | fontTools.subset | GSUB pruned
2026-10-05 15:46:14,495 | INFO | fontTools.subset | name pruned
2026-10-05 15:46:14,847 | INFO | fontTools.subset | maxp pruned
2026-10-05 15:46:14,856 | INFO | fontTools.subset | cmap pruned
2026-10-05 15:46:14,856 | INFO | fontTools.subset | kern dropped
2026-10-05 15:46:14,856 | INFO | fontTools.subset | post pruned
2026-10-05 15:46:14,856 | INFO | fontTools.subset | FFTM dropped
2026-10-05 15:46:14,857 | INFO | fontTools.subset | GPOS pruned
2026-10-05 15:46:14,861 | INFO | fontTools.subset | GSUB pruned
2026-10-05 15:46:14,866 | INFO | fontTools.subset | glyf pruned
2026-10-05 15:46:14,867 | INFO | fontTools.subset | Added gid0 to subset
2026-10-05 15:46:14,867 | INFO | fontTools.subset | Added first four glyphs to subset
2026-10-05 15:46:14,867 | INFO | fontTools.subset | Closing glyph list over 'MATH': 43 glyphs before
2026-10-05 15:46:14,867 | INFO | fontTools.subset | Glyph names: ['.notdef', '.null', 'D', 'L', 'a', 'atilde', 'c', 'ccedilla', 'comma', 'd', 'e', 'ecircumflex', 'eight', 'equal', 'f', 'five', 'four', 'g', 'i', 'iacute', 'k', 'l', 'm', 'n', 'nine', 'nonmarkingreturn', 'o', 'one', 'p', 'q', 'r', 'six', 'slash', 'space', 't', 'three', 'two', 'u', 'uacute', 'underscore', 'v', 'x', 'zero']
2026-10-05 15:46:14,868 | INFO | fontTools.subset | Glyph IDs:   [0, 1, 2, 3, 15, 18, 19, 20, 21, 22, 23, 24, 25, 27, 28, 32, 39, 47, 66, 68, 70, 71, 72, 73, 74, 76, 78, 79, 80, 81, 82, 83, 84, 85, 87, 88, 89, 91, 165, 169, 172, 175, 188]
2026-10-05 15:46:14,868 | INFO | fontTools.subset | Closed glyph list over 'MATH': 43 glyphs after
2026-10-05 15:46:14,868 | INFO | fontTools.subset | Glyph names: ['.notdef', '.null', 'D', 'L', 'a', 'atilde', 'c', 'ccedilla', 'comma', 'd', 'e', 'ecircumflex', 'eight', 'equal', 'f', 'five', 'four', 'g', 'i', 'iacute', 'k', 'l', 'm', 'n', 'nine', 'nonmarkingreturn', 'o', 'one', 'p', 'q', 'r', 'six', 'slash', 'space', 't', 'three', 'two', 'u', 'uacute', 'underscore', 'v', 'x', 'zero']
2026-10-05 15:46:14,868 | INFO | fontTools.subset | Glyph IDs:   [0, 1, 2, 3, 15, 18, 19, 20, 21, 22, 23, 24, 25, 27, 28, 32, 39, 47, 66, 68, 70, 71, 72, 73, 74, 76, 78, 79, 80, 81, 82, 83, 84, 85, 87, 88, 89, 91, 165, 169, 172, 175, 188]
2026-10-05 15:46:14,868 | INFO | fontTools.subset | Closing glyph list over 'GSUB': 43 glyphs before
2026-10-05 15:46:14,868 | INFO | fontTools.subset | Glyph names: ['.notdef', '.null', 'D', 'L', 'a', 'atilde', 'c', 'ccedilla', 'comma', 'd', 'e', 'ecircumflex', 'eight', 'equal', 'f', 'five', 'four', 'g', 'i', 'iacute', 'k', 'l', 'm', 'n', 'nine', 'nonmarkingreturn', 'o', 'one', 'p', 'q', 'r', 'six', 'slash', 'space', 't', 'three', 'two', 'u', 'uacute', 'underscore', 'v', 'x', 'zero']
2026-10-05 15:46:14,869 | INFO | fontTools.subset | Glyph IDs:   [0, 1, 2, 3, 15, 18, 19, 20, 21, 22, 23, 24, 25, 27, 28, 32, 39, 47, 66, 68, 70, 71, 72, 73, 74, 76, 78, 79, 80, 81, 82, 83, 84, 85, 87, 88, 89, 91, 165, 169, 172, 175, 188]
2026-10-05 15:46:14,871 | INFO | fontTools.subset | Closed glyph list over 'GSUB': 48 glyphs after
2026-10-05 15:46:14,871 | INFO | fontTools.subset | Glyph names: ['.notdef', '.null', 'D', 'L', 'a', 'atilde', 'c', 'ccedilla', 'comma', 'd', 'e', 'ecircumflex', 'eight', 'equal', 'f', 'fi', 'five', 'fl', 'four', 'g', 'i', 'iacute', 'k', 'l', 'm', 'n', 'nine', 'nonmarkingreturn', 'o', 'one', 'p', 'q', 'r', 'six', 'slash', 'space', 't', 'three', 'two', 'u', 'uacute', 'underscore', 'uniFB00', 'uniFB03', 'uniFB04', 'v', 'x', 'zero']
2026-10-05 15:46:14,871 | INFO | fontTools.subset | Glyph IDs:   [0, 1, 2, 3, 15, 18, 19, 20, 21, 22, 23, 24, 25, 27, 28, 32, 39, 47, 66, 68, 70, 71, 72, 73, 74, 76, 78, 79, 80, 81, 82, 83, 84, 85, 87, 88, 89, 91, 165, 169, 172, 175, 188, 5038, 5039, 5040, 5041, 5042]
2026-10-05 15:46:14,872 | INFO | fontTools.subset | Closing glyph list over 'glyf': 48 glyphs before
2026-10-05 15:46:14,872 | INFO | fontTools.subset | Glyph names: ['.notdef', '.null', 'D', 'L', 'a', 'atilde', 'c', 'ccedilla', 'comma', 'd', 'e', 'ecircumflex', 'eight', 'equal', 'f', 'fi', 'five', 'fl', 'four', 'g', 'i', 'iacute', 'k', 'l', 'm', 'n', 'nine', 'nonmarkingreturn', 'o', 'one', 'p', 'q', 'r', 'six', 'slash', 'space', 't', 'three', 'two', 'u', 'uacute', 'underscore', 'uniFB00', 'uniFB03', 'uniFB04', 'v', 'x', 'zero']
2026-10-05 15:46:14,872 | INFO | fontTools.subset | Glyph IDs:   [0, 1, 2, 3, 15, 18, 19, 20, 21, 22, 23, 24, 25, 27, 28, 32, 39, 47, 66, 68, 70, 71, 72, 73, 74, 76, 78, 79, 80, 81, 82, 83, 84, 85, 87, 88, 89, 91, 165, 169, 172, 175, 188, 5038, 5039, 5040, 5041, 5042]
2026-10-05 15:46:14,872 | INFO | fontTools.subset | Closed glyph list over 'glyf': 53 glyphs after
2026-10-05 15:46:14,872 | INFO | fontTools.subset | Glyph names: ['.notdef', '.null', 'D', 'L', 'a', 'acute', 'atilde', 'c', 'ccedilla', 'cedilla', 'circumflex', 'comma', 'd', 'dotlessi', 'e', 'ecircumflex', 'eight', 'equal', 'f', 'fi', 'five', 'fl', 'four', 'g', 'i', 'iacute', 'k', 'l', 'm', 'n', 'nine', 'nonmarkingreturn', 'o', 'one', 'p', 'q', 'r', 'six', 'slash', 'space', 't', 'three', 'tilde', 'two', 'u', 'uacute', 'underscore', 'uniFB00', 'uniFB03', 'uniFB04', 'v', 'x', 'zero']
2026-10-05 15:46:14,872 | INFO | fontTools.subset | Glyph IDs:   [0, 1, 2, 3, 15, 18, 19, 20, 21, 22, 23, 24, 25, 27, 28, 32, 39, 47, 66, 68, 70, 71, 72, 73, 74, 76, 78, 79, 80, 81, 82, 83, 84, 85, 87, 88, 89, 91, 118, 122, 165, 169, 172, 175, 188, 243, 648, 670, 5038, 5039, 5040, 5041, 5042]
2026-10-05 15:46:14,872 | INFO | fontTools.subset | Retaining 53 glyphs
2026-10-05 15:46:14,873 | INFO | fontTools.subset | head subsetting not needed
2026-10-05 15:46:14,873 | INFO | fontTools.subset | hhea subsetting not needed
2026-10-05 15:46:14,873 | INFO | fontTools.subset | maxp subsetting not needed
2026-10-05 15:46:14,873 | INFO | fontTools.subset | OS/2 subsetting not needed
2026-10-05 15:46:14,876 | INFO | fontTools.subset | hmtx subsetted
2026-10-05 15:46:14,878 | INFO | fontTools.subset | cmap subsetted
2026-10-05 15:46:14,878 | INFO | fontTools.subset | fpgm subsetting not needed
2026-10-05 15:46:14,878 | INFO | fontTools.subset | prep subsetting not needed
2026-10-05 15:46:14,878 | INFO | fontTools.subset | cvt  subsetting not needed
2026-10-05 15:46:14,878 | INFO | fontTools.subset | loca subsetting not needed
2026-10-05 15:46:14,878 | INFO | fontTools.subset | post subsetted
2026-10-05 15:46:14,879 | INFO | fontTools.subset | gasp subsetting not needed
2026-10-05 15:46:14,879 | INFO | fontTools.subset | MATH subsetted
2026-10-05 15:46:14,880 | INFO | fontTools.subset | GDEF subsetted
2026-10-05 15:46:14,895 | INFO | fontTools.subset | GPOS subsetted
2026-10-05 15:46:14,897 | INFO | fontTools.subset | GSUB subsetted
2026-10-05 15:46:14,897 | INFO | fontTools.subset | name subsetting not needed
2026-10-05 15:46:14,898 | INFO | fontTools.subset | glyf subsetted
2026-10-05 15:46:14,899 | INFO | fontTools.subset | head pruned
2026-10-05 15:46:14,899 | INFO | fontTools.subset | OS/2 Unicode ranges pruned: [0, 1]
2026-10-05 15:46:14,899 | INFO | fontTools.subset | OS/2 CodePage ranges pruned: [0]
2026-10-05 15:46:14,899 | INFO | fontTools.subset | glyf pruned
2026-10-05 15:46:14,900 | INFO | fontTools.subset | GDEF pruned
2026-10-05 15:46:14,900 | INFO | fontTools.subset | GPOS pruned
2026-10-05 15:46:14,900 | INFO | fontTools.subset | GSUB pruned
2026-10-05 15:46:14,905 | INFO | fontTools.subset | name pruned
2026-10-05 15:46:14,912 | INFO | fontTools.subset | maxp pruned
2026-10-05 15:46:14,920 | INFO | fontTools.subset | cmap pruned
2026-10-05 15:46:14,920 | INFO | fontTools.subset | kern dropped
2026-10-05 15:46:14,920 | INFO | fontTools.subset | post pruned
2026-10-05 15:46:14,920 | INFO | fontTools.subset | FFTM dropped
2026-10-05 15:46:14,922 | INFO | fontTools.subset | GPOS pruned
2026-10-05 15:46:14,924 | INFO | fontTools.subset | GSUB pruned
2026-10-05 15:46:14,929 | INFO | fontTools.subset | glyf pruned
2026-10-05 15:46:14,930 | INFO | fontTools.subset | Added gid0 to subset
2026-10-05 15:46:14,930 | INFO | fontTools.subset | Added first four glyphs to subset
2026-10-05 15:46:14,930 | INFO | fontTools.subset | Closing glyph list over 'MATH': 7 glyphs before
2026-10-05 15:46:14,930 | INFO | fontTools.subset | Glyph names: ['.notdef', '.null', 'D', 'Tilde', 'endash', 'nonmarkingreturn', 'space']
2026-10-05 15:46:14,931 | INFO | fontTools.subset | Glyph IDs:   [0, 1, 2, 3, 39, 2805, 5912]
2026-10-05 15:46:14,931 | INFO | fontTools.subset | Closed glyph list over 'MATH': 7 glyphs after
2026-10-05 15:46:14,931 | INFO | fontTools.subset | Glyph names: ['.notdef', '.null', 'D', 'Tilde', 'endash', 'nonmarkingreturn', 'space']
2026-10-05 15:46:14,931 | INFO | fontTools.subset | Glyph IDs:   [0, 1, 2, 3, 39, 2805, 5912]
2026-10-05 15:46:14,931 | INFO | fontTools.subset | Closing glyph list over 'GSUB': 7 glyphs before
2026-10-05 15:46:14,931 | INFO | fontTools.subset | Glyph names: ['.notdef', '.null', 'D', 'Tilde', 'endash', 'nonmarkingreturn', 'space']
2026-10-05 15:46:14,931 | INFO | fontTools.subset | Glyph IDs:   [0, 1, 2, 3, 39, 2805, 5912]
2026-10-05 15:46:14,933 | INFO | fontTools.subset | Closed glyph list over 'GSUB': 7 glyphs after
2026-10-05 15:46:14,933 | INFO | fontTools.subset | Glyph names: ['.notdef', '.null', 'D', 'Tilde', 'endash', 'nonmarkingreturn', 'space']
2026-10-05 15:46:14,933 | INFO | fontTools.subset | Glyph IDs:   [0, 1, 2, 3, 39, 2805, 5912]
2026-10-05 15:46:14,933 | INFO | fontTools.subset | Closing glyph list over 'glyf': 7 glyphs before
2026-10-05 15:46:14,933 | INFO | fontTools.subset | Glyph names: ['.notdef', '.null', 'D', 'Tilde', 'endash', 'nonmarkingreturn', 'space']
2026-10-05 15:46:14,933 | INFO | fontTools.subset | Glyph IDs:   [0, 1, 2, 3, 39, 2805, 5912]
2026-10-05 15:46:14,933 | INFO | fontTools.subset | Closed glyph list over 'glyf': 7 glyphs after
2026-10-05 15:46:14,933 | INFO | fontTools.subset | Glyph names: ['.notdef', '.null', 'D', 'Tilde', 'endash', 'nonmarkingreturn', 'space']
2026-10-05 15:46:14,933 | INFO | fontTools.subset | Glyph IDs:   [0, 1, 2, 3, 39, 2805, 5912]
2026-10-05 15:46:14,934 | INFO | fontTools.subset | Retaining 7 glyphs
2026-10-05 15:46:14,934 | INFO | fontTools.subset | head subsetting not needed
2026-10-05 15:46:14,934 | INFO | fontTools.subset | hhea subsetting not needed
2026-10-05 15:46:14,934 | INFO | fontTools.subset | maxp subsetting not needed
2026-10-05 15:46:14,934 | INFO | fontTools.subset | OS/2 subsetting not needed
2026-10-05 15:46:15,002 | INFO | fontTools.subset | hmtx subsetted
2026-10-05 15:46:15,004 | INFO | fontTools.subset | cmap subsetted
2026-10-05 15:46:15,004 | INFO | fontTools.subset | fpgm subsetting not needed
2026-10-05 15:46:15,004 | INFO | fontTools.subset | prep subsetting not needed
2026-10-05 15:46:15,004 | INFO | fontTools.subset | cvt  subsetting not needed
2026-10-05 15:46:15,004 | INFO | fontTools.subset | loca subsetting not needed
2026-10-05 15:46:15,004 | INFO | fontTools.subset | post subsetted
2026-10-05 15:46:15,004 | INFO | fontTools.subset | gasp subsetting not needed
2026-10-05 15:46:15,004 | INFO | fontTools.subset | MATH subsetted
2026-10-05 15:46:15,006 | INFO | fontTools.subset | GDEF subsetted
2026-10-05 15:46:15,021 | INFO | fontTools.subset | GPOS subsetted
2026-10-05 15:46:15,022 | INFO | fontTools.subset | GSUB subsetted
2026-10-05 15:46:15,022 | INFO | fontTools.subset | name subsetting not needed
2026-10-05 15:46:15,024 | INFO | fontTools.subset | glyf subsetted
2026-10-05 15:46:15,024 | INFO | fontTools.subset | head pruned
2026-10-05 15:46:15,024 | INFO | fontTools.subset | OS/2 Unicode ranges pruned: [0, 31]
2026-10-05 15:46:15,024 | INFO | fontTools.subset | OS/2 CodePage ranges pruned: [0]
2026-10-05 15:46:15,024 | INFO | fontTools.subset | glyf pruned
2026-10-05 15:46:15,025 | INFO | fontTools.subset | GDEF pruned
2026-10-05 15:46:15,025 | INFO | fontTools.subset | GPOS pruned
2026-10-05 15:46:15,025 | INFO | fontTools.subset | GSUB pruned
2026-10-05 15:46:15,027 | INFO | fontTools.subset | name pruned
2026-10-05 15:46:15,374 | INFO | fontTools.subset | maxp pruned
2026-10-05 15:46:15,383 | INFO | fontTools.subset | cmap pruned
2026-10-05 15:46:15,383 | INFO | fontTools.subset | kern dropped
2026-10-05 15:46:15,383 | INFO | fontTools.subset | post pruned
2026-10-05 15:46:15,383 | INFO | fontTools.subset | FFTM dropped
2026-10-05 15:46:15,385 | INFO | fontTools.subset | GPOS pruned
2026-10-05 15:46:15,387 | INFO | fontTools.subset | GSUB pruned
2026-10-05 15:46:15,392 | INFO | fontTools.subset | glyf pruned
2026-10-05 15:46:15,393 | INFO | fontTools.subset | Added gid0 to subset
2026-10-05 15:46:15,393 | INFO | fontTools.subset | Added first four glyphs to subset
2026-10-05 15:46:15,393 | INFO | fontTools.subset | Closing glyph list over 'MATH': 43 glyphs before
2026-10-05 15:46:15,393 | INFO | fontTools.subset | Glyph names: ['.notdef', '.null', 'L', 'P', 'a', 'atilde', 'c', 'ccedilla', 'd', 'e', 'ecircumflex', 'eight', 'f', 'five', 'four', 'g', 'i', 'iacute', 'k', 'l', 'm', 'n', 'nine', 'nonmarkingreturn', 'o', 'one', 'p', 'percent', 'q', 'r', 's', 'seven', 'six', 'space', 't', 'three', 'two', 'u', 'uacute', 'underscore', 'v', 'x', 'zero']
2026-10-05 15:46:15,394 | INFO | fontTools.subset | Glyph IDs:   [0, 1, 2, 3, 8, 19, 20, 21, 22, 23, 24, 25, 26, 27, 28, 47, 51, 66, 68, 70, 71, 72, 73, 74, 76, 78, 79, 80, 81, 82, 83, 84, 85, 86, 87, 88, 89, 91, 165, 169, 172, 175, 188]
2026-10-05 15:46:15,394 | INFO | fontTools.subset | Closed glyph list over 'MATH': 43 glyphs after
2026-10-05 15:46:15,394 | INFO | fontTools.subset | Glyph names: ['.notdef', '.null', 'L', 'P', 'a', 'atilde', 'c', 'ccedilla', 'd', 'e', 'ecircumflex', 'eight', 'f', 'five', 'four', 'g', 'i', 'iacute', 'k', 'l', 'm', 'n', 'nine', 'nonmarkingreturn', 'o', 'one', 'p', 'percent', 'q', 'r', 's', 'seven', 'six', 'space', 't', 'three', 'two', 'u', 'uacute', 'underscore', 'v', 'x', 'zero']
2026-10-05 15:46:15,394 | INFO | fontTools.subset | Glyph IDs:   [0, 1, 2, 3, 8, 19, 20, 21, 22, 23, 24, 25, 26, 27, 28, 47, 51, 66, 68, 70, 71, 72, 73, 74, 76, 78, 79, 80, 81, 82, 83, 84, 85, 86, 87, 88, 89, 91, 165, 169, 172, 175, 188]
2026-10-05 15:46:15,394 | INFO | fontTools.subset | Closing glyph list over 'GSUB': 43 glyphs before
2026-10-05 15:46:15,394 | INFO | fontTools.subset | Glyph names: ['.notdef', '.null', 'L', 'P', 'a', 'atilde', 'c', 'ccedilla', 'd', 'e', 'ecircumflex', 'eight', 'f', 'five', 'four', 'g', 'i', 'iacute', 'k', 'l', 'm', 'n', 'nine', 'nonmarkingreturn', 'o', 'one', 'p', 'percent', 'q', 'r', 's', 'seven', 'six', 'space', 't', 'three', 'two', 'u', 'uacute', 'underscore', 'v', 'x', 'zero']
2026-10-05 15:46:15,394 | INFO | fontTools.subset | Glyph IDs:   [0, 1, 2, 3, 8, 19, 20, 21, 22, 23, 24, 25, 26, 27, 28, 47, 51, 66, 68, 70, 71, 72, 73, 74, 76, 78, 79, 80, 81, 82, 83, 84, 85, 86, 87, 88, 89, 91, 165, 169, 172, 175, 188]
2026-10-05 15:46:15,398 | INFO | fontTools.subset | Closed glyph list over 'GSUB': 48 glyphs after
2026-10-05 15:46:15,398 | INFO | fontTools.subset | Glyph names: ['.notdef', '.null', 'L', 'P', 'a', 'atilde', 'c', 'ccedilla', 'd', 'e', 'ecircumflex', 'eight', 'f', 'fi', 'five', 'fl', 'four', 'g', 'i', 'iacute', 'k', 'l', 'm', 'n', 'nine', 'nonmarkingreturn', 'o', 'one', 'p', 'percent', 'q', 'r', 's', 'seven', 'six', 'space', 't', 'three', 'two', 'u', 'uacute', 'underscore', 'uniFB00', 'uniFB03', 'uniFB04', 'v', 'x', 'zero']
2026-10-05 15:46:15,398 | INFO | fontTools.subset | Glyph IDs:   [0, 1, 2, 3, 8, 19, 20, 21, 22, 23, 24, 25, 26, 27, 28, 47, 51, 66, 68, 70, 71, 72, 73, 74, 76, 78, 79, 80, 81, 82, 83, 84, 85, 86, 87, 88, 89, 91, 165, 169, 172, 175, 188, 5038, 5039, 5040, 5041, 5042]
2026-10-05 15:46:15,398 | INFO | fontTools.subset | Closing glyph list over 'glyf': 48 glyphs before
2026-10-05 15:46:15,399 | INFO | fontTools.subset | Glyph names: ['.notdef', '.null', 'L', 'P', 'a', 'atilde', 'c', 'ccedilla', 'd', 'e', 'ecircumflex', 'eight', 'f', 'fi', 'five', 'fl', 'four', 'g', 'i', 'iacute', 'k', 'l', 'm', 'n', 'nine', 'nonmarkingreturn', 'o', 'one', 'p', 'percent', 'q', 'r', 's', 'seven', 'six', 'space', 't', 'three', 'two', 'u', 'uacute', 'underscore', 'uniFB00', 'uniFB03', 'uniFB04', 'v', 'x', 'zero']
2026-10-05 15:46:15,399 | INFO | fontTools.subset | Glyph IDs:   [0, 1, 2, 3, 8, 19, 20, 21, 22, 23, 24, 25, 26, 27, 28, 47, 51, 66, 68, 70, 71, 72, 73, 74, 76, 78, 79, 80, 81, 82, 83, 84, 85, 86, 87, 88, 89, 91, 165, 169, 172, 175, 188, 5038, 5039, 5040, 5041, 5042]
2026-10-05 15:46:15,399 | INFO | fontTools.subset | Closed glyph list over 'glyf': 53 glyphs after
2026-10-05 15:46:15,399 | INFO | fontTools.subset | Glyph names: ['.notdef', '.null', 'L', 'P', 'a', 'acute', 'atilde', 'c', 'ccedilla', 'cedilla', 'circumflex', 'd', 'dotlessi', 'e', 'ecircumflex', 'eight', 'f', 'fi', 'five', 'fl', 'four', 'g', 'i', 'iacute', 'k', 'l', 'm', 'n', 'nine', 'nonmarkingreturn', 'o', 'one', 'p', 'percent', 'q', 'r', 's', 'seven', 'six', 'space', 't', 'three', 'tilde', 'two', 'u', 'uacute', 'underscore', 'uniFB00', 'uniFB03', 'uniFB04', 'v', 'x', 'zero']
2026-10-05 15:46:15,399 | INFO | fontTools.subset | Glyph IDs:   [0, 1, 2, 3, 8, 19, 20, 21, 22, 23, 24, 25, 26, 27, 28, 47, 51, 66, 68, 70, 71, 72, 73, 74, 76, 78, 79, 80, 81, 82, 83, 84, 85, 86, 87, 88, 89, 91, 118, 122, 165, 169, 172, 175, 188, 243, 648, 670, 5038, 5039, 5040, 5041, 5042]
2026-10-05 15:46:15,399 | INFO | fontTools.subset | Retaining 53 glyphs
2026-10-05 15:46:15,400 | INFO | fontTools.subset | head subsetting not needed
2026-10-05 15:46:15,400 | INFO | fontTools.subset | hhea subsetting not needed
2026-10-05 15:46:15,400 | INFO | fontTools.subset | maxp subsetting not needed
2026-10-05 15:46:15,400 | INFO | fontTools.subset | OS/2 subsetting not needed
2026-10-05 15:46:15,402 | INFO | fontTools.subset | hmtx subsetted
2026-10-05 15:46:15,404 | INFO | fontTools.subset | cmap subsetted
2026-10-05 15:46:15,404 | INFO | fontTools.subset | fpgm subsetting not needed
2026-10-05 15:46:15,404 | INFO | fontTools.subset | prep subsetting not needed
2026-10-05 15:46:15,404 | INFO | fontTools.subset | cvt  subsetting not needed
2026-10-05 15:46:15,404 | INFO | fontTools.subset | loca subsetting not needed
2026-10-05 15:46:15,404 | INFO | fontTools.subset | post subsetted
2026-10-05 15:46:15,404 | INFO | fontTools.subset | gasp subsetting not needed
2026-10-05 15:46:15,404 | INFO | fontTools.subset | MATH subsetted
2026-10-05 15:46:15,406 | INFO | fontTools.subset | GDEF subsetted
2026-10-05 15:46:15,421 | INFO | fontTools.subset | GPOS subsetted
2026-10-05 15:46:15,423 | INFO | fontTools.subset | GSUB subsetted
2026-10-05 15:46:15,423 | INFO | fontTools.subset | name subsetting not needed
2026-10-05 15:46:15,424 | INFO | fontTools.subset | glyf subsetted
2026-10-05 15:46:15,424 | INFO | fontTools.subset | head pruned
2026-10-05 15:46:15,424 | INFO | fontTools.subset | OS/2 Unicode ranges pruned: [0, 1]
2026-10-05 15:46:15,425 | INFO | fontTools.subset | OS/2 CodePage ranges pruned: [0]
2026-10-05 15:46:15,425 | INFO | fontTools.subset | glyf pruned
2026-10-05 15:46:15,425 | INFO | fontTools.subset | GDEF pruned
2026-10-05 15:46:15,425 | INFO | fontTools.subset | GPOS pruned
2026-10-05 15:46:15,426 | INFO | fontTools.subset | GSUB pruned
2026-10-05 15:46:15,430 | INFO | fontTools.subset | name pruned
2026-10-05 15:46:15,437 | INFO | fontTools.subset | maxp pruned
2026-10-05 15:46:15,445 | INFO | fontTools.subset | cmap pruned
2026-10-05 15:46:15,445 | INFO | fontTools.subset | kern dropped
2026-10-05 15:46:15,445 | INFO | fontTools.subset | post pruned
2026-10-05 15:46:15,445 | INFO | fontTools.subset | FFTM dropped
2026-10-05 15:46:15,446 | INFO | fontTools.subset | GPOS pruned
2026-10-05 15:46:15,449 | INFO | fontTools.subset | GSUB pruned
2026-10-05 15:46:15,453 | INFO | fontTools.subset | glyf pruned
2026-10-05 15:46:15,454 | INFO | fontTools.subset | Added gid0 to subset
2026-10-05 15:46:15,455 | INFO | fontTools.subset | Added first four glyphs to subset
2026-10-05 15:46:15,455 | INFO | fontTools.subset | Closing glyph list over 'MATH': 6 glyphs before
2026-10-05 15:46:15,455 | INFO | fontTools.subset | Glyph names: ['.notdef', '.null', 'arrowright', 'endash', 'nonmarkingreturn', 'space']
2026-10-05 15:46:15,455 | INFO | fontTools.subset | Glyph IDs:   [0, 1, 2, 3, 2805, 3100]
2026-10-05 15:46:15,456 | INFO | fontTools.subset | Closed glyph list over 'MATH': 7 glyphs after
2026-10-05 15:46:15,456 | INFO | fontTools.subset | Glyph names: ['.notdef', '.null', 'arrowright', 'endash', 'nonmarkingreturn', 'space', 'uni27F6']
2026-10-05 15:46:15,456 | INFO | fontTools.subset | Glyph IDs:   [0, 1, 2, 3, 2805, 3100, 4177]
2026-10-05 15:46:15,456 | INFO | fontTools.subset | Closing glyph list over 'GSUB': 7 glyphs before
2026-10-05 15:46:15,456 | INFO | fontTools.subset | Glyph names: ['.notdef', '.null', 'arrowright', 'endash', 'nonmarkingreturn', 'space', 'uni27F6']
2026-10-05 15:46:15,456 | INFO | fontTools.subset | Glyph IDs:   [0, 1, 2, 3, 2805, 3100, 4177]
2026-10-05 15:46:15,457 | INFO | fontTools.subset | Closed glyph list over 'GSUB': 7 glyphs after
2026-10-05 15:46:15,457 | INFO | fontTools.subset | Glyph names: ['.notdef', '.null', 'arrowright', 'endash', 'nonmarkingreturn', 'space', 'uni27F6']
2026-10-05 15:46:15,457 | INFO | fontTools.subset | Glyph IDs:   [0, 1, 2, 3, 2805, 3100, 4177]
2026-10-05 15:46:15,458 | INFO | fontTools.subset | Closing glyph list over 'glyf': 7 glyphs before
2026-10-05 15:46:15,458 | INFO | fontTools.subset | Glyph names: ['.notdef', '.null', 'arrowright', 'endash', 'nonmarkingreturn', 'space', 'uni27F6']
2026-10-05 15:46:15,458 | INFO | fontTools.subset | Glyph IDs:   [0, 1, 2, 3, 2805, 3100, 4177]
2026-10-05 15:46:15,458 | INFO | fontTools.subset | Closed glyph list over 'glyf': 7 glyphs after
2026-10-05 15:46:15,458 | INFO | fontTools.subset | Glyph names: ['.notdef', '.null', 'arrowright', 'endash', 'nonmarkingreturn', 'space', 'uni27F6']
2026-10-05 15:46:15,458 | INFO | fontTools.subset | Glyph IDs:   [0, 1, 2, 3, 2805, 3100, 4177]
2026-10-05 15:46:15,458 | INFO | fontTools.subset | Retaining 7 glyphs
2026-10-05 15:46:15,459 | INFO | fontTools.subset | head subsetting not needed
2026-10-05 15:46:15,459 | INFO | fontTools.subset | hhea subsetting not needed
2026-10-05 15:46:15,459 | INFO | fontTools.subset | maxp subsetting not needed
2026-10-05 15:46:15,459 | INFO | fontTools.subset | OS/2 subsetting not needed
2026-10-05 15:46:15,462 | INFO | fontTools.subset | hmtx subsetted
2026-10-05 15:46:15,464 | INFO | fontTools.subset | cmap subsetted
2026-10-05 15:46:15,464 | INFO | fontTools.subset | fpgm subsetting not needed
2026-10-05 15:46:15,464 | INFO | fontTools.subset | prep subsetting not needed
2026-10-05 15:46:15,464 | INFO | fontTools.subset | cvt  subsetting not needed
2026-10-05 15:46:15,464 | INFO | fontTools.subset | loca subsetting not needed
2026-10-05 15:46:15,464 | INFO | fontTools.subset | post subsetted
2026-10-05 15:46:15,464 | INFO | fontTools.subset | gasp subsetting not needed
2026-10-05 15:46:15,464 | INFO | fontTools.subset | MATH subsetted
2026-10-05 15:46:15,466 | INFO | fontTools.subset | GDEF subsetted
2026-10-05 15:46:15,480 | INFO | fontTools.subset | GPOS subsetted
2026-10-05 15:46:15,481 | INFO | fontTools.subset | GSUB subsetted
2026-10-05 15:46:15,481 | INFO | fontTools.subset | name subsetting not needed
2026-10-05 15:46:15,482 | INFO | fontTools.subset | glyf subsetted
2026-10-05 15:46:15,483 | INFO | fontTools.subset | head pruned
2026-10-05 15:46:15,483 | INFO | fontTools.subset | OS/2 Unicode ranges pruned: [31, 37]
2026-10-05 15:46:15,483 | INFO | fontTools.subset | OS/2 CodePage ranges pruned: [0]
2026-10-05 15:46:15,483 | INFO | fontTools.subset | glyf pruned
2026-10-05 15:46:15,483 | INFO | fontTools.subset | GDEF pruned
2026-10-05 15:46:15,483 | INFO | fontTools.subset | GPOS pruned
2026-10-05 15:46:15,484 | INFO | fontTools.subset | GSUB pruned
2026-10-05 15:46:15,485 | INFO | fontTools.subset | name pruned
2026-10-05 15:46:15,849 | INFO | fontTools.subset | maxp pruned
2026-10-05 15:46:15,858 | INFO | fontTools.subset | cmap pruned
2026-10-05 15:46:15,858 | INFO | fontTools.subset | kern dropped
2026-10-05 15:46:15,858 | INFO | fontTools.subset | post pruned
2026-10-05 15:46:15,858 | INFO | fontTools.subset | FFTM dropped
2026-10-05 15:46:15,860 | INFO | fontTools.subset | GPOS pruned
2026-10-05 15:46:15,862 | INFO | fontTools.subset | GSUB pruned
2026-10-05 15:46:15,868 | INFO | fontTools.subset | glyf pruned
2026-10-05 15:46:15,869 | INFO | fontTools.subset | Added gid0 to subset
2026-10-05 15:46:15,869 | INFO | fontTools.subset | Added first four glyphs to subset
2026-10-05 15:46:15,869 | INFO | fontTools.subset | Closing glyph list over 'MATH': 39 glyphs before
2026-10-05 15:46:15,869 | INFO | fontTools.subset | Glyph names: ['.notdef', '.null', 'D', 'J', 'a', 'acircumflex', 'atilde', 'b', 'c', 'ccedilla', 'comma', 'd', 'e', 'eight', 'equal', 'four', 'i', 'iacute', 'l', 'm', 'n', 'nonmarkingreturn', 'o', 'one', 'p', 'parenleft', 'parenright', 'r', 's', 'six', 'space', 't', 'three', 'two', 'u', 'uacute', 'v', 'x', 'zero']
2026-10-05 15:46:15,870 | INFO | fontTools.subset | Glyph IDs:   [0, 1, 2, 3, 11, 12, 15, 19, 20, 21, 22, 23, 25, 27, 32, 39, 45, 68, 69, 70, 71, 72, 76, 79, 80, 81, 82, 83, 85, 86, 87, 88, 89, 91, 164, 165, 169, 175, 188]
2026-10-05 15:46:15,870 | INFO | fontTools.subset | Closed glyph list over 'MATH': 45 glyphs after
2026-10-05 15:46:15,871 | INFO | fontTools.subset | Glyph names: ['.notdef', '.null', 'D', 'J', 'a', 'acircumflex', 'atilde', 'b', 'c', 'ccedilla', 'comma', 'd', 'e', 'eight', 'equal', 'four', 'i', 'iacute', 'l', 'm', 'n', 'nonmarkingreturn', 'o', 'one', 'p', 'parenleft', 'parenright', 'r', 's', 'six', 'space', 't', 'three', 'two', 'u', 'uacute', 'uni239B', 'uni239C', 'uni239D', 'uni239E', 'uni239F', 'uni23A0', 'v', 'x', 'zero']
2026-10-05 15:46:15,871 | INFO | fontTools.subset | Glyph IDs:   [0, 1, 2, 3, 11, 12, 15, 19, 20, 21, 22, 23, 25, 27, 32, 39, 45, 68, 69, 70, 71, 72, 76, 79, 80, 81, 82, 83, 85, 86, 87, 88, 89, 91, 164, 165, 169, 175, 188, 3506, 3507, 3508, 3509, 3510, 3511]
2026-10-05 15:46:15,871 | INFO | fontTools.subset | Closing glyph list over 'GSUB': 45 glyphs before
2026-10-05 15:46:15,871 | INFO | fontTools.subset | Glyph names: ['.notdef', '.null', 'D', 'J', 'a', 'acircumflex', 'atilde', 'b', 'c', 'ccedilla', 'comma', 'd', 'e', 'eight', 'equal', 'four', 'i', 'iacute', 'l', 'm', 'n', 'nonmarkingreturn', 'o', 'one', 'p', 'parenleft', 'parenright', 'r', 's', 'six', 'space', 't', 'three', 'two', 'u', 'uacute', 'uni239B', 'uni239C', 'uni239D', 'uni239E', 'uni239F', 'uni23A0', 'v', 'x', 'zero']
2026-10-05 15:46:15,871 | INFO | fontTools.subset | Glyph IDs:   [0, 1, 2, 3, 11, 12, 15, 19, 20, 21, 22, 23, 25, 27, 32, 39, 45, 68, 69, 70, 71, 72, 76, 79, 80, 81, 82, 83, 85, 86, 87, 88, 89, 91, 164, 165, 169, 175, 188, 3506, 3507, 3508, 3509, 3510, 3511]
2026-10-05 15:46:15,873 | INFO | fontTools.subset | Closed glyph list over 'GSUB': 45 glyphs after
2026-10-05 15:46:15,874 | INFO | fontTools.subset | Glyph names: ['.notdef', '.null', 'D', 'J', 'a', 'acircumflex', 'atilde', 'b', 'c', 'ccedilla', 'comma', 'd', 'e', 'eight', 'equal', 'four', 'i', 'iacute', 'l', 'm', 'n', 'nonmarkingreturn', 'o', 'one', 'p', 'parenleft', 'parenright', 'r', 's', 'six', 'space', 't', 'three', 'two', 'u', 'uacute', 'uni239B', 'uni239C', 'uni239D', 'uni239E', 'uni239F', 'uni23A0', 'v', 'x', 'zero']
2026-10-05 15:46:15,874 | INFO | fontTools.subset | Glyph IDs:   [0, 1, 2, 3, 11, 12, 15, 19, 20, 21, 22, 23, 25, 27, 32, 39, 45, 68, 69, 70, 71, 72, 76, 79, 80, 81, 82, 83, 85, 86, 87, 88, 89, 91, 164, 165, 169, 175, 188, 3506, 3507, 3508, 3509, 3510, 3511]
2026-10-05 15:46:15,874 | INFO | fontTools.subset | Closing glyph list over 'glyf': 45 glyphs before
2026-10-05 15:46:15,874 | INFO | fontTools.subset | Glyph names: ['.notdef', '.null', 'D', 'J', 'a', 'acircumflex', 'atilde', 'b', 'c', 'ccedilla', 'comma', 'd', 'e', 'eight', 'equal', 'four', 'i', 'iacute', 'l', 'm', 'n', 'nonmarkingreturn', 'o', 'one', 'p', 'parenleft', 'parenright', 'r', 's', 'six', 'space', 't', 'three', 'two', 'u', 'uacute', 'uni239B', 'uni239C', 'uni239D', 'uni239E', 'uni239F', 'uni23A0', 'v', 'x', 'zero']
2026-10-05 15:46:15,874 | INFO | fontTools.subset | Glyph IDs:   [0, 1, 2, 3, 11, 12, 15, 19, 20, 21, 22, 23, 25, 27, 32, 39, 45, 68, 69, 70, 71, 72, 76, 79, 80, 81, 82, 83, 85, 86, 87, 88, 89, 91, 164, 165, 169, 175, 188, 3506, 3507, 3508, 3509, 3510, 3511]
2026-10-05 15:46:15,874 | INFO | fontTools.subset | Closed glyph list over 'glyf': 50 glyphs after
2026-10-05 15:46:15,874 | INFO | fontTools.subset | Glyph names: ['.notdef', '.null', 'D', 'J', 'a', 'acircumflex', 'acute', 'atilde', 'b', 'c', 'ccedilla', 'cedilla', 'circumflex', 'comma', 'd', 'dotlessi', 'e', 'eight', 'equal', 'four', 'i', 'iacute', 'l', 'm', 'n', 'nonmarkingreturn', 'o', 'one', 'p', 'parenleft', 'parenright', 'r', 's', 'six', 'space', 't', 'three', 'tilde', 'two', 'u', 'uacute', 'uni239B', 'uni239C', 'uni239D', 'uni239E', 'uni239F', 'uni23A0', 'v', 'x', 'zero']
2026-10-05 15:46:15,874 | INFO | fontTools.subset | Glyph IDs:   [0, 1, 2, 3, 11, 12, 15, 19, 20, 21, 22, 23, 25, 27, 32, 39, 45, 68, 69, 70, 71, 72, 76, 79, 80, 81, 82, 83, 85, 86, 87, 88, 89, 91, 118, 122, 164, 165, 169, 175, 188, 243, 648, 670, 3506, 3507, 3508, 3509, 3510, 3511]
2026-10-05 15:46:15,875 | INFO | fontTools.subset | Retaining 50 glyphs
2026-10-05 15:46:15,875 | INFO | fontTools.subset | head subsetting not needed
2026-10-05 15:46:15,875 | INFO | fontTools.subset | hhea subsetting not needed
2026-10-05 15:46:15,875 | INFO | fontTools.subset | maxp subsetting not needed
2026-10-05 15:46:15,875 | INFO | fontTools.subset | OS/2 subsetting not needed
2026-10-05 15:46:15,951 | INFO | fontTools.subset | hmtx subsetted
2026-10-05 15:46:15,953 | INFO | fontTools.subset | cmap subsetted
2026-10-05 15:46:15,953 | INFO | fontTools.subset | fpgm subsetting not needed
2026-10-05 15:46:15,953 | INFO | fontTools.subset | prep subsetting not needed
2026-10-05 15:46:15,953 | INFO | fontTools.subset | cvt  subsetting not needed
2026-10-05 15:46:15,953 | INFO | fontTools.subset | loca subsetting not needed
2026-10-05 15:46:15,953 | INFO | fontTools.subset | post subsetted
2026-10-05 15:46:15,954 | INFO | fontTools.subset | gasp subsetting not needed
2026-10-05 15:46:15,954 | INFO | fontTools.subset | MATH subsetted
2026-10-05 15:46:15,956 | INFO | fontTools.subset | GDEF subsetted
2026-10-05 15:46:15,972 | INFO | fontTools.subset | GPOS subsetted
2026-10-05 15:46:15,973 | INFO | fontTools.subset | GSUB subsetted
2026-10-05 15:46:15,973 | INFO | fontTools.subset | name subsetting not needed
2026-10-05 15:46:15,975 | INFO | fontTools.subset | glyf subsetted
2026-10-05 15:46:15,975 | INFO | fontTools.subset | head pruned
2026-10-05 15:46:15,975 | INFO | fontTools.subset | OS/2 Unicode ranges pruned: [0, 1]
2026-10-05 15:46:15,975 | INFO | fontTools.subset | OS/2 CodePage ranges pruned: [0]
2026-10-05 15:46:15,976 | INFO | fontTools.subset | glyf pruned
2026-10-05 15:46:15,976 | INFO | fontTools.subset | GDEF pruned
2026-10-05 15:46:15,976 | INFO | fontTools.subset | GPOS pruned
2026-10-05 15:46:15,976 | INFO | fontTools.subset | GSUB pruned
2026-10-05 15:46:15,980 | INFO | fontTools.subset | name pruned
2026-10-05 15:46:15,987 | INFO | fontTools.subset | maxp pruned
2026-10-05 15:46:15,995 | INFO | fontTools.subset | cmap pruned
2026-10-05 15:46:15,995 | INFO | fontTools.subset | kern dropped
2026-10-05 15:46:15,995 | INFO | fontTools.subset | post pruned
2026-10-05 15:46:15,995 | INFO | fontTools.subset | FFTM dropped
2026-10-05 15:46:15,997 | INFO | fontTools.subset | GPOS pruned
2026-10-05 15:46:15,999 | INFO | fontTools.subset | GSUB pruned
2026-10-05 15:46:16,004 | INFO | fontTools.subset | glyf pruned
2026-10-05 15:46:16,005 | INFO | fontTools.subset | Added gid0 to subset
2026-10-05 15:46:16,005 | INFO | fontTools.subset | Added first four glyphs to subset
2026-10-05 15:46:16,005 | INFO | fontTools.subset | Closing glyph list over 'MATH': 6 glyphs before
2026-10-05 15:46:16,005 | INFO | fontTools.subset | Glyph names: ['.notdef', '.null', 'minus', 'nonmarkingreturn', 'space', 'uni2113']
2026-10-05 15:46:16,006 | INFO | fontTools.subset | Glyph IDs:   [0, 1, 2, 3, 2986, 3228]
2026-10-05 15:46:16,006 | INFO | fontTools.subset | Closed glyph list over 'MATH': 6 glyphs after
2026-10-05 15:46:16,006 | INFO | fontTools.subset | Glyph names: ['.notdef', '.null', 'minus', 'nonmarkingreturn', 'space', 'uni2113']
2026-10-05 15:46:16,007 | INFO | fontTools.subset | Glyph IDs:   [0, 1, 2, 3, 2986, 3228]
2026-10-05 15:46:16,007 | INFO | fontTools.subset | Closing glyph list over 'GSUB': 6 glyphs before
2026-10-05 15:46:16,007 | INFO | fontTools.subset | Glyph names: ['.notdef', '.null', 'minus', 'nonmarkingreturn', 'space', 'uni2113']
2026-10-05 15:46:16,007 | INFO | fontTools.subset | Glyph IDs:   [0, 1, 2, 3, 2986, 3228]
2026-10-05 15:46:16,008 | INFO | fontTools.subset | Closed glyph list over 'GSUB': 6 glyphs after
2026-10-05 15:46:16,008 | INFO | fontTools.subset | Glyph names: ['.notdef', '.null', 'minus', 'nonmarkingreturn', 'space', 'uni2113']
2026-10-05 15:46:16,008 | INFO | fontTools.subset | Glyph IDs:   [0, 1, 2, 3, 2986, 3228]
2026-10-05 15:46:16,008 | INFO | fontTools.subset | Closing glyph list over 'glyf': 6 glyphs before
2026-10-05 15:46:16,008 | INFO | fontTools.subset | Glyph names: ['.notdef', '.null', 'minus', 'nonmarkingreturn', 'space', 'uni2113']
2026-10-05 15:46:16,009 | INFO | fontTools.subset | Glyph IDs:   [0, 1, 2, 3, 2986, 3228]
2026-10-05 15:46:16,009 | INFO | fontTools.subset | Closed glyph list over 'glyf': 6 glyphs after
2026-10-05 15:46:16,009 | INFO | fontTools.subset | Glyph names: ['.notdef', '.null', 'minus', 'nonmarkingreturn', 'space', 'uni2113']
2026-10-05 15:46:16,009 | INFO | fontTools.subset | Glyph IDs:   [0, 1, 2, 3, 2986, 3228]
2026-10-05 15:46:16,009 | INFO | fontTools.subset | Retaining 6 glyphs
2026-10-05 15:46:16,009 | INFO | fontTools.subset | head subsetting not needed
2026-10-05 15:46:16,010 | INFO | fontTools.subset | hhea subsetting not needed
2026-10-05 15:46:16,010 | INFO | fontTools.subset | maxp subsetting not needed
2026-10-05 15:46:16,010 | INFO | fontTools.subset | OS/2 subsetting not needed
2026-10-05 15:46:16,013 | INFO | fontTools.subset | hmtx subsetted
2026-10-05 15:46:16,015 | INFO | fontTools.subset | cmap subsetted
2026-10-05 15:46:16,015 | INFO | fontTools.subset | fpgm subsetting not needed
2026-10-05 15:46:16,015 | INFO | fontTools.subset | prep subsetting not needed
2026-10-05 15:46:16,015 | INFO | fontTools.subset | cvt  subsetting not needed
2026-10-05 15:46:16,015 | INFO | fontTools.subset | loca subsetting not needed
2026-10-05 15:46:16,015 | INFO | fontTools.subset | post subsetted
2026-10-05 15:46:16,015 | INFO | fontTools.subset | gasp subsetting not needed
2026-10-05 15:46:16,015 | INFO | fontTools.subset | MATH subsetted
2026-10-05 15:46:16,017 | INFO | fontTools.subset | GDEF subsetted
2026-10-05 15:46:16,032 | INFO | fontTools.subset | GPOS subsetted
2026-10-05 15:46:16,033 | INFO | fontTools.subset | GSUB subsetted
2026-10-05 15:46:16,033 | INFO | fontTools.subset | name subsetting not needed
2026-10-05 15:46:16,035 | INFO | fontTools.subset | glyf subsetted
2026-10-05 15:46:16,035 | INFO | fontTools.subset | head pruned
2026-10-05 15:46:16,035 | INFO | fontTools.subset | OS/2 Unicode ranges pruned: [35, 38]
2026-10-05 15:46:16,035 | INFO | fontTools.subset | OS/2 CodePage ranges pruned: [0]
2026-10-05 15:46:16,036 | INFO | fontTools.subset | glyf pruned
2026-10-05 15:46:16,036 | INFO | fontTools.subset | GDEF pruned
2026-10-05 15:46:16,036 | INFO | fontTools.subset | GPOS pruned
2026-10-05 15:46:16,036 | INFO | fontTools.subset | GSUB pruned
2026-10-05 15:46:16,037 | INFO | fontTools.subset | name pruned
2026-10-05 15:46:16,663 | INFO | fontTools.subset | maxp pruned
2026-10-05 15:46:16,673 | INFO | fontTools.subset | cmap pruned
2026-10-05 15:46:16,673 | INFO | fontTools.subset | kern dropped
2026-10-05 15:46:16,673 | INFO | fontTools.subset | post pruned
2026-10-05 15:46:16,673 | INFO | fontTools.subset | FFTM dropped
2026-10-05 15:46:16,674 | INFO | fontTools.subset | GPOS pruned
2026-10-05 15:46:16,677 | INFO | fontTools.subset | GSUB pruned
2026-10-05 15:46:16,683 | INFO | fontTools.subset | glyf pruned
2026-10-05 15:46:16,684 | INFO | fontTools.subset | Added gid0 to subset
2026-10-05 15:46:16,684 | INFO | fontTools.subset | Added first four glyphs to subset
2026-10-05 15:46:16,684 | INFO | fontTools.subset | Closing glyph list over 'MATH': 41 glyphs before
2026-10-05 15:46:16,684 | INFO | fontTools.subset | Glyph names: ['.notdef', '.null', 'I', 'L', 'M', 'N', 'a', 'aacute', 'atilde', 'b', 'ccedilla', 'comma', 'd', 'e', 'eight', 'f', 'five', 'four', 'g', 'h', 'i', 'k', 'l', 'm', 'n', 'nine', 'nonmarkingreturn', 'o', 'oacute', 'one', 'p', 'r', 's', 'six', 'space', 't', 'three', 'two', 'v', 'x', 'zero']
2026-10-05 15:46:16,685 | INFO | fontTools.subset | Glyph IDs:   [0, 1, 2, 3, 15, 19, 20, 21, 22, 23, 24, 25, 27, 28, 44, 47, 48, 49, 68, 69, 71, 72, 73, 74, 75, 76, 78, 79, 80, 81, 82, 83, 85, 86, 87, 89, 91, 163, 165, 169, 181]
2026-10-05 15:46:16,686 | INFO | fontTools.subset | Closed glyph list over 'MATH': 41 glyphs after
2026-10-05 15:46:16,686 | INFO | fontTools.subset | Glyph names: ['.notdef', '.null', 'I', 'L', 'M', 'N', 'a', 'aacute', 'atilde', 'b', 'ccedilla', 'comma', 'd', 'e', 'eight', 'f', 'five', 'four', 'g', 'h', 'i', 'k', 'l', 'm', 'n', 'nine', 'nonmarkingreturn', 'o', 'oacute', 'one', 'p', 'r', 's', 'six', 'space', 't', 'three', 'two', 'v', 'x', 'zero']
2026-10-05 15:46:16,686 | INFO | fontTools.subset | Glyph IDs:   [0, 1, 2, 3, 15, 19, 20, 21, 22, 23, 24, 25, 27, 28, 44, 47, 48, 49, 68, 69, 71, 72, 73, 74, 75, 76, 78, 79, 80, 81, 82, 83, 85, 86, 87, 89, 91, 163, 165, 169, 181]
2026-10-05 15:46:16,686 | INFO | fontTools.subset | Closing glyph list over 'GSUB': 41 glyphs before
2026-10-05 15:46:16,686 | INFO | fontTools.subset | Glyph names: ['.notdef', '.null', 'I', 'L', 'M', 'N', 'a', 'aacute', 'atilde', 'b', 'ccedilla', 'comma', 'd', 'e', 'eight', 'f', 'five', 'four', 'g', 'h', 'i', 'k', 'l', 'm', 'n', 'nine', 'nonmarkingreturn', 'o', 'oacute', 'one', 'p', 'r', 's', 'six', 'space', 't', 'three', 'two', 'v', 'x', 'zero']
2026-10-05 15:46:16,686 | INFO | fontTools.subset | Glyph IDs:   [0, 1, 2, 3, 15, 19, 20, 21, 22, 23, 24, 25, 27, 28, 44, 47, 48, 49, 68, 69, 71, 72, 73, 74, 75, 76, 78, 79, 80, 81, 82, 83, 85, 86, 87, 89, 91, 163, 165, 169, 181]
2026-10-05 15:46:16,689 | INFO | fontTools.subset | Closed glyph list over 'GSUB': 46 glyphs after
2026-10-05 15:46:16,689 | INFO | fontTools.subset | Glyph names: ['.notdef', '.null', 'I', 'L', 'M', 'N', 'a', 'aacute', 'atilde', 'b', 'ccedilla', 'comma', 'd', 'e', 'eight', 'f', 'fi', 'five', 'fl', 'four', 'g', 'h', 'i', 'k', 'l', 'm', 'n', 'nine', 'nonmarkingreturn', 'o', 'oacute', 'one', 'p', 'r', 's', 'six', 'space', 't', 'three', 'two', 'uniFB00', 'uniFB03', 'uniFB04', 'v', 'x', 'zero']
2026-10-05 15:46:16,689 | INFO | fontTools.subset | Glyph IDs:   [0, 1, 2, 3, 15, 19, 20, 21, 22, 23, 24, 25, 27, 28, 44, 47, 48, 49, 68, 69, 71, 72, 73, 74, 75, 76, 78, 79, 80, 81, 82, 83, 85, 86, 87, 89, 91, 163, 165, 169, 181, 5038, 5039, 5040, 5041, 5042]
2026-10-05 15:46:16,689 | INFO | fontTools.subset | Closing glyph list over 'glyf': 46 glyphs before
2026-10-05 15:46:16,690 | INFO | fontTools.subset | Glyph names: ['.notdef', '.null', 'I', 'L', 'M', 'N', 'a', 'aacute', 'atilde', 'b', 'ccedilla', 'comma', 'd', 'e', 'eight', 'f', 'fi', 'five', 'fl', 'four', 'g', 'h', 'i', 'k', 'l', 'm', 'n', 'nine', 'nonmarkingreturn', 'o', 'oacute', 'one', 'p', 'r', 's', 'six', 'space', 't', 'three', 'two', 'uniFB00', 'uniFB03', 'uniFB04', 'v', 'x', 'zero']
2026-10-05 15:46:16,690 | INFO | fontTools.subset | Glyph IDs:   [0, 1, 2, 3, 15, 19, 20, 21, 22, 23, 24, 25, 27, 28, 44, 47, 48, 49, 68, 69, 71, 72, 73, 74, 75, 76, 78, 79, 80, 81, 82, 83, 85, 86, 87, 89, 91, 163, 165, 169, 181, 5038, 5039, 5040, 5041, 5042]
2026-10-05 15:46:16,690 | INFO | fontTools.subset | Closed glyph list over 'glyf': 50 glyphs after
2026-10-05 15:46:16,690 | INFO | fontTools.subset | Glyph names: ['.notdef', '.null', 'I', 'L', 'M', 'N', 'a', 'aacute', 'acute', 'atilde', 'b', 'c', 'ccedilla', 'cedilla', 'comma', 'd', 'e', 'eight', 'f', 'fi', 'five', 'fl', 'four', 'g', 'h', 'i', 'k', 'l', 'm', 'n', 'nine', 'nonmarkingreturn', 'o', 'oacute', 'one', 'p', 'r', 's', 'six', 'space', 't', 'three', 'tilde', 'two', 'uniFB00', 'uniFB03', 'uniFB04', 'v', 'x', 'zero']
2026-10-05 15:46:16,690 | INFO | fontTools.subset | Glyph IDs:   [0, 1, 2, 3, 15, 19, 20, 21, 22, 23, 24, 25, 27, 28, 44, 47, 48, 49, 68, 69, 70, 71, 72, 73, 74, 75, 76, 78, 79, 80, 81, 82, 83, 85, 86, 87, 89, 91, 118, 122, 163, 165, 169, 181, 670, 5038, 5039, 5040, 5041, 5042]
2026-10-05 15:46:16,690 | INFO | fontTools.subset | Retaining 50 glyphs
2026-10-05 15:46:16,691 | INFO | fontTools.subset | head subsetting not needed
2026-10-05 15:46:16,691 | INFO | fontTools.subset | hhea subsetting not needed
2026-10-05 15:46:16,691 | INFO | fontTools.subset | maxp subsetting not needed
2026-10-05 15:46:16,691 | INFO | fontTools.subset | OS/2 subsetting not needed
2026-10-05 15:46:16,694 | INFO | fontTools.subset | hmtx subsetted
2026-10-05 15:46:16,696 | INFO | fontTools.subset | cmap subsetted
2026-10-05 15:46:16,696 | INFO | fontTools.subset | fpgm subsetting not needed
2026-10-05 15:46:16,696 | INFO | fontTools.subset | prep subsetting not needed
2026-10-05 15:46:16,696 | INFO | fontTools.subset | cvt  subsetting not needed
2026-10-05 15:46:16,696 | INFO | fontTools.subset | loca subsetting not needed
2026-10-05 15:46:16,696 | INFO | fontTools.subset | post subsetted
2026-10-05 15:46:16,696 | INFO | fontTools.subset | gasp subsetting not needed
2026-10-05 15:46:16,696 | INFO | fontTools.subset | MATH subsetted
2026-10-05 15:46:16,698 | INFO | fontTools.subset | GDEF subsetted
2026-10-05 15:46:16,713 | INFO | fontTools.subset | GPOS subsetted
2026-10-05 15:46:16,714 | INFO | fontTools.subset | GSUB subsetted
2026-10-05 15:46:16,714 | INFO | fontTools.subset | name subsetting not needed
2026-10-05 15:46:16,716 | INFO | fontTools.subset | glyf subsetted
2026-10-05 15:46:16,716 | INFO | fontTools.subset | head pruned
2026-10-05 15:46:16,716 | INFO | fontTools.subset | OS/2 Unicode ranges pruned: [0, 1]
2026-10-05 15:46:16,716 | INFO | fontTools.subset | OS/2 CodePage ranges pruned: [0]
2026-10-05 15:46:16,717 | INFO | fontTools.subset | glyf pruned
2026-10-05 15:46:16,717 | INFO | fontTools.subset | GDEF pruned
2026-10-05 15:46:16,717 | INFO | fontTools.subset | GPOS pruned
2026-10-05 15:46:16,717 | INFO | fontTools.subset | GSUB pruned
2026-10-05 15:46:16,722 | INFO | fontTools.subset | name pruned
2026-10-05 15:46:16,729 | INFO | fontTools.subset | maxp pruned
2026-10-05 15:46:16,737 | INFO | fontTools.subset | cmap pruned
2026-10-05 15:46:16,737 | INFO | fontTools.subset | kern dropped
2026-10-05 15:46:16,738 | INFO | fontTools.subset | post pruned
2026-10-05 15:46:16,738 | INFO | fontTools.subset | FFTM dropped
2026-10-05 15:46:16,739 | INFO | fontTools.subset | GPOS pruned
2026-10-05 15:46:16,742 | INFO | fontTools.subset | GSUB pruned
2026-10-05 15:46:16,826 | INFO | fontTools.subset | glyf pruned
2026-10-05 15:46:16,827 | INFO | fontTools.subset | Added gid0 to subset
2026-10-05 15:46:16,827 | INFO | fontTools.subset | Added first four glyphs to subset
2026-10-05 15:46:16,827 | INFO | fontTools.subset | Closing glyph list over 'MATH': 5 glyphs before
2026-10-05 15:46:16,827 | INFO | fontTools.subset | Glyph names: ['.notdef', '.null', 'minus', 'nonmarkingreturn', 'space']
2026-10-05 15:46:16,828 | INFO | fontTools.subset | Glyph IDs:   [0, 1, 2, 3, 3228]
2026-10-05 15:46:16,829 | INFO | fontTools.subset | Closed glyph list over 'MATH': 5 glyphs after
2026-10-05 15:46:16,829 | INFO | fontTools.subset | Glyph names: ['.notdef', '.null', 'minus', 'nonmarkingreturn', 'space']
2026-10-05 15:46:16,829 | INFO | fontTools.subset | Glyph IDs:   [0, 1, 2, 3, 3228]
2026-10-05 15:46:16,829 | INFO | fontTools.subset | Closing glyph list over 'GSUB': 5 glyphs before
2026-10-05 15:46:16,829 | INFO | fontTools.subset | Glyph names: ['.notdef', '.null', 'minus', 'nonmarkingreturn', 'space']
2026-10-05 15:46:16,829 | INFO | fontTools.subset | Glyph IDs:   [0, 1, 2, 3, 3228]
2026-10-05 15:46:16,830 | INFO | fontTools.subset | Closed glyph list over 'GSUB': 5 glyphs after
2026-10-05 15:46:16,830 | INFO | fontTools.subset | Glyph names: ['.notdef', '.null', 'minus', 'nonmarkingreturn', 'space']
2026-10-05 15:46:16,830 | INFO | fontTools.subset | Glyph IDs:   [0, 1, 2, 3, 3228]
2026-10-05 15:46:16,830 | INFO | fontTools.subset | Closing glyph list over 'glyf': 5 glyphs before
2026-10-05 15:46:16,831 | INFO | fontTools.subset | Glyph names: ['.notdef', '.null', 'minus', 'nonmarkingreturn', 'space']
2026-10-05 15:46:16,831 | INFO | fontTools.subset | Glyph IDs:   [0, 1, 2, 3, 3228]
2026-10-05 15:46:16,831 | INFO | fontTools.subset | Closed glyph list over 'glyf': 5 glyphs after
2026-10-05 15:46:16,831 | INFO | fontTools.subset | Glyph names: ['.notdef', '.null', 'minus', 'nonmarkingreturn', 'space']
2026-10-05 15:46:16,831 | INFO | fontTools.subset | Glyph IDs:   [0, 1, 2, 3, 3228]
2026-10-05 15:46:16,831 | INFO | fontTools.subset | Retaining 5 glyphs
2026-10-05 15:46:16,832 | INFO | fontTools.subset | head subsetting not needed
2026-10-05 15:46:16,832 | INFO | fontTools.subset | hhea subsetting not needed
2026-10-05 15:46:16,832 | INFO | fontTools.subset | maxp subsetting not needed
2026-10-05 15:46:16,832 | INFO | fontTools.subset | OS/2 subsetting not needed
2026-10-05 15:46:16,835 | INFO | fontTools.subset | hmtx subsetted
2026-10-05 15:46:16,837 | INFO | fontTools.subset | cmap subsetted
2026-10-05 15:46:16,837 | INFO | fontTools.subset | fpgm subsetting not needed
2026-10-05 15:46:16,837 | INFO | fontTools.subset | prep subsetting not needed
2026-10-05 15:46:16,837 | INFO | fontTools.subset | cvt  subsetting not needed
2026-10-05 15:46:16,837 | INFO | fontTools.subset | loca subsetting not needed
2026-10-05 15:46:16,837 | INFO | fontTools.subset | post subsetted
2026-10-05 15:46:16,837 | INFO | fontTools.subset | gasp subsetting not needed
2026-10-05 15:46:16,837 | INFO | fontTools.subset | MATH subsetted
2026-10-05 15:46:16,839 | INFO | fontTools.subset | GDEF subsetted
2026-10-05 15:46:16,854 | INFO | fontTools.subset | GPOS subsetted
2026-10-05 15:46:16,855 | INFO | fontTools.subset | GSUB subsetted
2026-10-05 15:46:16,855 | INFO | fontTools.subset | name subsetting not needed
2026-10-05 15:46:16,856 | INFO | fontTools.subset | glyf subsetted
2026-10-05 15:46:16,857 | INFO | fontTools.subset | head pruned
2026-10-05 15:46:16,857 | INFO | fontTools.subset | OS/2 Unicode ranges pruned: [38]
2026-10-05 15:46:16,857 | INFO | fontTools.subset | OS/2 CodePage ranges pruned: [0]
2026-10-05 15:46:16,857 | INFO | fontTools.subset | glyf pruned
2026-10-05 15:46:16,857 | INFO | fontTools.subset | GDEF pruned
2026-10-05 15:46:16,857 | INFO | fontTools.subset | GPOS pruned
2026-10-05 15:46:16,858 | INFO | fontTools.subset | GSUB pruned
2026-10-05 15:46:16,859 | INFO | fontTools.subset | name pruned
2026-10-05 15:46:17,211 | INFO | fontTools.subset | maxp pruned
2026-10-05 15:46:17,219 | INFO | fontTools.subset | cmap pruned
2026-10-05 15:46:17,220 | INFO | fontTools.subset | kern dropped
2026-10-05 15:46:17,220 | INFO | fontTools.subset | post pruned
2026-10-05 15:46:17,220 | INFO | fontTools.subset | FFTM dropped
2026-10-05 15:46:17,221 | INFO | fontTools.subset | GPOS pruned
2026-10-05 15:46:17,224 | INFO | fontTools.subset | GSUB pruned
2026-10-05 15:46:17,229 | INFO | fontTools.subset | glyf pruned
2026-10-05 15:46:17,230 | INFO | fontTools.subset | Added gid0 to subset
2026-10-05 15:46:17,230 | INFO | fontTools.subset | Added first four glyphs to subset
2026-10-05 15:46:17,230 | INFO | fontTools.subset | Closing glyph list over 'MATH': 43 glyphs before
2026-10-05 15:46:17,230 | INFO | fontTools.subset | Glyph names: ['.notdef', '.null', 'A', 'C', 'H', 'I', 'L', 'M', 'N', 'a', 'c', 'comma', 'd', 'e', 'eacute', 'eight', 'f', 'five', 'four', 'i', 'l', 'm', 'multiply', 'n', 'nine', 'nonmarkingreturn', 'o', 'one', 'p', 'parenleft', 'parenright', 'r', 's', 'seven', 'six', 'space', 't', 'three', 'two', 'u', 'v', 'x', 'zero']
2026-10-05 15:46:17,231 | INFO | fontTools.subset | Glyph IDs:   [0, 1, 2, 3, 11, 12, 15, 19, 20, 21, 22, 23, 24, 25, 26, 27, 28, 36, 38, 43, 44, 47, 48, 49, 68, 70, 71, 72, 73, 76, 79, 80, 81, 82, 83, 85, 86, 87, 88, 89, 91, 153, 171]
2026-10-05 15:46:17,232 | INFO | fontTools.subset | Closed glyph list over 'MATH': 49 glyphs after
2026-10-05 15:46:17,232 | INFO | fontTools.subset | Glyph names: ['.notdef', '.null', 'A', 'C', 'H', 'I', 'L', 'M', 'N', 'a', 'c', 'comma', 'd', 'e', 'eacute', 'eight', 'f', 'five', 'four', 'i', 'l', 'm', 'multiply', 'n', 'nine', 'nonmarkingreturn', 'o', 'one', 'p', 'parenleft', 'parenright', 'r', 's', 'seven', 'six', 'space', 't', 'three', 'two', 'u', 'uni239B', 'uni239C', 'uni239D', 'uni239E', 'uni239F', 'uni23A0', 'v', 'x', 'zero']
2026-10-05 15:46:17,232 | INFO | fontTools.subset | Glyph IDs:   [0, 1, 2, 3, 11, 12, 15, 19, 20, 21, 22, 23, 24, 25, 26, 27, 28, 36, 38, 43, 44, 47, 48, 49, 68, 70, 71, 72, 73, 76, 79, 80, 81, 82, 83, 85, 86, 87, 88, 89, 91, 153, 171, 3506, 3507, 3508, 3509, 3510, 3511]
2026-10-05 15:46:17,232 | INFO | fontTools.subset | Closing glyph list over 'GSUB': 49 glyphs before
2026-10-05 15:46:17,232 | INFO | fontTools.subset | Glyph names: ['.notdef', '.null', 'A', 'C', 'H', 'I', 'L', 'M', 'N', 'a', 'c', 'comma', 'd', 'e', 'eacute', 'eight', 'f', 'five', 'four', 'i', 'l', 'm', 'multiply', 'n', 'nine', 'nonmarkingreturn', 'o', 'one', 'p', 'parenleft', 'parenright', 'r', 's', 'seven', 'six', 'space', 't', 'three', 'two', 'u', 'uni239B', 'uni239C', 'uni239D', 'uni239E', 'uni239F', 'uni23A0', 'v', 'x', 'zero']
2026-10-05 15:46:17,232 | INFO | fontTools.subset | Glyph IDs:   [0, 1, 2, 3, 11, 12, 15, 19, 20, 21, 22, 23, 24, 25, 26, 27, 28, 36, 38, 43, 44, 47, 48, 49, 68, 70, 71, 72, 73, 76, 79, 80, 81, 82, 83, 85, 86, 87, 88, 89, 91, 153, 171, 3506, 3507, 3508, 3509, 3510, 3511]
2026-10-05 15:46:17,235 | INFO | fontTools.subset | Closed glyph list over 'GSUB': 54 glyphs after
2026-10-05 15:46:17,235 | INFO | fontTools.subset | Glyph names: ['.notdef', '.null', 'A', 'C', 'H', 'I', 'L', 'M', 'N', 'a', 'c', 'comma', 'd', 'e', 'eacute', 'eight', 'f', 'fi', 'five', 'fl', 'four', 'i', 'l', 'm', 'multiply', 'n', 'nine', 'nonmarkingreturn', 'o', 'one', 'p', 'parenleft', 'parenright', 'r', 's', 'seven', 'six', 'space', 't', 'three', 'two', 'u', 'uni239B', 'uni239C', 'uni239D', 'uni239E', 'uni239F', 'uni23A0', 'uniFB00', 'uniFB03', 'uniFB04', 'v', 'x', 'zero']
2026-10-05 15:46:17,235 | INFO | fontTools.subset | Glyph IDs:   [0, 1, 2, 3, 11, 12, 15, 19, 20, 21, 22, 23, 24, 25, 26, 27, 28, 36, 38, 43, 44, 47, 48, 49, 68, 70, 71, 72, 73, 76, 79, 80, 81, 82, 83, 85, 86, 87, 88, 89, 91, 153, 171, 3506, 3507, 3508, 3509, 3510, 3511, 5038, 5039, 5040, 5041, 5042]
2026-10-05 15:46:17,235 | INFO | fontTools.subset | Closing glyph list over 'glyf': 54 glyphs before
2026-10-05 15:46:17,235 | INFO | fontTools.subset | Glyph names: ['.notdef', '.null', 'A', 'C', 'H', 'I', 'L', 'M', 'N', 'a', 'c', 'comma', 'd', 'e', 'eacute', 'eight', 'f', 'fi', 'five', 'fl', 'four', 'i', 'l', 'm', 'multiply', 'n', 'nine', 'nonmarkingreturn', 'o', 'one', 'p', 'parenleft', 'parenright', 'r', 's', 'seven', 'six', 'space', 't', 'three', 'two', 'u', 'uni239B', 'uni239C', 'uni239D', 'uni239E', 'uni239F', 'uni23A0', 'uniFB00', 'uniFB03', 'uniFB04', 'v', 'x', 'zero']
2026-10-05 15:46:17,235 | INFO | fontTools.subset | Glyph IDs:   [0, 1, 2, 3, 11, 12, 15, 19, 20, 21, 22, 23, 24, 25, 26, 27, 28, 36, 38, 43, 44, 47, 48, 49, 68, 70, 71, 72, 73, 76, 79, 80, 81, 82, 83, 85, 86, 87, 88, 89, 91, 153, 171, 3506, 3507, 3508, 3509, 3510, 3511, 5038, 5039, 5040, 5041, 5042]
2026-10-05 15:46:17,235 | INFO | fontTools.subset | Closed glyph list over 'glyf': 55 glyphs after
2026-10-05 15:46:17,236 | INFO | fontTools.subset | Glyph names: ['.notdef', '.null', 'A', 'C', 'H', 'I', 'L', 'M', 'N', 'a', 'acute', 'c', 'comma', 'd', 'e', 'eacute', 'eight', 'f', 'fi', 'five', 'fl', 'four', 'i', 'l', 'm', 'multiply', 'n', 'nine', 'nonmarkingreturn', 'o', 'one', 'p', 'parenleft', 'parenright', 'r', 's', 'seven', 'six', 'space', 't', 'three', 'two', 'u', 'uni239B', 'uni239C', 'uni239D', 'uni239E', 'uni239F', 'uni23A0', 'uniFB00', 'uniFB03', 'uniFB04', 'v', 'x', 'zero']
2026-10-05 15:46:17,236 | INFO | fontTools.subset | Glyph IDs:   [0, 1, 2, 3, 11, 12, 15, 19, 20, 21, 22, 23, 24, 25, 26, 27, 28, 36, 38, 43, 44, 47, 48, 49, 68, 70, 71, 72, 73, 76, 79, 80, 81, 82, 83, 85, 86, 87, 88, 89, 91, 118, 153, 171, 3506, 3507, 3508, 3509, 3510, 3511, 5038, 5039, 5040, 5041, 5042]
2026-10-05 15:46:17,236 | INFO | fontTools.subset | Retaining 55 glyphs
2026-10-05 15:46:17,236 | INFO | fontTools.subset | head subsetting not needed
2026-10-05 15:46:17,237 | INFO | fontTools.subset | hhea subsetting not needed
2026-10-05 15:46:17,237 | INFO | fontTools.subset | maxp subsetting not needed
2026-10-05 15:46:17,237 | INFO | fontTools.subset | OS/2 subsetting not needed
2026-10-05 15:46:17,240 | INFO | fontTools.subset | hmtx subsetted
2026-10-05 15:46:17,242 | INFO | fontTools.subset | cmap subsetted
2026-10-05 15:46:17,242 | INFO | fontTools.subset | fpgm subsetting not needed
2026-10-05 15:46:17,242 | INFO | fontTools.subset | prep subsetting not needed
2026-10-05 15:46:17,242 | INFO | fontTools.subset | cvt  subsetting not needed
2026-10-05 15:46:17,242 | INFO | fontTools.subset | loca subsetting not needed
2026-10-05 15:46:17,242 | INFO | fontTools.subset | post subsetted
2026-10-05 15:46:17,242 | INFO | fontTools.subset | gasp subsetting not needed
2026-10-05 15:46:17,242 | INFO | fontTools.subset | MATH subsetted
2026-10-05 15:46:17,244 | INFO | fontTools.subset | GDEF subsetted
2026-10-05 15:46:17,259 | INFO | fontTools.subset | GPOS subsetted
2026-10-05 15:46:17,261 | INFO | fontTools.subset | GSUB subsetted
2026-10-05 15:46:17,261 | INFO | fontTools.subset | name subsetting not needed
2026-10-05 15:46:17,262 | INFO | fontTools.subset | glyf subsetted
2026-10-05 15:46:17,263 | INFO | fontTools.subset | head pruned
2026-10-05 15:46:17,263 | INFO | fontTools.subset | OS/2 Unicode ranges pruned: [0, 1]
2026-10-05 15:46:17,263 | INFO | fontTools.subset | OS/2 CodePage ranges pruned: [0]
2026-10-05 15:46:17,263 | INFO | fontTools.subset | glyf pruned
2026-10-05 15:46:17,263 | INFO | fontTools.subset | GDEF pruned
2026-10-05 15:46:17,264 | INFO | fontTools.subset | GPOS pruned
2026-10-05 15:46:17,264 | INFO | fontTools.subset | GSUB pruned
2026-10-05 15:46:17,269 | INFO | fontTools.subset | name pruned
2026-10-05 15:46:17,276 | INFO | fontTools.subset | maxp pruned
2026-10-05 15:46:17,284 | INFO | fontTools.subset | cmap pruned
2026-10-05 15:46:17,284 | INFO | fontTools.subset | kern dropped
2026-10-05 15:46:17,284 | INFO | fontTools.subset | post pruned
2026-10-05 15:46:17,285 | INFO | fontTools.subset | FFTM dropped
2026-10-05 15:46:17,286 | INFO | fontTools.subset | GPOS pruned
2026-10-05 15:46:17,289 | INFO | fontTools.subset | GSUB pruned
2026-10-05 15:46:17,294 | INFO | fontTools.subset | glyf pruned
2026-10-05 15:46:17,294 | INFO | fontTools.subset | Added gid0 to subset
2026-10-05 15:46:17,295 | INFO | fontTools.subset | Added first four glyphs to subset
2026-10-05 15:46:17,295 | INFO | fontTools.subset | Closing glyph list over 'MATH': 5 glyphs before
2026-10-05 15:46:17,295 | INFO | fontTools.subset | Glyph names: ['.notdef', '.null', 'minus', 'nonmarkingreturn', 'space']
2026-10-05 15:46:17,295 | INFO | fontTools.subset | Glyph IDs:   [0, 1, 2, 3, 3228]
2026-10-05 15:46:17,296 | INFO | fontTools.subset | Closed glyph list over 'MATH': 5 glyphs after
2026-10-05 15:46:17,296 | INFO | fontTools.subset | Glyph names: ['.notdef', '.null', 'minus', 'nonmarkingreturn', 'space']
2026-10-05 15:46:17,296 | INFO | fontTools.subset | Glyph IDs:   [0, 1, 2, 3, 3228]
2026-10-05 15:46:17,296 | INFO | fontTools.subset | Closing glyph list over 'GSUB': 5 glyphs before
2026-10-05 15:46:17,296 | INFO | fontTools.subset | Glyph names: ['.notdef', '.null', 'minus', 'nonmarkingreturn', 'space']
2026-10-05 15:46:17,296 | INFO | fontTools.subset | Glyph IDs:   [0, 1, 2, 3, 3228]
2026-10-05 15:46:17,297 | INFO | fontTools.subset | Closed glyph list over 'GSUB': 5 glyphs after
2026-10-05 15:46:17,297 | INFO | fontTools.subset | Glyph names: ['.notdef', '.null', 'minus', 'nonmarkingreturn', 'space']
2026-10-05 15:46:17,298 | INFO | fontTools.subset | Glyph IDs:   [0, 1, 2, 3, 3228]
2026-10-05 15:46:17,298 | INFO | fontTools.subset | Closing glyph list over 'glyf': 5 glyphs before
2026-10-05 15:46:17,298 | INFO | fontTools.subset | Glyph names: ['.notdef', '.null', 'minus', 'nonmarkingreturn', 'space']
2026-10-05 15:46:17,298 | INFO | fontTools.subset | Glyph IDs:   [0, 1, 2, 3, 3228]
2026-10-05 15:46:17,298 | INFO | fontTools.subset | Closed glyph list over 'glyf': 5 glyphs after
2026-10-05 15:46:17,298 | INFO | fontTools.subset | Glyph names: ['.notdef', '.null', 'minus', 'nonmarkingreturn', 'space']
2026-10-05 15:46:17,298 | INFO | fontTools.subset | Glyph IDs:   [0, 1, 2, 3, 3228]
2026-10-05 15:46:17,298 | INFO | fontTools.subset | Retaining 5 glyphs
2026-10-05 15:46:17,299 | INFO | fontTools.subset | head subsetting not needed
2026-10-05 15:46:17,299 | INFO | fontTools.subset | hhea subsetting not needed
2026-10-05 15:46:17,299 | INFO | fontTools.subset | maxp subsetting not needed
2026-10-05 15:46:17,299 | INFO | fontTools.subset | OS/2 subsetting not needed
2026-10-05 15:46:17,301 | INFO | fontTools.subset | hmtx subsetted
2026-10-05 15:46:17,303 | INFO | fontTools.subset | cmap subsetted
2026-10-05 15:46:17,303 | INFO | fontTools.subset | fpgm subsetting not needed
2026-10-05 15:46:17,303 | INFO | fontTools.subset | prep subsetting not needed
2026-10-05 15:46:17,303 | INFO | fontTools.subset | cvt  subsetting not needed
2026-10-05 15:46:17,303 | INFO | fontTools.subset | loca subsetting not needed
2026-10-05 15:46:17,303 | INFO | fontTools.subset | post subsetted
2026-10-05 15:46:17,303 | INFO | fontTools.subset | gasp subsetting not needed
2026-10-05 15:46:17,304 | INFO | fontTools.subset | MATH subsetted
2026-10-05 15:46:17,305 | INFO | fontTools.subset | GDEF subsetted
2026-10-05 15:46:17,320 | INFO | fontTools.subset | GPOS subsetted
2026-10-05 15:46:17,321 | INFO | fontTools.subset | GSUB subsetted
2026-10-05 15:46:17,321 | INFO | fontTools.subset | name subsetting not needed
2026-10-05 15:46:17,322 | INFO | fontTools.subset | glyf subsetted
2026-10-05 15:46:17,323 | INFO | fontTools.subset | head pruned
2026-10-05 15:46:17,323 | INFO | fontTools.subset | OS/2 Unicode ranges pruned: [38]
2026-10-05 15:46:17,323 | INFO | fontTools.subset | OS/2 CodePage ranges pruned: [0]
2026-10-05 15:46:17,323 | INFO | fontTools.subset | glyf pruned
2026-10-05 15:46:17,323 | INFO | fontTools.subset | GDEF pruned
2026-10-05 15:46:17,323 | INFO | fontTools.subset | GPOS pruned
2026-10-05 15:46:17,324 | INFO | fontTools.subset | GSUB pruned
2026-10-05 15:46:17,325 | INFO | fontTools.subset | name pruned
2026-10-05 15:46:17,684 | INFO | fontTools.subset | maxp pruned
2026-10-05 15:46:17,692 | INFO | fontTools.subset | cmap pruned
2026-10-05 15:46:17,693 | INFO | fontTools.subset | kern dropped
2026-10-05 15:46:17,693 | INFO | fontTools.subset | post pruned
2026-10-05 15:46:17,693 | INFO | fontTools.subset | FFTM dropped
2026-10-05 15:46:17,694 | INFO | fontTools.subset | GPOS pruned
2026-10-05 15:46:17,697 | INFO | fontTools.subset | GSUB pruned
2026-10-05 15:46:17,703 | INFO | fontTools.subset | glyf pruned
2026-10-05 15:46:17,704 | INFO | fontTools.subset | Added gid0 to subset
2026-10-05 15:46:17,704 | INFO | fontTools.subset | Added first four glyphs to subset
2026-10-05 15:46:17,704 | INFO | fontTools.subset | Closing glyph list over 'MATH': 42 glyphs before
2026-10-05 15:46:17,704 | INFO | fontTools.subset | Glyph names: ['.notdef', '.null', 'E', 'F', 'L', 'T', 'a', 'aacute', 'atilde', 'b', 'c', 'ccedilla', 'd', 'e', 'ecircumflex', 'eight', 'f', 'g', 'guillemotleft', 'guillemotright', 'h', 'i', 'iacute', 'l', 'm', 'n', 'nonmarkingreturn', 'o', 'one', 'parenleft', 'parenright', 'r', 's', 'six', 'space', 't', 'three', 'u', 'v', 'x', 'z', 'zero']
2026-10-05 15:46:17,705 | INFO | fontTools.subset | Glyph IDs:   [0, 1, 2, 3, 11, 12, 19, 20, 22, 25, 27, 40, 41, 47, 55, 68, 69, 70, 71, 72, 73, 74, 75, 76, 79, 80, 81, 82, 85, 86, 87, 88, 89, 91, 93, 109, 125, 163, 165, 169, 172, 175]
2026-10-05 15:46:17,705 | INFO | fontTools.subset | Closed glyph list over 'MATH': 48 glyphs after
2026-10-05 15:46:17,705 | INFO | fontTools.subset | Glyph names: ['.notdef', '.null', 'E', 'F', 'L', 'T', 'a', 'aacute', 'atilde', 'b', 'c', 'ccedilla', 'd', 'e', 'ecircumflex', 'eight', 'f', 'g', 'guillemotleft', 'guillemotright', 'h', 'i', 'iacute', 'l', 'm', 'n', 'nonmarkingreturn', 'o', 'one', 'parenleft', 'parenright', 'r', 's', 'six', 'space', 't', 'three', 'u', 'uni239B', 'uni239C', 'uni239D', 'uni239E', 'uni239F', 'uni23A0', 'v', 'x', 'z', 'zero']
2026-10-05 15:46:17,706 | INFO | fontTools.subset | Glyph IDs:   [0, 1, 2, 3, 11, 12, 19, 20, 22, 25, 27, 40, 41, 47, 55, 68, 69, 70, 71, 72, 73, 74, 75, 76, 79, 80, 81, 82, 85, 86, 87, 88, 89, 91, 93, 109, 125, 163, 165, 169, 172, 175, 3506, 3507, 3508, 3509, 3510, 3511]
2026-10-05 15:46:17,706 | INFO | fontTools.subset | Closing glyph list over 'GSUB': 48 glyphs before
2026-10-05 15:46:17,706 | INFO | fontTools.subset | Glyph names: ['.notdef', '.null', 'E', 'F', 'L', 'T', 'a', 'aacute', 'atilde', 'b', 'c', 'ccedilla', 'd', 'e', 'ecircumflex', 'eight', 'f', 'g', 'guillemotleft', 'guillemotright', 'h', 'i', 'iacute', 'l', 'm', 'n', 'nonmarkingreturn', 'o', 'one', 'parenleft', 'parenright', 'r', 's', 'six', 'space', 't', 'three', 'u', 'uni239B', 'uni239C', 'uni239D', 'uni239E', 'uni239F', 'uni23A0', 'v', 'x', 'z', 'zero']
2026-10-05 15:46:17,706 | INFO | fontTools.subset | Glyph IDs:   [0, 1, 2, 3, 11, 12, 19, 20, 22, 25, 27, 40, 41, 47, 55, 68, 69, 70, 71, 72, 73, 74, 75, 76, 79, 80, 81, 82, 85, 86, 87, 88, 89, 91, 93, 109, 125, 163, 165, 169, 172, 175, 3506, 3507, 3508, 3509, 3510, 3511]
2026-10-05 15:46:17,709 | INFO | fontTools.subset | Closed glyph list over 'GSUB': 53 glyphs after
2026-10-05 15:46:17,709 | INFO | fontTools.subset | Glyph names: ['.notdef', '.null', 'E', 'F', 'L', 'T', 'a', 'aacute', 'atilde', 'b', 'c', 'ccedilla', 'd', 'e', 'ecircumflex', 'eight', 'f', 'fi', 'fl', 'g', 'guillemotleft', 'guillemotright', 'h', 'i', 'iacute', 'l', 'm', 'n', 'nonmarkingreturn', 'o', 'one', 'parenleft', 'parenright', 'r', 's', 'six', 'space', 't', 'three', 'u', 'uni239B', 'uni239C', 'uni239D', 'uni239E', 'uni239F', 'uni23A0', 'uniFB00', 'uniFB03', 'uniFB04', 'v', 'x', 'z', 'zero']
2026-10-05 15:46:17,709 | INFO | fontTools.subset | Glyph IDs:   [0, 1, 2, 3, 11, 12, 19, 20, 22, 25, 27, 40, 41, 47, 55, 68, 69, 70, 71, 72, 73, 74, 75, 76, 79, 80, 81, 82, 85, 86, 87, 88, 89, 91, 93, 109, 125, 163, 165, 169, 172, 175, 3506, 3507, 3508, 3509, 3510, 3511, 5038, 5039, 5040, 5041, 5042]
2026-10-05 15:46:17,709 | INFO | fontTools.subset | Closing glyph list over 'glyf': 53 glyphs before
2026-10-05 15:46:17,709 | INFO | fontTools.subset | Glyph names: ['.notdef', '.null', 'E', 'F', 'L', 'T', 'a', 'aacute', 'atilde', 'b', 'c', 'ccedilla', 'd', 'e', 'ecircumflex', 'eight', 'f', 'fi', 'fl', 'g', 'guillemotleft', 'guillemotright', 'h', 'i', 'iacute', 'l', 'm', 'n', 'nonmarkingreturn', 'o', 'one', 'parenleft', 'parenright', 'r', 's', 'six', 'space', 't', 'three', 'u', 'uni239B', 'uni239C', 'uni239D', 'uni239E', 'uni239F', 'uni23A0', 'uniFB00', 'uniFB03', 'uniFB04', 'v', 'x', 'z', 'zero']
2026-10-05 15:46:17,709 | INFO | fontTools.subset | Glyph IDs:   [0, 1, 2, 3, 11, 12, 19, 20, 22, 25, 27, 40, 41, 47, 55, 68, 69, 70, 71, 72, 73, 74, 75, 76, 79, 80, 81, 82, 85, 86, 87, 88, 89, 91, 93, 109, 125, 163, 165, 169, 172, 175, 3506, 3507, 3508, 3509, 3510, 3511, 5038, 5039, 5040, 5041, 5042]
2026-10-05 15:46:17,709 | INFO | fontTools.subset | Closed glyph list over 'glyf': 58 glyphs after
2026-10-05 15:46:17,709 | INFO | fontTools.subset | Glyph names: ['.notdef', '.null', 'E', 'F', 'L', 'T', 'a', 'aacute', 'acute', 'atilde', 'b', 'c', 'ccedilla', 'cedilla', 'circumflex', 'd', 'dotlessi', 'e', 'ecircumflex', 'eight', 'f', 'fi', 'fl', 'g', 'guillemotleft', 'guillemotright', 'h', 'i', 'iacute', 'l', 'm', 'n', 'nonmarkingreturn', 'o', 'one', 'parenleft', 'parenright', 'r', 's', 'six', 'space', 't', 'three', 'tilde', 'u', 'uni239B', 'uni239C', 'uni239D', 'uni239E', 'uni239F', 'uni23A0', 'uniFB00', 'uniFB03', 'uniFB04', 'v', 'x', 'z', 'zero']
2026-10-05 15:46:17,710 | INFO | fontTools.subset | Glyph IDs:   [0, 1, 2, 3, 11, 12, 19, 20, 22, 25, 27, 40, 41, 47, 55, 68, 69, 70, 71, 72, 73, 74, 75, 76, 79, 80, 81, 82, 85, 86, 87, 88, 89, 91, 93, 109, 118, 122, 125, 163, 165, 169, 172, 175, 243, 648, 670, 3506, 3507, 3508, 3509, 3510, 3511, 5038, 5039, 5040, 5041, 5042]
2026-10-05 15:46:17,710 | INFO | fontTools.subset | Retaining 58 glyphs
2026-10-05 15:46:17,710 | INFO | fontTools.subset | head subsetting not needed
2026-10-05 15:46:17,710 | INFO | fontTools.subset | hhea subsetting not needed
2026-10-05 15:46:17,710 | INFO | fontTools.subset | maxp subsetting not needed
2026-10-05 15:46:17,710 | INFO | fontTools.subset | OS/2 subsetting not needed
2026-10-05 15:46:17,714 | INFO | fontTools.subset | hmtx subsetted
2026-10-05 15:46:17,716 | INFO | fontTools.subset | cmap subsetted
2026-10-05 15:46:17,716 | INFO | fontTools.subset | fpgm subsetting not needed
2026-10-05 15:46:17,716 | INFO | fontTools.subset | prep subsetting not needed
2026-10-05 15:46:17,716 | INFO | fontTools.subset | cvt  subsetting not needed
2026-10-05 15:46:17,716 | INFO | fontTools.subset | loca subsetting not needed
2026-10-05 15:46:17,716 | INFO | fontTools.subset | post subsetted
2026-10-05 15:46:17,716 | INFO | fontTools.subset | gasp subsetting not needed
2026-10-05 15:46:17,716 | INFO | fontTools.subset | MATH subsetted
2026-10-05 15:46:17,718 | INFO | fontTools.subset | GDEF subsetted
2026-10-05 15:46:17,734 | INFO | fontTools.subset | GPOS subsetted
2026-10-05 15:46:17,735 | INFO | fontTools.subset | GSUB subsetted
2026-10-05 15:46:17,735 | INFO | fontTools.subset | name subsetting not needed
2026-10-05 15:46:17,737 | INFO | fontTools.subset | glyf subsetted
2026-10-05 15:46:17,737 | INFO | fontTools.subset | head pruned
2026-10-05 15:46:17,737 | INFO | fontTools.subset | OS/2 Unicode ranges pruned: [0, 1]
2026-10-05 15:46:17,738 | INFO | fontTools.subset | OS/2 CodePage ranges pruned: [0]
2026-10-05 15:46:17,738 | INFO | fontTools.subset | glyf pruned
2026-10-05 15:46:17,738 | INFO | fontTools.subset | GDEF pruned
2026-10-05 15:46:17,738 | INFO | fontTools.subset | GPOS pruned
2026-10-05 15:46:17,739 | INFO | fontTools.subset | GSUB pruned
2026-10-05 15:46:17,745 | INFO | fontTools.subset | name pruned
2026-10-05 15:46:18,130 | INFO | fontTools.subset | maxp pruned
2026-10-05 15:46:18,138 | INFO | fontTools.subset | cmap pruned
2026-10-05 15:46:18,139 | INFO | fontTools.subset | kern dropped
2026-10-05 15:46:18,139 | INFO | fontTools.subset | post pruned
2026-10-05 15:46:18,139 | INFO | fontTools.subset | FFTM dropped
2026-10-05 15:46:18,140 | INFO | fontTools.subset | GPOS pruned
2026-10-05 15:46:18,143 | INFO | fontTools.subset | GSUB pruned
2026-10-05 15:46:18,149 | INFO | fontTools.subset | glyf pruned
2026-10-05 15:46:18,150 | INFO | fontTools.subset | Added gid0 to subset
2026-10-05 15:46:18,150 | INFO | fontTools.subset | Added first four glyphs to subset
2026-10-05 15:46:18,150 | INFO | fontTools.subset | Closing glyph list over 'MATH': 37 glyphs before
2026-10-05 15:46:18,150 | INFO | fontTools.subset | Glyph names: ['.notdef', '.null', 'J', 'L', 'a', 'atilde', 'b', 'c', 'ccedilla', 'comma', 'd', 'e', 'eight', 'f', 'five', 'four', 'i', 'l', 'm', 'n', 'nine', 'nonmarkingreturn', 'o', 'one', 'p', 'parenleft', 'parenright', 'r', 's', 'six', 'space', 't', 'three', 'two', 'underscore', 'x', 'zero']
2026-10-05 15:46:18,150 | INFO | fontTools.subset | Glyph IDs:   [0, 1, 2, 3, 11, 12, 15, 19, 20, 21, 22, 23, 24, 25, 27, 28, 45, 47, 66, 68, 69, 70, 71, 72, 73, 76, 79, 80, 81, 82, 83, 85, 86, 87, 91, 165, 169]
2026-10-05 15:46:18,151 | INFO | fontTools.subset | Closed glyph list over 'MATH': 43 glyphs after
2026-10-05 15:46:18,151 | INFO | fontTools.subset | Glyph names: ['.notdef', '.null', 'J', 'L', 'a', 'atilde', 'b', 'c', 'ccedilla', 'comma', 'd', 'e', 'eight', 'f', 'five', 'four', 'i', 'l', 'm', 'n', 'nine', 'nonmarkingreturn', 'o', 'one', 'p', 'parenleft', 'parenright', 'r', 's', 'six', 'space', 't', 'three', 'two', 'underscore', 'uni239B', 'uni239C', 'uni239D', 'uni239E', 'uni239F', 'uni23A0', 'x', 'zero']
2026-10-05 15:46:18,151 | INFO | fontTools.subset | Glyph IDs:   [0, 1, 2, 3, 11, 12, 15, 19, 20, 21, 22, 23, 24, 25, 27, 28, 45, 47, 66, 68, 69, 70, 71, 72, 73, 76, 79, 80, 81, 82, 83, 85, 86, 87, 91, 165, 169, 3506, 3507, 3508, 3509, 3510, 3511]
2026-10-05 15:46:18,151 | INFO | fontTools.subset | Closing glyph list over 'GSUB': 43 glyphs before
2026-10-05 15:46:18,151 | INFO | fontTools.subset | Glyph names: ['.notdef', '.null', 'J', 'L', 'a', 'atilde', 'b', 'c', 'ccedilla', 'comma', 'd', 'e', 'eight', 'f', 'five', 'four', 'i', 'l', 'm', 'n', 'nine', 'nonmarkingreturn', 'o', 'one', 'p', 'parenleft', 'parenright', 'r', 's', 'six', 'space', 't', 'three', 'two', 'underscore', 'uni239B', 'uni239C', 'uni239D', 'uni239E', 'uni239F', 'uni23A0', 'x', 'zero']
2026-10-05 15:46:18,152 | INFO | fontTools.subset | Glyph IDs:   [0, 1, 2, 3, 11, 12, 15, 19, 20, 21, 22, 23, 24, 25, 27, 28, 45, 47, 66, 68, 69, 70, 71, 72, 73, 76, 79, 80, 81, 82, 83, 85, 86, 87, 91, 165, 169, 3506, 3507, 3508, 3509, 3510, 3511]
2026-10-05 15:46:18,154 | INFO | fontTools.subset | Closed glyph list over 'GSUB': 48 glyphs after
2026-10-05 15:46:18,154 | INFO | fontTools.subset | Glyph names: ['.notdef', '.null', 'J', 'L', 'a', 'atilde', 'b', 'c', 'ccedilla', 'comma', 'd', 'e', 'eight', 'f', 'fi', 'five', 'fl', 'four', 'i', 'l', 'm', 'n', 'nine', 'nonmarkingreturn', 'o', 'one', 'p', 'parenleft', 'parenright', 'r', 's', 'six', 'space', 't', 'three', 'two', 'underscore', 'uni239B', 'uni239C', 'uni239D', 'uni239E', 'uni239F', 'uni23A0', 'uniFB00', 'uniFB03', 'uniFB04', 'x', 'zero']
2026-10-05 15:46:18,154 | INFO | fontTools.subset | Glyph IDs:   [0, 1, 2, 3, 11, 12, 15, 19, 20, 21, 22, 23, 24, 25, 27, 28, 45, 47, 66, 68, 69, 70, 71, 72, 73, 76, 79, 80, 81, 82, 83, 85, 86, 87, 91, 165, 169, 3506, 3507, 3508, 3509, 3510, 3511, 5038, 5039, 5040, 5041, 5042]
2026-10-05 15:46:18,155 | INFO | fontTools.subset | Closing glyph list over 'glyf': 48 glyphs before
2026-10-05 15:46:18,155 | INFO | fontTools.subset | Glyph names: ['.notdef', '.null', 'J', 'L', 'a', 'atilde', 'b', 'c', 'ccedilla', 'comma', 'd', 'e', 'eight', 'f', 'fi', 'five', 'fl', 'four', 'i', 'l', 'm', 'n', 'nine', 'nonmarkingreturn', 'o', 'one', 'p', 'parenleft', 'parenright', 'r', 's', 'six', 'space', 't', 'three', 'two', 'underscore', 'uni239B', 'uni239C', 'uni239D', 'uni239E', 'uni239F', 'uni23A0', 'uniFB00', 'uniFB03', 'uniFB04', 'x', 'zero']
2026-10-05 15:46:18,155 | INFO | fontTools.subset | Glyph IDs:   [0, 1, 2, 3, 11, 12, 15, 19, 20, 21, 22, 23, 24, 25, 27, 28, 45, 47, 66, 68, 69, 70, 71, 72, 73, 76, 79, 80, 81, 82, 83, 85, 86, 87, 91, 165, 169, 3506, 3507, 3508, 3509, 3510, 3511, 5038, 5039, 5040, 5041, 5042]
2026-10-05 15:46:18,155 | INFO | fontTools.subset | Closed glyph list over 'glyf': 50 glyphs after
2026-10-05 15:46:18,155 | INFO | fontTools.subset | Glyph names: ['.notdef', '.null', 'J', 'L', 'a', 'atilde', 'b', 'c', 'ccedilla', 'cedilla', 'comma', 'd', 'e', 'eight', 'f', 'fi', 'five', 'fl', 'four', 'i', 'l', 'm', 'n', 'nine', 'nonmarkingreturn', 'o', 'one', 'p', 'parenleft', 'parenright', 'r', 's', 'six', 'space', 't', 'three', 'tilde', 'two', 'underscore', 'uni239B', 'uni239C', 'uni239D', 'uni239E', 'uni239F', 'uni23A0', 'uniFB00', 'uniFB03', 'uniFB04', 'x', 'zero']
2026-10-05 15:46:18,155 | INFO | fontTools.subset | Glyph IDs:   [0, 1, 2, 3, 11, 12, 15, 19, 20, 21, 22, 23, 24, 25, 27, 28, 45, 47, 66, 68, 69, 70, 71, 72, 73, 76, 79, 80, 81, 82, 83, 85, 86, 87, 91, 122, 165, 169, 670, 3506, 3507, 3508, 3509, 3510, 3511, 5038, 5039, 5040, 5041, 5042]
2026-10-05 15:46:18,155 | INFO | fontTools.subset | Retaining 50 glyphs
2026-10-05 15:46:18,156 | INFO | fontTools.subset | head subsetting not needed
2026-10-05 15:46:18,156 | INFO | fontTools.subset | hhea subsetting not needed
2026-10-05 15:46:18,156 | INFO | fontTools.subset | maxp subsetting not needed
2026-10-05 15:46:18,156 | INFO | fontTools.subset | OS/2 subsetting not needed
2026-10-05 15:46:18,159 | INFO | fontTools.subset | hmtx subsetted
2026-10-05 15:46:18,160 | INFO | fontTools.subset | cmap subsetted
2026-10-05 15:46:18,160 | INFO | fontTools.subset | fpgm subsetting not needed
2026-10-05 15:46:18,160 | INFO | fontTools.subset | prep subsetting not needed
2026-10-05 15:46:18,161 | INFO | fontTools.subset | cvt  subsetting not needed
2026-10-05 15:46:18,161 | INFO | fontTools.subset | loca subsetting not needed
2026-10-05 15:46:18,161 | INFO | fontTools.subset | post subsetted
2026-10-05 15:46:18,161 | INFO | fontTools.subset | gasp subsetting not needed
2026-10-05 15:46:18,161 | INFO | fontTools.subset | MATH subsetted
2026-10-05 15:46:18,163 | INFO | fontTools.subset | GDEF subsetted
2026-10-05 15:46:18,178 | INFO | fontTools.subset | GPOS subsetted
2026-10-05 15:46:18,180 | INFO | fontTools.subset | GSUB subsetted
2026-10-05 15:46:18,180 | INFO | fontTools.subset | name subsetting not needed
2026-10-05 15:46:18,181 | INFO | fontTools.subset | glyf subsetted
2026-10-05 15:46:18,182 | INFO | fontTools.subset | head pruned
2026-10-05 15:46:18,182 | INFO | fontTools.subset | OS/2 Unicode ranges pruned: [0, 1]
2026-10-05 15:46:18,182 | INFO | fontTools.subset | OS/2 CodePage ranges pruned: [0]
2026-10-05 15:46:18,182 | INFO | fontTools.subset | glyf pruned
2026-10-05 15:46:18,183 | INFO | fontTools.subset | GDEF pruned
2026-10-05 15:46:18,183 | INFO | fontTools.subset | GPOS pruned
2026-10-05 15:46:18,183 | INFO | fontTools.subset | GSUB pruned
2026-10-05 15:46:18,187 | INFO | fontTools.subset | name pruned
2026-10-05 15:46:18,194 | INFO | fontTools.subset | maxp pruned
2026-10-05 15:46:18,202 | INFO | fontTools.subset | cmap pruned
2026-10-05 15:46:18,202 | INFO | fontTools.subset | kern dropped
2026-10-05 15:46:18,202 | INFO | fontTools.subset | post pruned
2026-10-05 15:46:18,202 | INFO | fontTools.subset | FFTM dropped
2026-10-05 15:46:18,204 | INFO | fontTools.subset | GPOS pruned
2026-10-05 15:46:18,206 | INFO | fontTools.subset | GSUB pruned
2026-10-05 15:46:18,212 | INFO | fontTools.subset | glyf pruned
2026-10-05 15:46:18,213 | INFO | fontTools.subset | Added gid0 to subset
2026-10-05 15:46:18,213 | INFO | fontTools.subset | Added first four glyphs to subset
2026-10-05 15:46:18,213 | INFO | fontTools.subset | Closing glyph list over 'MATH': 6 glyphs before
2026-10-05 15:46:18,213 | INFO | fontTools.subset | Glyph names: ['.notdef', '.null', 'endash', 'nonmarkingreturn', 'space', 'uni02B7']
2026-10-05 15:46:18,214 | INFO | fontTools.subset | Glyph IDs:   [0, 1, 2, 3, 633, 2805]
2026-10-05 15:46:18,214 | INFO | fontTools.subset | Closed glyph list over 'MATH': 6 glyphs after
2026-10-05 15:46:18,214 | INFO | fontTools.subset | Glyph names: ['.notdef', '.null', 'endash', 'nonmarkingreturn', 'space', 'uni02B7']
2026-10-05 15:46:18,214 | INFO | fontTools.subset | Glyph IDs:   [0, 1, 2, 3, 633, 2805]
2026-10-05 15:46:18,214 | INFO | fontTools.subset | Closing glyph list over 'GSUB': 6 glyphs before
2026-10-05 15:46:18,214 | INFO | fontTools.subset | Glyph names: ['.notdef', '.null', 'endash', 'nonmarkingreturn', 'space', 'uni02B7']
2026-10-05 15:46:18,215 | INFO | fontTools.subset | Glyph IDs:   [0, 1, 2, 3, 633, 2805]
2026-10-05 15:46:18,216 | INFO | fontTools.subset | Closed glyph list over 'GSUB': 6 glyphs after
2026-10-05 15:46:18,216 | INFO | fontTools.subset | Glyph names: ['.notdef', '.null', 'endash', 'nonmarkingreturn', 'space', 'uni02B7']
2026-10-05 15:46:18,216 | INFO | fontTools.subset | Glyph IDs:   [0, 1, 2, 3, 633, 2805]
2026-10-05 15:46:18,216 | INFO | fontTools.subset | Closing glyph list over 'glyf': 6 glyphs before
2026-10-05 15:46:18,216 | INFO | fontTools.subset | Glyph names: ['.notdef', '.null', 'endash', 'nonmarkingreturn', 'space', 'uni02B7']
2026-10-05 15:46:18,216 | INFO | fontTools.subset | Glyph IDs:   [0, 1, 2, 3, 633, 2805]
2026-10-05 15:46:18,216 | INFO | fontTools.subset | Closed glyph list over 'glyf': 6 glyphs after
2026-10-05 15:46:18,216 | INFO | fontTools.subset | Glyph names: ['.notdef', '.null', 'endash', 'nonmarkingreturn', 'space', 'uni02B7']
2026-10-05 15:46:18,216 | INFO | fontTools.subset | Glyph IDs:   [0, 1, 2, 3, 633, 2805]
2026-10-05 15:46:18,217 | INFO | fontTools.subset | Retaining 6 glyphs
2026-10-05 15:46:18,217 | INFO | fontTools.subset | head subsetting not needed
2026-10-05 15:46:18,217 | INFO | fontTools.subset | hhea subsetting not needed
2026-10-05 15:46:18,217 | INFO | fontTools.subset | maxp subsetting not needed
2026-10-05 15:46:18,217 | INFO | fontTools.subset | OS/2 subsetting not needed
2026-10-05 15:46:18,220 | INFO | fontTools.subset | hmtx subsetted
2026-10-05 15:46:18,222 | INFO | fontTools.subset | cmap subsetted
2026-10-05 15:46:18,222 | INFO | fontTools.subset | fpgm subsetting not needed
2026-10-05 15:46:18,222 | INFO | fontTools.subset | prep subsetting not needed
2026-10-05 15:46:18,222 | INFO | fontTools.subset | cvt  subsetting not needed
2026-10-05 15:46:18,222 | INFO | fontTools.subset | loca subsetting not needed
2026-10-05 15:46:18,222 | INFO | fontTools.subset | post subsetted
2026-10-05 15:46:18,222 | INFO | fontTools.subset | gasp subsetting not needed
2026-10-05 15:46:18,222 | INFO | fontTools.subset | MATH subsetted
2026-10-05 15:46:18,224 | INFO | fontTools.subset | GDEF subsetted
2026-10-05 15:46:18,239 | INFO | fontTools.subset | GPOS subsetted
2026-10-05 15:46:18,239 | INFO | fontTools.subset | GSUB subsetted
2026-10-05 15:46:18,239 | INFO | fontTools.subset | name subsetting not needed
2026-10-05 15:46:18,241 | INFO | fontTools.subset | glyf subsetted
2026-10-05 15:46:18,241 | INFO | fontTools.subset | head pruned
2026-10-05 15:46:18,241 | INFO | fontTools.subset | OS/2 Unicode ranges pruned: [5, 31]
2026-10-05 15:46:18,241 | INFO | fontTools.subset | OS/2 CodePage ranges pruned: [0]
2026-10-05 15:46:18,242 | INFO | fontTools.subset | glyf pruned
2026-10-05 15:46:18,242 | INFO | fontTools.subset | GDEF pruned
2026-10-05 15:46:18,242 | INFO | fontTools.subset | GPOS pruned
2026-10-05 15:46:18,242 | INFO | fontTools.subset | GSUB pruned
2026-10-05 15:46:18,243 | INFO | fontTools.subset | name pruned
2026-10-05 15:46:19,098 | INFO | fontTools.subset | maxp pruned
2026-10-05 15:46:19,106 | INFO | fontTools.subset | cmap pruned
2026-10-05 15:46:19,106 | INFO | fontTools.subset | kern dropped
2026-10-05 15:46:19,106 | INFO | fontTools.subset | post pruned
2026-10-05 15:46:19,106 | INFO | fontTools.subset | FFTM dropped
2026-10-05 15:46:19,108 | INFO | fontTools.subset | GPOS pruned
2026-10-05 15:46:19,112 | INFO | fontTools.subset | GSUB pruned
2026-10-05 15:46:19,116 | INFO | fontTools.subset | glyf pruned
2026-10-05 15:46:19,117 | INFO | fontTools.subset | Added gid0 to subset
2026-10-05 15:46:19,117 | INFO | fontTools.subset | Added first four glyphs to subset
2026-10-05 15:46:19,117 | INFO | fontTools.subset | Closing glyph list over 'GSUB': 5 glyphs before
2026-10-05 15:46:19,117 | INFO | fontTools.subset | Glyph names: ['.notdef', '.null', 'k', 'nonmarkingreturn', 'space']
2026-10-05 15:46:19,118 | INFO | fontTools.subset | Glyph IDs:   [0, 1, 2, 3, 78]
2026-10-05 15:46:19,119 | INFO | fontTools.subset | Closed glyph list over 'GSUB': 5 glyphs after
2026-10-05 15:46:19,119 | INFO | fontTools.subset | Glyph names: ['.notdef', '.null', 'k', 'nonmarkingreturn', 'space']
2026-10-05 15:46:19,119 | INFO | fontTools.subset | Glyph IDs:   [0, 1, 2, 3, 78]
2026-10-05 15:46:19,119 | INFO | fontTools.subset | Closing glyph list over 'glyf': 5 glyphs before
2026-10-05 15:46:19,119 | INFO | fontTools.subset | Glyph names: ['.notdef', '.null', 'k', 'nonmarkingreturn', 'space']
2026-10-05 15:46:19,119 | INFO | fontTools.subset | Glyph IDs:   [0, 1, 2, 3, 78]
2026-10-05 15:46:19,119 | INFO | fontTools.subset | Closed glyph list over 'glyf': 5 glyphs after
2026-10-05 15:46:19,119 | INFO | fontTools.subset | Glyph names: ['.notdef', '.null', 'k', 'nonmarkingreturn', 'space']
2026-10-05 15:46:19,119 | INFO | fontTools.subset | Glyph IDs:   [0, 1, 2, 3, 78]
2026-10-05 15:46:19,120 | INFO | fontTools.subset | Retaining 5 glyphs
2026-10-05 15:46:19,120 | INFO | fontTools.subset | head subsetting not needed
2026-10-05 15:46:19,120 | INFO | fontTools.subset | hhea subsetting not needed
2026-10-05 15:46:19,120 | INFO | fontTools.subset | maxp subsetting not needed
2026-10-05 15:46:19,120 | INFO | fontTools.subset | OS/2 subsetting not needed
2026-10-05 15:46:19,123 | INFO | fontTools.subset | hmtx subsetted
2026-10-05 15:46:19,125 | INFO | fontTools.subset | cmap subsetted
2026-10-05 15:46:19,125 | INFO | fontTools.subset | fpgm subsetting not needed
2026-10-05 15:46:19,125 | INFO | fontTools.subset | prep subsetting not needed
2026-10-05 15:46:19,125 | INFO | fontTools.subset | cvt  subsetting not needed
2026-10-05 15:46:19,125 | INFO | fontTools.subset | loca subsetting not needed
2026-10-05 15:46:19,125 | INFO | fontTools.subset | post subsetted
2026-10-05 15:46:19,125 | INFO | fontTools.subset | gasp subsetting not needed
2026-10-05 15:46:19,127 | INFO | fontTools.subset | GDEF subsetted
2026-10-05 15:46:19,136 | INFO | fontTools.subset | GPOS subsetted
2026-10-05 15:46:19,137 | INFO | fontTools.subset | GSUB subsetted
2026-10-05 15:46:19,137 | INFO | fontTools.subset | name subsetting not needed
2026-10-05 15:46:19,138 | INFO | fontTools.subset | glyf subsetted
2026-10-05 15:46:19,138 | INFO | fontTools.subset | head pruned
2026-10-05 15:46:19,139 | INFO | fontTools.subset | OS/2 Unicode ranges pruned: [0]
2026-10-05 15:46:19,139 | INFO | fontTools.subset | OS/2 CodePage ranges pruned: [0]
2026-10-05 15:46:19,139 | INFO | fontTools.subset | glyf pruned
2026-10-05 15:46:19,139 | INFO | fontTools.subset | GDEF pruned
2026-10-05 15:46:19,139 | INFO | fontTools.subset | GPOS pruned
2026-10-05 15:46:19,139 | INFO | fontTools.subset | GSUB pruned
2026-10-05 15:46:19,141 | INFO | fontTools.subset | name pruned
2026-10-05 15:46:19,144 | INFO | fontTools.subset | maxp pruned
2026-10-05 15:46:19,153 | INFO | fontTools.subset | cmap pruned
2026-10-05 15:46:19,153 | INFO | fontTools.subset | kern dropped
2026-10-05 15:46:19,153 | INFO | fontTools.subset | post pruned
2026-10-05 15:46:19,153 | INFO | fontTools.subset | FFTM dropped
2026-10-05 15:46:19,154 | INFO | fontTools.subset | GPOS pruned
2026-10-05 15:46:19,157 | INFO | fontTools.subset | GSUB pruned
2026-10-05 15:46:19,162 | INFO | fontTools.subset | glyf pruned
2026-10-05 15:46:19,163 | INFO | fontTools.subset | Added gid0 to subset
2026-10-05 15:46:19,163 | INFO | fontTools.subset | Added first four glyphs to subset
2026-10-05 15:46:19,163 | INFO | fontTools.subset | Closing glyph list over 'MATH': 43 glyphs before
2026-10-05 15:46:19,163 | INFO | fontTools.subset | Glyph names: ['.notdef', '.null', 'K', 'P', 'R', 'a', 'aacute', 'atilde', 'b', 'c', 'ccedilla', 'colon', 'd', 'e', 'ecircumflex', 'equal', 'five', 'four', 'g', 'h', 'i', 'j', 'k', 'l', 'm', 'n', 'nonmarkingreturn', 'o', 'oacute', 'one', 'p', 'parenleft', 'parenright', 'r', 's', 'slash', 'space', 't', 'three', 'two', 'u', 'v', 'zero']
2026-10-05 15:46:19,164 | INFO | fontTools.subset | Glyph IDs:   [0, 1, 2, 3, 11, 12, 18, 19, 20, 21, 22, 23, 24, 29, 32, 46, 51, 53, 68, 69, 70, 71, 72, 74, 75, 76, 77, 78, 79, 80, 81, 82, 83, 85, 86, 87, 88, 89, 163, 165, 169, 172, 181]
2026-10-05 15:46:19,164 | INFO | fontTools.subset | Closed glyph list over 'MATH': 49 glyphs after
2026-10-05 15:46:19,164 | INFO | fontTools.subset | Glyph names: ['.notdef', '.null', 'K', 'P', 'R', 'a', 'aacute', 'atilde', 'b', 'c', 'ccedilla', 'colon', 'd', 'e', 'ecircumflex', 'equal', 'five', 'four', 'g', 'h', 'i', 'j', 'k', 'l', 'm', 'n', 'nonmarkingreturn', 'o', 'oacute', 'one', 'p', 'parenleft', 'parenright', 'r', 's', 'slash', 'space', 't', 'three', 'two', 'u', 'uni239B', 'uni239C', 'uni239D', 'uni239E', 'uni239F', 'uni23A0', 'v', 'zero']
2026-10-05 15:46:19,165 | INFO | fontTools.subset | Glyph IDs:   [0, 1, 2, 3, 11, 12, 18, 19, 20, 21, 22, 23, 24, 29, 32, 46, 51, 53, 68, 69, 70, 71, 72, 74, 75, 76, 77, 78, 79, 80, 81, 82, 83, 85, 86, 87, 88, 89, 163, 165, 169, 172, 181, 3506, 3507, 3508, 3509, 3510, 3511]
2026-10-05 15:46:19,165 | INFO | fontTools.subset | Closing glyph list over 'GSUB': 49 glyphs before
2026-10-05 15:46:19,165 | INFO | fontTools.subset | Glyph names: ['.notdef', '.null', 'K', 'P', 'R', 'a', 'aacute', 'atilde', 'b', 'c', 'ccedilla', 'colon', 'd', 'e', 'ecircumflex', 'equal', 'five', 'four', 'g', 'h', 'i', 'j', 'k', 'l', 'm', 'n', 'nonmarkingreturn', 'o', 'oacute', 'one', 'p', 'parenleft', 'parenright', 'r', 's', 'slash', 'space', 't', 'three', 'two', 'u', 'uni239B', 'uni239C', 'uni239D', 'uni239E', 'uni239F', 'uni23A0', 'v', 'zero']
2026-10-05 15:46:19,165 | INFO | fontTools.subset | Glyph IDs:   [0, 1, 2, 3, 11, 12, 18, 19, 20, 21, 22, 23, 24, 29, 32, 46, 51, 53, 68, 69, 70, 71, 72, 74, 75, 76, 77, 78, 79, 80, 81, 82, 83, 85, 86, 87, 88, 89, 163, 165, 169, 172, 181, 3506, 3507, 3508, 3509, 3510, 3511]
2026-10-05 15:46:19,167 | INFO | fontTools.subset | Closed glyph list over 'GSUB': 49 glyphs after
2026-10-05 15:46:19,167 | INFO | fontTools.subset | Glyph names: ['.notdef', '.null', 'K', 'P', 'R', 'a', 'aacute', 'atilde', 'b', 'c', 'ccedilla', 'colon', 'd', 'e', 'ecircumflex', 'equal', 'five', 'four', 'g', 'h', 'i', 'j', 'k', 'l', 'm', 'n', 'nonmarkingreturn', 'o', 'oacute', 'one', 'p', 'parenleft', 'parenright', 'r', 's', 'slash', 'space', 't', 'three', 'two', 'u', 'uni239B', 'uni239C', 'uni239D', 'uni239E', 'uni239F', 'uni23A0', 'v', 'zero']
2026-10-05 15:46:19,168 | INFO | fontTools.subset | Glyph IDs:   [0, 1, 2, 3, 11, 12, 18, 19, 20, 21, 22, 23, 24, 29, 32, 46, 51, 53, 68, 69, 70, 71, 72, 74, 75, 76, 77, 78, 79, 80, 81, 82, 83, 85, 86, 87, 88, 89, 163, 165, 169, 172, 181, 3506, 3507, 3508, 3509, 3510, 3511]
2026-10-05 15:46:19,168 | INFO | fontTools.subset | Closing glyph list over 'glyf': 49 glyphs before
2026-10-05 15:46:19,168 | INFO | fontTools.subset | Glyph names: ['.notdef', '.null', 'K', 'P', 'R', 'a', 'aacute', 'atilde', 'b', 'c', 'ccedilla', 'colon', 'd', 'e', 'ecircumflex', 'equal', 'five', 'four', 'g', 'h', 'i', 'j', 'k', 'l', 'm', 'n', 'nonmarkingreturn', 'o', 'oacute', 'one', 'p', 'parenleft', 'parenright', 'r', 's', 'slash', 'space', 't', 'three', 'two', 'u', 'uni239B', 'uni239C', 'uni239D', 'uni239E', 'uni239F', 'uni23A0', 'v', 'zero']
2026-10-05 15:46:19,168 | INFO | fontTools.subset | Glyph IDs:   [0, 1, 2, 3, 11, 12, 18, 19, 20, 21, 22, 23, 24, 29, 32, 46, 51, 53, 68, 69, 70, 71, 72, 74, 75, 76, 77, 78, 79, 80, 81, 82, 83, 85, 86, 87, 88, 89, 163, 165, 169, 172, 181, 3506, 3507, 3508, 3509, 3510, 3511]
2026-10-05 15:46:19,168 | INFO | fontTools.subset | Closed glyph list over 'glyf': 53 glyphs after
2026-10-05 15:46:19,168 | INFO | fontTools.subset | Glyph names: ['.notdef', '.null', 'K', 'P', 'R', 'a', 'aacute', 'acute', 'atilde', 'b', 'c', 'ccedilla', 'cedilla', 'circumflex', 'colon', 'd', 'e', 'ecircumflex', 'equal', 'five', 'four', 'g', 'h', 'i', 'j', 'k', 'l', 'm', 'n', 'nonmarkingreturn', 'o', 'oacute', 'one', 'p', 'parenleft', 'parenright', 'r', 's', 'slash', 'space', 't', 'three', 'tilde', 'two', 'u', 'uni239B', 'uni239C', 'uni239D', 'uni239E', 'uni239F', 'uni23A0', 'v', 'zero']
2026-10-05 15:46:19,168 | INFO | fontTools.subset | Glyph IDs:   [0, 1, 2, 3, 11, 12, 18, 19, 20, 21, 22, 23, 24, 29, 32, 46, 51, 53, 68, 69, 70, 71, 72, 74, 75, 76, 77, 78, 79, 80, 81, 82, 83, 85, 86, 87, 88, 89, 118, 122, 163, 165, 169, 172, 181, 648, 670, 3506, 3507, 3508, 3509, 3510, 3511]
2026-10-05 15:46:19,168 | INFO | fontTools.subset | Retaining 53 glyphs
2026-10-05 15:46:19,169 | INFO | fontTools.subset | head subsetting not needed
2026-10-05 15:46:19,169 | INFO | fontTools.subset | hhea subsetting not needed
2026-10-05 15:46:19,169 | INFO | fontTools.subset | maxp subsetting not needed
2026-10-05 15:46:19,169 | INFO | fontTools.subset | OS/2 subsetting not needed
2026-10-05 15:46:19,173 | INFO | fontTools.subset | hmtx subsetted
2026-10-05 15:46:19,175 | INFO | fontTools.subset | cmap subsetted
2026-10-05 15:46:19,175 | INFO | fontTools.subset | fpgm subsetting not needed
2026-10-05 15:46:19,175 | INFO | fontTools.subset | prep subsetting not needed
2026-10-05 15:46:19,175 | INFO | fontTools.subset | cvt  subsetting not needed
2026-10-05 15:46:19,175 | INFO | fontTools.subset | loca subsetting not needed
2026-10-05 15:46:19,175 | INFO | fontTools.subset | post subsetted
2026-10-05 15:46:19,175 | INFO | fontTools.subset | gasp subsetting not needed
2026-10-05 15:46:19,175 | INFO | fontTools.subset | MATH subsetted
2026-10-05 15:46:19,177 | INFO | fontTools.subset | GDEF subsetted
2026-10-05 15:46:19,193 | INFO | fontTools.subset | GPOS subsetted
2026-10-05 15:46:19,194 | INFO | fontTools.subset | GSUB subsetted
2026-10-05 15:46:19,194 | INFO | fontTools.subset | name subsetting not needed
2026-10-05 15:46:19,196 | INFO | fontTools.subset | glyf subsetted
2026-10-05 15:46:19,196 | INFO | fontTools.subset | head pruned
2026-10-05 15:46:19,197 | INFO | fontTools.subset | OS/2 Unicode ranges pruned: [0, 1]
2026-10-05 15:46:19,197 | INFO | fontTools.subset | OS/2 CodePage ranges pruned: [0]
2026-10-05 15:46:19,197 | INFO | fontTools.subset | glyf pruned
2026-10-05 15:46:19,197 | INFO | fontTools.subset | GDEF pruned
2026-10-05 15:46:19,197 | INFO | fontTools.subset | GPOS pruned
2026-10-05 15:46:19,198 | INFO | fontTools.subset | GSUB pruned
2026-10-05 15:46:19,202 | INFO | fontTools.subset | name pruned
2026-10-05 15:46:19,209 | INFO | fontTools.subset | maxp pruned
2026-10-05 15:46:19,217 | INFO | fontTools.subset | cmap pruned
2026-10-05 15:46:19,218 | INFO | fontTools.subset | kern dropped
2026-10-05 15:46:19,218 | INFO | fontTools.subset | post pruned
2026-10-05 15:46:19,218 | INFO | fontTools.subset | FFTM dropped
2026-10-05 15:46:19,219 | INFO | fontTools.subset | GPOS pruned
2026-10-05 15:46:19,222 | INFO | fontTools.subset | GSUB pruned
2026-10-05 15:46:19,290 | INFO | fontTools.subset | glyf pruned
2026-10-05 15:46:19,291 | INFO | fontTools.subset | Added gid0 to subset
2026-10-05 15:46:19,291 | INFO | fontTools.subset | Added first four glyphs to subset
2026-10-05 15:46:19,291 | INFO | fontTools.subset | Closing glyph list over 'MATH': 6 glyphs before
2026-10-05 15:46:19,291 | INFO | fontTools.subset | Glyph names: ['.notdef', '.null', 'greaterequal', 'minus', 'nonmarkingreturn', 'space']
2026-10-05 15:46:19,292 | INFO | fontTools.subset | Glyph IDs:   [0, 1, 2, 3, 3228, 3311]
2026-10-05 15:46:19,292 | INFO | fontTools.subset | Closed glyph list over 'MATH': 6 glyphs after
2026-10-05 15:46:19,292 | INFO | fontTools.subset | Glyph names: ['.notdef', '.null', 'greaterequal', 'minus', 'nonmarkingreturn', 'space']
2026-10-05 15:46:19,292 | INFO | fontTools.subset | Glyph IDs:   [0, 1, 2, 3, 3228, 3311]
2026-10-05 15:46:19,292 | INFO | fontTools.subset | Closing glyph list over 'GSUB': 6 glyphs before
2026-10-05 15:46:19,293 | INFO | fontTools.subset | Glyph names: ['.notdef', '.null', 'greaterequal', 'minus', 'nonmarkingreturn', 'space']
2026-10-05 15:46:19,293 | INFO | fontTools.subset | Glyph IDs:   [0, 1, 2, 3, 3228, 3311]
2026-10-05 15:46:19,294 | INFO | fontTools.subset | Closed glyph list over 'GSUB': 6 glyphs after
2026-10-05 15:46:19,294 | INFO | fontTools.subset | Glyph names: ['.notdef', '.null', 'greaterequal', 'minus', 'nonmarkingreturn', 'space']
2026-10-05 15:46:19,294 | INFO | fontTools.subset | Glyph IDs:   [0, 1, 2, 3, 3228, 3311]
2026-10-05 15:46:19,294 | INFO | fontTools.subset | Closing glyph list over 'glyf': 6 glyphs before
2026-10-05 15:46:19,294 | INFO | fontTools.subset | Glyph names: ['.notdef', '.null', 'greaterequal', 'minus', 'nonmarkingreturn', 'space']
2026-10-05 15:46:19,294 | INFO | fontTools.subset | Glyph IDs:   [0, 1, 2, 3, 3228, 3311]
2026-10-05 15:46:19,294 | INFO | fontTools.subset | Closed glyph list over 'glyf': 6 glyphs after
2026-10-05 15:46:19,294 | INFO | fontTools.subset | Glyph names: ['.notdef', '.null', 'greaterequal', 'minus', 'nonmarkingreturn', 'space']
2026-10-05 15:46:19,295 | INFO | fontTools.subset | Glyph IDs:   [0, 1, 2, 3, 3228, 3311]
2026-10-05 15:46:19,295 | INFO | fontTools.subset | Retaining 6 glyphs
2026-10-05 15:46:19,295 | INFO | fontTools.subset | head subsetting not needed
2026-10-05 15:46:19,295 | INFO | fontTools.subset | hhea subsetting not needed
2026-10-05 15:46:19,295 | INFO | fontTools.subset | maxp subsetting not needed
2026-10-05 15:46:19,295 | INFO | fontTools.subset | OS/2 subsetting not needed
2026-10-05 15:46:19,299 | INFO | fontTools.subset | hmtx subsetted
2026-10-05 15:46:19,301 | INFO | fontTools.subset | cmap subsetted
2026-10-05 15:46:19,301 | INFO | fontTools.subset | fpgm subsetting not needed
2026-10-05 15:46:19,301 | INFO | fontTools.subset | prep subsetting not needed
2026-10-05 15:46:19,301 | INFO | fontTools.subset | cvt  subsetting not needed
2026-10-05 15:46:19,301 | INFO | fontTools.subset | loca subsetting not needed
2026-10-05 15:46:19,301 | INFO | fontTools.subset | post subsetted
2026-10-05 15:46:19,301 | INFO | fontTools.subset | gasp subsetting not needed
2026-10-05 15:46:19,301 | INFO | fontTools.subset | MATH subsetted
2026-10-05 15:46:19,303 | INFO | fontTools.subset | GDEF subsetted
2026-10-05 15:46:19,318 | INFO | fontTools.subset | GPOS subsetted
2026-10-05 15:46:19,318 | INFO | fontTools.subset | GSUB subsetted
2026-10-05 15:46:19,318 | INFO | fontTools.subset | name subsetting not needed
2026-10-05 15:46:19,320 | INFO | fontTools.subset | glyf subsetted
2026-10-05 15:46:19,320 | INFO | fontTools.subset | head pruned
2026-10-05 15:46:19,320 | INFO | fontTools.subset | OS/2 Unicode ranges pruned: [38]
2026-10-05 15:46:19,321 | INFO | fontTools.subset | OS/2 CodePage ranges pruned: [0]
2026-10-05 15:46:19,321 | INFO | fontTools.subset | glyf pruned
2026-10-05 15:46:19,321 | INFO | fontTools.subset | GDEF pruned
2026-10-05 15:46:19,321 | INFO | fontTools.subset | GPOS pruned
2026-10-05 15:46:19,321 | INFO | fontTools.subset | GSUB pruned
2026-10-05 15:46:19,322 | INFO | fontTools.subset | name pruned
2026-10-05 15:46:19,733 | INFO | fontTools.subset | maxp pruned
2026-10-05 15:46:19,742 | INFO | fontTools.subset | cmap pruned
2026-10-05 15:46:19,742 | INFO | fontTools.subset | kern dropped
2026-10-05 15:46:19,742 | INFO | fontTools.subset | post pruned
2026-10-05 15:46:19,742 | INFO | fontTools.subset | FFTM dropped
2026-10-05 15:46:19,744 | INFO | fontTools.subset | GPOS pruned
2026-10-05 15:46:19,746 | INFO | fontTools.subset | GSUB pruned
2026-10-05 15:46:19,752 | INFO | fontTools.subset | glyf pruned
2026-10-05 15:46:19,753 | INFO | fontTools.subset | Added gid0 to subset
2026-10-05 15:46:19,753 | INFO | fontTools.subset | Added first four glyphs to subset
2026-10-05 15:46:19,753 | INFO | fontTools.subset | Closing glyph list over 'MATH': 42 glyphs before
2026-10-05 15:46:19,753 | INFO | fontTools.subset | Glyph names: ['.notdef', '.null', 'C', 'a', 'agrave', 'atilde', 'c', 'ccedilla', 'd', 'e', 'ecircumflex', 'eight', 'five', 'four', 'g', 'h', 'i', 'j', 'l', 'm', 'n', 'nine', 'nonmarkingreturn', 'o', 'oacute', 'one', 'p', 'parenleft', 'parenright', 'percent', 'period', 'r', 's', 'seven', 'six', 'slash', 'space', 't', 'three', 'two', 'u', 'zero']
2026-10-05 15:46:19,753 | INFO | fontTools.subset | Glyph IDs:   [0, 1, 2, 3, 8, 11, 12, 17, 18, 19, 20, 21, 22, 23, 24, 25, 26, 27, 28, 38, 68, 70, 71, 72, 74, 75, 76, 77, 79, 80, 81, 82, 83, 85, 86, 87, 88, 162, 165, 169, 172, 181]
2026-10-05 15:46:19,754 | INFO | fontTools.subset | Closed glyph list over 'MATH': 48 glyphs after
2026-10-05 15:46:19,754 | INFO | fontTools.subset | Glyph names: ['.notdef', '.null', 'C', 'a', 'agrave', 'atilde', 'c', 'ccedilla', 'd', 'e', 'ecircumflex', 'eight', 'five', 'four', 'g', 'h', 'i', 'j', 'l', 'm', 'n', 'nine', 'nonmarkingreturn', 'o', 'oacute', 'one', 'p', 'parenleft', 'parenright', 'percent', 'period', 'r', 's', 'seven', 'six', 'slash', 'space', 't', 'three', 'two', 'u', 'uni239B', 'uni239C', 'uni239D', 'uni239E', 'uni239F', 'uni23A0', 'zero']
2026-10-05 15:46:19,754 | INFO | fontTools.subset | Glyph IDs:   [0, 1, 2, 3, 8, 11, 12, 17, 18, 19, 20, 21, 22, 23, 24, 25, 26, 27, 28, 38, 68, 70, 71, 72, 74, 75, 76, 77, 79, 80, 81, 82, 83, 85, 86, 87, 88, 162, 165, 169, 172, 181, 3506, 3507, 3508, 3509, 3510, 3511]
2026-10-05 15:46:19,754 | INFO | fontTools.subset | Closing glyph list over 'GSUB': 48 glyphs before
2026-10-05 15:46:19,754 | INFO | fontTools.subset | Glyph names: ['.notdef', '.null', 'C', 'a', 'agrave', 'atilde', 'c', 'ccedilla', 'd', 'e', 'ecircumflex', 'eight', 'five', 'four', 'g', 'h', 'i', 'j', 'l', 'm', 'n', 'nine', 'nonmarkingreturn', 'o', 'oacute', 'one', 'p', 'parenleft', 'parenright', 'percent', 'period', 'r', 's', 'seven', 'six', 'slash', 'space', 't', 'three', 'two', 'u', 'uni239B', 'uni239C', 'uni239D', 'uni239E', 'uni239F', 'uni23A0', 'zero']
2026-10-05 15:46:19,754 | INFO | fontTools.subset | Glyph IDs:   [0, 1, 2, 3, 8, 11, 12, 17, 18, 19, 20, 21, 22, 23, 24, 25, 26, 27, 28, 38, 68, 70, 71, 72, 74, 75, 76, 77, 79, 80, 81, 82, 83, 85, 86, 87, 88, 162, 165, 169, 172, 181, 3506, 3507, 3508, 3509, 3510, 3511]
2026-10-05 15:46:19,757 | INFO | fontTools.subset | Closed glyph list over 'GSUB': 48 glyphs after
2026-10-05 15:46:19,757 | INFO | fontTools.subset | Glyph names: ['.notdef', '.null', 'C', 'a', 'agrave', 'atilde', 'c', 'ccedilla', 'd', 'e', 'ecircumflex', 'eight', 'five', 'four', 'g', 'h', 'i', 'j', 'l', 'm', 'n', 'nine', 'nonmarkingreturn', 'o', 'oacute', 'one', 'p', 'parenleft', 'parenright', 'percent', 'period', 'r', 's', 'seven', 'six', 'slash', 'space', 't', 'three', 'two', 'u', 'uni239B', 'uni239C', 'uni239D', 'uni239E', 'uni239F', 'uni23A0', 'zero']
2026-10-05 15:46:19,757 | INFO | fontTools.subset | Glyph IDs:   [0, 1, 2, 3, 8, 11, 12, 17, 18, 19, 20, 21, 22, 23, 24, 25, 26, 27, 28, 38, 68, 70, 71, 72, 74, 75, 76, 77, 79, 80, 81, 82, 83, 85, 86, 87, 88, 162, 165, 169, 172, 181, 3506, 3507, 3508, 3509, 3510, 3511]
2026-10-05 15:46:19,757 | INFO | fontTools.subset | Closing glyph list over 'glyf': 48 glyphs before
2026-10-05 15:46:19,757 | INFO | fontTools.subset | Glyph names: ['.notdef', '.null', 'C', 'a', 'agrave', 'atilde', 'c', 'ccedilla', 'd', 'e', 'ecircumflex', 'eight', 'five', 'four', 'g', 'h', 'i', 'j', 'l', 'm', 'n', 'nine', 'nonmarkingreturn', 'o', 'oacute', 'one', 'p', 'parenleft', 'parenright', 'percent', 'period', 'r', 's', 'seven', 'six', 'slash', 'space', 't', 'three', 'two', 'u', 'uni239B', 'uni239C', 'uni239D', 'uni239E', 'uni239F', 'uni23A0', 'zero']
2026-10-05 15:46:19,757 | INFO | fontTools.subset | Glyph IDs:   [0, 1, 2, 3, 8, 11, 12, 17, 18, 19, 20, 21, 22, 23, 24, 25, 26, 27, 28, 38, 68, 70, 71, 72, 74, 75, 76, 77, 79, 80, 81, 82, 83, 85, 86, 87, 88, 162, 165, 169, 172, 181, 3506, 3507, 3508, 3509, 3510, 3511]
2026-10-05 15:46:19,757 | INFO | fontTools.subset | Closed glyph list over 'glyf': 53 glyphs after
2026-10-05 15:46:19,757 | INFO | fontTools.subset | Glyph names: ['.notdef', '.null', 'C', 'a', 'acute', 'agrave', 'atilde', 'c', 'ccedilla', 'cedilla', 'circumflex', 'd', 'e', 'ecircumflex', 'eight', 'five', 'four', 'g', 'grave', 'h', 'i', 'j', 'l', 'm', 'n', 'nine', 'nonmarkingreturn', 'o', 'oacute', 'one', 'p', 'parenleft', 'parenright', 'percent', 'period', 'r', 's', 'seven', 'six', 'slash', 'space', 't', 'three', 'tilde', 'two', 'u', 'uni239B', 'uni239C', 'uni239D', 'uni239E', 'uni239F', 'uni23A0', 'zero']
2026-10-05 15:46:19,758 | INFO | fontTools.subset | Glyph IDs:   [0, 1, 2, 3, 8, 11, 12, 17, 18, 19, 20, 21, 22, 23, 24, 25, 26, 27, 28, 38, 67, 68, 70, 71, 72, 74, 75, 76, 77, 79, 80, 81, 82, 83, 85, 86, 87, 88, 118, 122, 162, 165, 169, 172, 181, 648, 670, 3506, 3507, 3508, 3509, 3510, 3511]
2026-10-05 15:46:19,758 | INFO | fontTools.subset | Retaining 53 glyphs
2026-10-05 15:46:19,758 | INFO | fontTools.subset | head subsetting not needed
2026-10-05 15:46:19,758 | INFO | fontTools.subset | hhea subsetting not needed
2026-10-05 15:46:19,758 | INFO | fontTools.subset | maxp subsetting not needed
2026-10-05 15:46:19,758 | INFO | fontTools.subset | OS/2 subsetting not needed
2026-10-05 15:46:19,761 | INFO | fontTools.subset | hmtx subsetted
2026-10-05 15:46:19,763 | INFO | fontTools.subset | cmap subsetted
2026-10-05 15:46:19,763 | INFO | fontTools.subset | fpgm subsetting not needed
2026-10-05 15:46:19,763 | INFO | fontTools.subset | prep subsetting not needed
2026-10-05 15:46:19,763 | INFO | fontTools.subset | cvt  subsetting not needed
2026-10-05 15:46:19,763 | INFO | fontTools.subset | loca subsetting not needed
2026-10-05 15:46:19,763 | INFO | fontTools.subset | post subsetted
2026-10-05 15:46:19,763 | INFO | fontTools.subset | gasp subsetting not needed
2026-10-05 15:46:19,764 | INFO | fontTools.subset | MATH subsetted
2026-10-05 15:46:19,765 | INFO | fontTools.subset | GDEF subsetted
2026-10-05 15:46:19,781 | INFO | fontTools.subset | GPOS subsetted
2026-10-05 15:46:19,782 | INFO | fontTools.subset | GSUB subsetted
2026-10-05 15:46:19,782 | INFO | fontTools.subset | name subsetting not needed
2026-10-05 15:46:19,784 | INFO | fontTools.subset | glyf subsetted
2026-10-05 15:46:19,784 | INFO | fontTools.subset | head pruned
2026-10-05 15:46:19,784 | INFO | fontTools.subset | OS/2 Unicode ranges pruned: [0, 1]
2026-10-05 15:46:19,784 | INFO | fontTools.subset | OS/2 CodePage ranges pruned: [0]
2026-10-05 15:46:19,785 | INFO | fontTools.subset | glyf pruned
2026-10-05 15:46:19,785 | INFO | fontTools.subset | GDEF pruned
2026-10-05 15:46:19,785 | INFO | fontTools.subset | GPOS pruned
2026-10-05 15:46:19,785 | INFO | fontTools.subset | GSUB pruned
2026-10-05 15:46:19,788 | INFO | fontTools.subset | name pruned
2026-10-05 15:46:20,507 | INFO | fontTools.subset | maxp pruned
2026-10-05 15:46:20,516 | INFO | fontTools.subset | cmap pruned
2026-10-05 15:46:20,516 | INFO | fontTools.subset | kern dropped
2026-10-05 15:46:20,516 | INFO | fontTools.subset | post pruned
2026-10-05 15:46:20,516 | INFO | fontTools.subset | FFTM dropped
2026-10-05 15:46:20,517 | INFO | fontTools.subset | GPOS pruned
2026-10-05 15:46:20,520 | INFO | fontTools.subset | GSUB pruned
2026-10-05 15:46:20,527 | INFO | fontTools.subset | glyf pruned
2026-10-05 15:46:20,528 | INFO | fontTools.subset | Added gid0 to subset
2026-10-05 15:46:20,528 | INFO | fontTools.subset | Added first four glyphs to subset
2026-10-05 15:46:20,528 | INFO | fontTools.subset | Closing glyph list over 'MATH': 43 glyphs before
2026-10-05 15:46:20,528 | INFO | fontTools.subset | Glyph names: ['.notdef', '.null', 'P', 'a', 'atilde', 'b', 'c', 'ccedilla', 'd', 'e', 'eight', 'equal', 'five', 'four', 'g', 'h', 'i', 'iacute', 'k', 'l', 'm', 'n', 'nonmarkingreturn', 'o', 'oacute', 'one', 'p', 'parenleft', 'parenright', 'plus', 'r', 's', 'six', 'space', 't', 'three', 'two', 'u', 'uacute', 'v', 'x', 'z', 'zero']
2026-10-05 15:46:20,529 | INFO | fontTools.subset | Glyph IDs:   [0, 1, 2, 3, 11, 12, 14, 19, 20, 21, 22, 23, 24, 25, 27, 32, 51, 68, 69, 70, 71, 72, 74, 75, 76, 78, 79, 80, 81, 82, 83, 85, 86, 87, 88, 89, 91, 93, 165, 169, 175, 181, 188]
2026-10-05 15:46:20,529 | INFO | fontTools.subset | Closed glyph list over 'MATH': 49 glyphs after
2026-10-05 15:46:20,529 | INFO | fontTools.subset | Glyph names: ['.notdef', '.null', 'P', 'a', 'atilde', 'b', 'c', 'ccedilla', 'd', 'e', 'eight', 'equal', 'five', 'four', 'g', 'h', 'i', 'iacute', 'k', 'l', 'm', 'n', 'nonmarkingreturn', 'o', 'oacute', 'one', 'p', 'parenleft', 'parenright', 'plus', 'r', 's', 'six', 'space', 't', 'three', 'two', 'u', 'uacute', 'uni239B', 'uni239C', 'uni239D', 'uni239E', 'uni239F', 'uni23A0', 'v', 'x', 'z', 'zero']
2026-10-05 15:46:20,529 | INFO | fontTools.subset | Glyph IDs:   [0, 1, 2, 3, 11, 12, 14, 19, 20, 21, 22, 23, 24, 25, 27, 32, 51, 68, 69, 70, 71, 72, 74, 75, 76, 78, 79, 80, 81, 82, 83, 85, 86, 87, 88, 89, 91, 93, 165, 169, 175, 181, 188, 3506, 3507, 3508, 3509, 3510, 3511]
2026-10-05 15:46:20,530 | INFO | fontTools.subset | Closing glyph list over 'GSUB': 49 glyphs before
2026-10-05 15:46:20,530 | INFO | fontTools.subset | Glyph names: ['.notdef', '.null', 'P', 'a', 'atilde', 'b', 'c', 'ccedilla', 'd', 'e', 'eight', 'equal', 'five', 'four', 'g', 'h', 'i', 'iacute', 'k', 'l', 'm', 'n', 'nonmarkingreturn', 'o', 'oacute', 'one', 'p', 'parenleft', 'parenright', 'plus', 'r', 's', 'six', 'space', 't', 'three', 'two', 'u', 'uacute', 'uni239B', 'uni239C', 'uni239D', 'uni239E', 'uni239F', 'uni23A0', 'v', 'x', 'z', 'zero']
2026-10-05 15:46:20,530 | INFO | fontTools.subset | Glyph IDs:   [0, 1, 2, 3, 11, 12, 14, 19, 20, 21, 22, 23, 24, 25, 27, 32, 51, 68, 69, 70, 71, 72, 74, 75, 76, 78, 79, 80, 81, 82, 83, 85, 86, 87, 88, 89, 91, 93, 165, 169, 175, 181, 188, 3506, 3507, 3508, 3509, 3510, 3511]
2026-10-05 15:46:20,532 | INFO | fontTools.subset | Closed glyph list over 'GSUB': 49 glyphs after
2026-10-05 15:46:20,532 | INFO | fontTools.subset | Glyph names: ['.notdef', '.null', 'P', 'a', 'atilde', 'b', 'c', 'ccedilla', 'd', 'e', 'eight', 'equal', 'five', 'four', 'g', 'h', 'i', 'iacute', 'k', 'l', 'm', 'n', 'nonmarkingreturn', 'o', 'oacute', 'one', 'p', 'parenleft', 'parenright', 'plus', 'r', 's', 'six', 'space', 't', 'three', 'two', 'u', 'uacute', 'uni239B', 'uni239C', 'uni239D', 'uni239E', 'uni239F', 'uni23A0', 'v', 'x', 'z', 'zero']
2026-10-05 15:46:20,533 | INFO | fontTools.subset | Glyph IDs:   [0, 1, 2, 3, 11, 12, 14, 19, 20, 21, 22, 23, 24, 25, 27, 32, 51, 68, 69, 70, 71, 72, 74, 75, 76, 78, 79, 80, 81, 82, 83, 85, 86, 87, 88, 89, 91, 93, 165, 169, 175, 181, 188, 3506, 3507, 3508, 3509, 3510, 3511]
2026-10-05 15:46:20,533 | INFO | fontTools.subset | Closing glyph list over 'glyf': 49 glyphs before
2026-10-05 15:46:20,533 | INFO | fontTools.subset | Glyph names: ['.notdef', '.null', 'P', 'a', 'atilde', 'b', 'c', 'ccedilla', 'd', 'e', 'eight', 'equal', 'five', 'four', 'g', 'h', 'i', 'iacute', 'k', 'l', 'm', 'n', 'nonmarkingreturn', 'o', 'oacute', 'one', 'p', 'parenleft', 'parenright', 'plus', 'r', 's', 'six', 'space', 't', 'three', 'two', 'u', 'uacute', 'uni239B', 'uni239C', 'uni239D', 'uni239E', 'uni239F', 'uni23A0', 'v', 'x', 'z', 'zero']
2026-10-05 15:46:20,533 | INFO | fontTools.subset | Glyph IDs:   [0, 1, 2, 3, 11, 12, 14, 19, 20, 21, 22, 23, 24, 25, 27, 32, 51, 68, 69, 70, 71, 72, 74, 75, 76, 78, 79, 80, 81, 82, 83, 85, 86, 87, 88, 89, 91, 93, 165, 169, 175, 181, 188, 3506, 3507, 3508, 3509, 3510, 3511]
2026-10-05 15:46:20,533 | INFO | fontTools.subset | Closed glyph list over 'glyf': 53 glyphs after
2026-10-05 15:46:20,533 | INFO | fontTools.subset | Glyph names: ['.notdef', '.null', 'P', 'a', 'acute', 'atilde', 'b', 'c', 'ccedilla', 'cedilla', 'd', 'dotlessi', 'e', 'eight', 'equal', 'five', 'four', 'g', 'h', 'i', 'iacute', 'k', 'l', 'm', 'n', 'nonmarkingreturn', 'o', 'oacute', 'one', 'p', 'parenleft', 'parenright', 'plus', 'r', 's', 'six', 'space', 't', 'three', 'tilde', 'two', 'u', 'uacute', 'uni239B', 'uni239C', 'uni239D', 'uni239E', 'uni239F', 'uni23A0', 'v', 'x', 'z', 'zero']
2026-10-05 15:46:20,533 | INFO | fontTools.subset | Glyph IDs:   [0, 1, 2, 3, 11, 12, 14, 19, 20, 21, 22, 23, 24, 25, 27, 32, 51, 68, 69, 70, 71, 72, 74, 75, 76, 78, 79, 80, 81, 82, 83, 85, 86, 87, 88, 89, 91, 93, 118, 122, 165, 169, 175, 181, 188, 243, 670, 3506, 3507, 3508, 3509, 3510, 3511]
2026-10-05 15:46:20,533 | INFO | fontTools.subset | Retaining 53 glyphs
2026-10-05 15:46:20,534 | INFO | fontTools.subset | head subsetting not needed
2026-10-05 15:46:20,534 | INFO | fontTools.subset | hhea subsetting not needed
2026-10-05 15:46:20,534 | INFO | fontTools.subset | maxp subsetting not needed
2026-10-05 15:46:20,534 | INFO | fontTools.subset | OS/2 subsetting not needed
2026-10-05 15:46:20,537 | INFO | fontTools.subset | hmtx subsetted
2026-10-05 15:46:20,539 | INFO | fontTools.subset | cmap subsetted
2026-10-05 15:46:20,539 | INFO | fontTools.subset | fpgm subsetting not needed
2026-10-05 15:46:20,539 | INFO | fontTools.subset | prep subsetting not needed
2026-10-05 15:46:20,539 | INFO | fontTools.subset | cvt  subsetting not needed
2026-10-05 15:46:20,539 | INFO | fontTools.subset | loca subsetting not needed
2026-10-05 15:46:20,539 | INFO | fontTools.subset | post subsetted
2026-10-05 15:46:20,539 | INFO | fontTools.subset | gasp subsetting not needed
2026-10-05 15:46:20,539 | INFO | fontTools.subset | MATH subsetted
2026-10-05 15:46:20,541 | INFO | fontTools.subset | GDEF subsetted
2026-10-05 15:46:20,556 | INFO | fontTools.subset | GPOS subsetted
2026-10-05 15:46:20,558 | INFO | fontTools.subset | GSUB subsetted
2026-10-05 15:46:20,558 | INFO | fontTools.subset | name subsetting not needed
2026-10-05 15:46:20,559 | INFO | fontTools.subset | glyf subsetted
2026-10-05 15:46:20,559 | INFO | fontTools.subset | head pruned
2026-10-05 15:46:20,560 | INFO | fontTools.subset | OS/2 Unicode ranges pruned: [0, 1]
2026-10-05 15:46:20,560 | INFO | fontTools.subset | OS/2 CodePage ranges pruned: [0]
2026-10-05 15:46:20,560 | INFO | fontTools.subset | glyf pruned
2026-10-05 15:46:20,560 | INFO | fontTools.subset | GDEF pruned
2026-10-05 15:46:20,561 | INFO | fontTools.subset | GPOS pruned
2026-10-05 15:46:20,561 | INFO | fontTools.subset | GSUB pruned
2026-10-05 15:46:20,565 | INFO | fontTools.subset | name pruned
2026-10-05 15:46:20,601 | INFO | gender_networks.report | Relatório: 35 de 35 itens gerados, 23 macros em numeros.tex (outputs/experiment/mini/relatorio)
2026-10-05 15:46:23,427 | INFO | gender_networks.cli | Etapa report concluída em 14.1 s
